feature_1,feature_2,feature_3,feature_4,feature_5,feature_6,feature_7,feature_8,target,city_level
-0.01965001220148896,-0.2547694995482265,-1.9502733360751252,1.5364102806294204,0.3483250891955306,-0.011254213776381583,2.483989522003054,1.4971524378222147,1,Tier2
0.9205737054833188,-1.1390525370530211,-1.9644700875338443,1.5677112147551204,2.4147401162260973,0.8351239732046492,3.6715394198944855,-1.0065245909748848,1,Tier3
0.10612440721318038,0.28791924639713085,-0.3967263739150817,0.9263800801715698,0.31141294196734814,-0.802185044222621,0.26928570677618746,0.09835970884425604,0,Tier2
-1.1693454637658045,1.9017753060447364,-1.808672981488775,1.0761209851005167,2.0224217217666975,3.0086357352488386,4.744049894774467,2.635903341541582,0,Tier2
0.6707183224357742,-0.9074896659983407,-0.8187322580222187,0.10625277608483596,-0.9471810371437568,3.287415861209169,3.0175371799059736,2.0849663336707174,1,Tier3
0.9251642928846124,1.0270165079623612,-0.18230525214529103,-2.1237724782376954,2.1972836517340752,-1.599108049145416,-1.690137906556672,-1.5431145599042635,1,Tier3
-0.342004268275726,-2.4927723241479973,-4.542281872404779,3.1396921802981783,2.393376462130642,1.4870640263350536,7.135346158700017,0.766809533762594,1,Tier2
0.6675089224817384,-1.453766471078401,-4.995919870551074,2.9746795813238194,3.102344336988238,-1.0105708360017909,5.663574163928036,0.654095938156895,1,Tier3
1.2824920372746025,0.25251889943076744,-0.28212300670250645,-2.802980711312725,0.3488264881616149,1.6660429996996138,0.09151979987240422,0.7721374623786821,0,Tier3
-0.2814631750493462,0.02867993366816568,0.4837601644163563,-0.5962748535025783,0.3780082919009191,-0.9231713540152078,-1.319309828266853,-1.160103010347267,0,Tier2
0.21265508171988973,2.67431365829907,3.0535788749886303,-1.8770133874792339,-3.83239597390189,-1.0559615302645255,-5.275685484467347,2.517343757262134,0,Tier3
0.5304587899390387,0.5162545254385533,-4.168853368004676,1.587720194648476,2.4407959394452208,1.7359924122541899,6.119663888103144,3.09236488170016,0,Tier3
0.480882653933827,2.170875152562173,-3.219962114922502,-1.4323044241833895,4.417138683317798,2.1298206918114206,4.471143144647,1.785345338975906,0,Tier3
-1.5854006369390417,0.321256770931877,-0.35061475850132506,-0.6299243509217376,-1.1940278826024775,-3.4180305982722006,-2.9276898307000607,0.6956195302923782,0,Tier2
-1.4318006060395643,2.5590467070824903,2.197819924229978,-0.23946708197611677,-0.5153433006881631,-0.7077799255966712,-2.659092146940978,0.19153726007566685,0,Tier2
0.102208999741308,-0.4079881512776873,0.6025207311386507,0.1959340909868772,0.6851429410148131,-1.800376206188779,-1.5770504018631097,-2.2748908171531372,1,Tier2
-1.1624189639290536,-0.4537601925948982,-2.1230287176598885,-3.000747803656027,4.104626552039284,-3.914405773500972,-1.821123891951923,-3.4017859569756292,1,Tier2
0.3223703997275838,2.8811351914287995,3.026563442658241,-0.7386479525976459,-1.3241328318922942,0.5459125419427509,-2.851467988602197,0.8027381794532702,1,Tier3
-1.757472622092309,2.3795792863622607,-1.868408664599168,-0.026457223911632965,1.0196311231200341,3.0979760957878297,4.026889717882514,4.144284639513708,0,Tier1
-0.28358716021938346,-2.8035423299629487,-5.309626481595042,2.763106273460695,3.928322775428453,0.7559006323088603,7.384425385035016,-0.42415565446100967,1,Tier2
0.06828327593863867,-1.5900347475584817,-3.356029675160292,1.5936653990930103,0.65841565342866,0.8873012039810853,4.457961177155413,1.8105606897795723,1,Tier2
-0.6892325721353322,1.8131413881017315,1.228409328200881,-2.167941610858171,1.4496672636830623,-1.67747634990362,-3.127009459845799,-1.6499749384473035,1,Tier2
-2.0035304194121597,0.23400187736644928,-0.3500630197546539,-2.071617347984687,-1.296635853129968,-0.7106272317567696,-1.6583606553690378,1.6344512005990857,0,Tier1
0.36698575655102667,1.9262406818624438,-3.009354615069012,-0.29785413827615126,2.2932420903153083,2.7307449570988105,4.854453457641852,3.600738204021982,0,Tier3
0.7003694696476837,0.998079033405741,0.14285460337032507,-0.7542658472650787,1.1160945202360602,-0.2786923211893173,-0.49063840219323285,-0.4392410040253929,1,Tier3
1.2107755219347964,3.9338049205240493,3.312043516209439,-0.7520720185476588,1.8201967025228403,-0.34866553797540845,-3.054747833442013,-1.9318311435394926,0,Tier3
2.0952885111185133,-0.12721734442188604,-0.8780141133651138,-4.443880652304177,-1.9785293201392071,-0.5464155678499953,-2.5026001825887567,2.6257040867500647,0,Tier4
-0.7642534049257304,0.1803591280047835,-0.6115578966107046,-0.5917792838981535,0.3340868826247312,-0.3431711775155484,0.0018087430175139918,0.38084794920447607,0,Tier2
0.6833588234970358,3.296640477567734,2.4485436240250698,-1.5066484997769962,-0.10411891836663689,0.8502585630373252,-2.2762068007995624,0.7097251517967811,1,Tier3
0.6418107560002312,-0.4174071281898357,-4.818983347816539,4.755413928230089,0.703061526926474,-2.389749051884461,4.809801986829595,3.24498658940909,1,Tier3
-0.0660784330903093,1.5356017605239374,6.698503960050607,1.4526000317679753,-2.2402518204602235,-1.8100548358267354,-6.657169578415663,-4.231620636031558,1,Tier2
-0.049429040207482726,1.845136629790383,1.5967352670050976,-0.6713674706181665,-2.1552383501549244,-3.1572803106670007,-4.618237912464444,0.9907382782963525,0,Tier2
0.028818713528359484,3.2629220893775743,0.190178642233934,-1.8297950001224677,2.4716221938189795,1.2934227411269354,0.3469397535852474,0.7330893648120259,0,Tier2
-0.09086768085739949,-2.1997178892597535,-1.1818174295188886,1.260493264360354,-0.6382924480762724,5.686713157543201,5.8524502713357744,1.80909463153447,1,Tier2
-0.5210292768318966,0.8736067474428879,0.23478176784744564,-2.2510831777514766,-1.0893685360649445,-1.0219979354449673,-2.4369492437698996,1.2733315895689454,0,Tier2
0.36984069075304565,2.602453410082761,0.631570395465305,-0.8896858431814096,1.0346375252326274,-0.4015640474208182,-1.1232983276670954,0.502152487438712,0,Tier3
-0.1864599430161923,-0.03979702678342112,-0.46541729750381045,-0.5340150112883822,-1.1916516367026693,-1.1064414278456935,-1.0209302962702518,1.2628028426363427,0,Tier2
-1.7704339025362246,1.1873370112959047,-1.2507576551269324,-2.041352686360384,1.1719187262230257,3.647735947054846,2.951118014991099,2.4840448350660043,0,Tier1
1.555338239475078,1.6591033027274822,0.610323929915682,-0.4992670324348878,0.3158193035164839,0.3248202244635032,-0.4917810839704191,0.6256196102463605,1,Tier3
0.3717821000782752,-0.14650946783227503,-1.5437993903370617,-0.07205495600576017,1.281346050973858,-0.45869947208839057,1.184597337100428,0.11904483943163346,1,Tier3
0.3255795308747585,0.15131383886810013,-0.6314939949176381,-2.0836986467889753,-0.763852240598921,-0.29913744094797967,-0.9940436783127584,1.4792507115062878,0,Tier3
-0.281538610157381,-1.4932553074821986,-4.429312024050404,1.5140817624362697,2.097542931123537,-0.018737181642127565,4.945433699122036,1.3400785724034168,1,Tier2
0.30784383291718953,0.1305115673506878,0.7345205636878012,0.18785573865333627,-0.2960843883811468,1.4033487967985652,0.48742489210315254,0.08360902832782324,1,Tier3
-0.1366106534676014,1.6871144492314822,-0.632825723199715,-3.117950255050935,2.35014459002313,-1.9602862293822947,-2.1033078264606355,-0.7332447264198395,1,Tier2
-0.8419765290621017,0.21019379751865963,-0.42955279648430233,0.06403888974942662,-0.6011766908230235,-2.6423429257731677,-1.76604289136961,0.3529618938621104,0,Tier2
0.5224641173900957,0.48881055280039387,-1.917983437418104,-1.0317691701646934,2.2667801270728853,-0.3082310931899881,1.313331938956571,0.18306338464001692,1,Tier3
-1.0717180793482237,1.9487384010146496,1.2236347088491895,-1.6842342851352532,0.7174550971654361,-0.41753018259959473,-2.0923847951643477,-0.39743503595840846,1,Tier2
1.6998196379523638,-0.23117436149073978,0.9032596000428681,-2.17030528856649,-1.852569391818479,2.7559105335419574,-0.22620555020906719,1.5774254044022513,1,Tier3
-0.039567825797951574,-1.5360687555403802,-2.1795637397000736,-3.395085728104829,-2.01422464588444,0.12641507872977598,-0.3425329800893826,3.012958076100825,0,Tier2
0.7060941340718802,1.065425177844972,1.043893119208007,-0.8470009148021485,0.0943368203914896,-0.37865868213238096,-1.5959902160978423,-0.3783562266331173,1,Tier3
0.4517422157590722,1.063648127692168,0.5015029170912705,-0.5925530810412174,-0.77865788197371,-1.6476682012409773,-2.1875104952674795,0.6264127586759433,0,Tier3
-0.6911966267469493,-0.012501381424516289,-1.975379568559581,-3.8115250738261377,2.0208257775922474,0.7017777619866499,0.6187284858282447,0.40779858366835087,0,Tier2
1.681588375924964,-1.2449869127811166,-2.030535639970155,1.8180732111257885,2.711968926181862,1.1133831368106344,4.141974244870479,-1.2302170920224347,1,Tier3
-1.1390428885780886,-0.9672796872584977,1.7460986609766578,2.146887497766543,-0.6804255459078741,-1.5974934922279314,-1.637379538886993,-2.6173789796721607,1,Tier2
-1.9836340926863736,2.9691417391468575,-0.606540581454774,-3.1589219553002477,2.0084647649487644,0.02920701058649211,-0.7605319132286958,1.3711516668550772,1,Tier1
-1.1501688401667924,-0.29501409538958345,-0.75926739731958,-0.8269259779904345,0.7961735297423569,0.6619887524975212,0.8844755558121373,0.0031471025175350276,0,Tier2
-1.0638849116799036,-0.2175768837662515,1.5908038673955365,1.1452673885090365,0.41838059270080197,-1.4840734485371874,-1.7141590434978098,-2.8082216064574084,1,Tier2
-0.820867267409795,-0.8279341445785258,-3.2894461259656613,-0.0073444772551432,1.2653327554290463,-0.606969881959029,2.5494957966621246,1.3459398405198204,1,Tier2
0.2028933792661254,0.25521580574402636,0.581857658742905,0.8578783102208574,0.660455453131065,-0.3891679652350717,-0.169295353589754,-1.1789971407230961,0,Tier3
0.03760944630373803,2.628012808547018,1.1320178854497196,-0.46681684641604115,0.5802778677568229,0.5380989159914988,-0.7064900294981373,0.740315328591642,0,Tier2
1.2507886953628862,0.5510065237973827,-0.11603169564733207,-0.963904079943378,-0.4384720639996209,-0.5860058442648732,-0.9778340191914829,0.8571066692442011,0,Tier3
-1.8573189505197714,2.7544324002700895,2.524901473974638,-0.6491898511651834,-1.2674917880971148,-0.7049323537300343,-3.324590084253348,0.7545296686032482,0,Tier1
0.6353644611714051,-1.0817687617484246,-1.7776524658931718,-1.6836950921516802,-0.06547794160025089,0.237741523080782,0.7635239721238011,1.1029526231040643,0,Tier3
0.9909616123926529,2.253377099298347,-1.7769153933687916,-4.257238358472542,3.42802661806271,-0.7481774302241662,-0.6121209009715667,0.35727461693827545,1,Tier3
-0.6826060722180601,-1.8137766388829142,-4.043506800068029,0.39907017325805794,1.3312714355092417,1.0094513545908974,4.649850967808564,1.745368098447822,1,Tier2
-0.1497862171201022,-2.311097809530093,-1.0417832201333308,-0.31797477548366637,1.4640872318471967,4.410152427698859,4.443197918296164,-0.8953637406267541,1,Tier2
-0.8658042625918827,-0.6895684502125705,-1.8128316862944454,0.5618364707706387,2.272128317920358,0.28815134607531034,2.555997825905586,-0.8006733490887408,1,Tier2
-0.7080770729458538,-0.22327873825051503,-0.9159670406366505,0.9873898965035595,-0.7616455872736687,1.0227834675501877,1.8685668636335588,1.8520555838380228,1,Tier2
-0.6645818159304667,2.1438692460491087,0.45854325525197526,-3.0127334434025586,2.76543011920627,-0.26356215157153695,-1.5697492769969728,-1.3368358510631078,0,Tier2
-0.29444944702490183,-2.337576452620067,-3.7236267567674615,1.4012869502015515,0.729424603664078,2.46282444485896,5.890236484768831,1.9968391926443287,1,Tier2
-0.12910270847372343,2.5001475814562317,1.920249385717531,-0.45600795116312653,-0.1126740651491448,-1.3335745100886682,-2.9228404150157266,-0.1621466895596526,0,Tier2
-0.08352567618569602,2.589359018250275,2.2072974714389964,-1.6432821858038578,-1.0515976895717103,-0.7702886204530595,-3.58164945746968,0.7269749632874409,0,Tier2
-1.6450972541397806,1.8918144009063458,2.7415937903380407,-2.3261333512981563,-0.47066423111747535,0.3136679389410896,-3.396927614599613,-0.6613246354319933,0,Tier2
-0.3161792525756171,1.5916483830252537,0.6025389030549719,-0.8750424772990212,0.5789461346186516,0.49068991058766764,-0.4930275550531492,0.37703416400875334,1,Tier2
0.0015093991782153475,-1.0205654025035231,-1.5865412833255503,-0.2971143949276567,0.1424738260313706,2.4642985350633264,3.07130933470071,1.4739120677329332,1,Tier2
-1.124634439627607,4.046061756487802,3.695133804196334,0.5571474962050225,-0.3472644610339898,-2.6142653212393805,-4.912744906461279,-0.8964253785602851,0,Tier2
-1.6234784747561903,3.352710974568966,0.840219119749825,-2.783956776390053,1.6506056580224835,0.279142773280473,-1.6524181913161864,0.5926670154205258,1,Tier2
-0.43761802428654,-1.5174925987249233,-5.990538405805127,1.861892064665024,2.092917838264705,-1.2661700486671092,5.458598392713599,2.5732289953869527,1,Tier2
-0.4090685863233753,1.0732799898530252,-1.1252213235151995,-0.7248914144759695,1.462076821546662,1.4362872214516462,1.939302285740205,1.2152170846758121,0,Tier2
-0.2005728328917318,2.939419598647219,-1.9130974810462371,-0.8997824901880112,3.081072210216278,2.1359148953962475,3.3474102883952668,2.3690362405007668,0,Tier2
0.1109447982453347,1.6810940572422686,1.07526927341452,-2.395851429336002,-0.5509074770618339,0.4327887280250642,-1.9949463426400178,1.0515363988227837,0,Tier2
0.7531941940567736,2.5683701707733393,3.0396409589194118,-1.5620968621945923,0.059911613249538864,-0.7519517969546234,-3.9400830004683067,-1.2601506469557697,1,Tier3
-1.4276650104675974,-0.17989834724136,0.4371722786827683,-0.8687464188651096,-0.049198110192328226,-0.1253332807094767,-0.9154960923964395,-0.6104014752113174,0,Tier2
1.4658451589835841,-0.19571359744998018,-2.272851867941746,0.44063081004786986,-0.36679275930273914,-0.14472923840611696,1.8976850351541563,2.560256587869727,1,Tier3
-1.2225973479885914,0.49372712653600326,0.1819238372549905,1.762920194846401,-1.4221946412517497,-4.115116895359767,-2.690334275900817,0.2421102725553076,0,Tier2
-0.6561907366361542,-0.7170245873886798,-3.144062059421355,1.8900292338368043,0.8669244859245918,-0.2961060643789877,3.5670495930057284,1.75849040104518,1,Tier2
0.4633561570182974,1.3224875356527142,-1.1811518212738008,0.4286474358657497,1.5458489789936247,0.7651547483518395,2.096201685545672,1.1778210327978658,0,Tier3
1.9139128463736548,1.2100948910404292,1.0127167218585096,-1.6862967139243432,-1.7050554966559313,0.5394117486981513,-1.7491526476676826,1.8530780938378046,0,Tier3
2.174837707063181,-3.1526740371456725,-6.267788134120853,0.7371081995413226,4.065301240389905,0.45910671522680013,6.918927695424776,0.08184208857963271,1,Tier4
-0.8088451508609211,-1.7762258744779178,-2.1308143682889824,-1.2933101986949433,-1.8896449577702708,0.9270994029232196,1.367705752208235,2.867677633733918,0,Tier2
-0.1636254487730873,1.6962500092771249,-0.048340360433550056,0.828109257139948,0.8321214702879296,1.6473040754393202,1.8681990221063711,1.2830959606055297,0,Tier2
-1.0000807425869997,-0.5876024827813149,-2.0058207973072237,-0.8815424322181078,2.354101437493918,-2.1202565629710697,0.14594195020211975,-1.3673446383611232,1,Tier2
0.44148803926035224,2.7041827004799197,0.7228791417142724,-1.6628541654642588,0.9171998531938339,0.6040544517110771,-0.8743862805722467,0.9526578231446434,1,Tier3
0.42251814434160273,1.0084223773417162,1.1138732005728615,-1.259735934862031,1.5068038214462298,-1.4960790521606526,-2.3793589949881135,-2.247696523020102,1,Tier3
1.594102320009313,2.592794931534721,0.6099406199601294,-2.683861524246101,1.1766436254765167,-0.378290328463567,-1.998597886523301,0.4070425307661283,1,Tier3
0.7935841176691436,-3.8170964273660166,-7.75669629809334,4.118105259699003,3.4761121865667874,1.1151659363840138,10.292610907767394,1.8366955979048658,1,Tier3
-1.2975681295405261,-1.8516367019682103,-1.3972580823085403,0.013382440418316266,1.9587526571686105,-3.042092185549765,-0.632825983034534,-3.07082680858919,1,Tier2
1.6739581096660563,1.070006245381518,-1.6060845259583756,-1.025625541936432,1.03299028112275,1.8638984147299316,2.3957217390038164,2.2904148161363747,0,Tier3
-0.09298240734595058,0.9324034452380985,-1.6308540490261307,0.38300680864868153,1.672608258258557,0.9210016498666781,2.5997309248839,1.2411069841534657,0,Tier2
0.525545680190085,-2.090880872649911,-5.129817264596403,2.7885890562621993,3.151160784259638,0.39180032939923026,6.768442108148074,0.6525708048350751,1,Tier3
-0.7201020157788871,0.9958860136619263,0.588869558750279,-0.7895823287027857,1.2517455430901014,-0.6794278400834022,-1.1447268967284003,-1.183002914786294,1,Tier2
0.3109404457666454,-1.1727077274364275,-1.33247435764783,-2.523939737317203,-3.0757227432326952,0.7983653726068727,-0.33033714805692505,3.67815435807309,0,Tier3
-1.3263766461762694,0.8614002977685417,0.20699856046568116,0.732735997345368,0.3783945403089568,-0.29258481470495346,0.05830795517469861,0.06821644397508164,0,Tier2
1.2968796713609954,1.1269544392276822,3.648358349024445,0.5496164976776647,-1.4300417204038647,-0.5590322766419866,-3.488647441715278,-1.6975478832051552,1,Tier3
-1.3744301068469618,-0.5064904464785145,-1.202604267629113,0.16624670747580117,-0.6558786612983916,-2.2361478820055494,-0.7639489118030196,0.7305100929059885,0,Tier2
1.8470672178884158,1.2719120835561628,4.3538731875252985,2.0299428211933805,-2.85667229638569,0.36862310264156006,-2.9264059231039523,-0.6409147885109563,1,Tier3
0.6340766610392347,-0.05217452124650657,-0.9192885234566804,0.02046562319356937,0.9402625644744229,0.38069946472378446,1.2749914110186864,0.1457127764595949,0,Tier3
0.17194140317400342,1.1487116543638118,0.42877234936381226,-4.233385293928128,-1.3736245300952303,0.14993289417071543,-2.8275729463070323,2.0000844311351313,0,Tier3
-1.19769935087518,1.0115471596317562,-0.20829232841044862,-1.2239322432424962,0.2525635065284877,3.0792075607830762,1.8864528985800069,1.9117229046410653,0,Tier2
0.8408189056757108,-0.3728380221508161,-0.4513316441993138,0.4946262386216316,-1.995181752972254,-0.3652916925462717,-0.11012857513829077,1.9700627226453478,0,Tier3
1.239733307978622,0.9055494772184942,0.42643566373418373,-0.8663830578081816,0.3916332373400703,0.030761935340083424,-0.7161899127619163,-0.013818199008517773,0,Tier3
-1.5339193555362345,2.464767643756861,-2.206250242744756,1.9293009510606298,1.5577811770983978,1.3063839101604184,4.100868273215898,3.4377613949694514,0,Tier2
-1.5966598015238114,-0.49253016523382553,-2.0918901795581326,0.8149726210008269,1.0117305219545139,-0.12016880126805485,2.302344619356309,0.7628945083377969,1,Tier2
1.8253414656306106,2.880269509827948,2.434015736314975,-0.12548035359342247,0.7128234656463628,1.2939675233418089,-0.9940637596643922,-0.3096347822277663,0,Tier3
-1.2578405560053199,1.6306844172030623,-0.9487653811838617,-1.5808303700742954,2.0466651588686195,0.6389359404895525,0.8622493776282973,0.6961663153663015,0,Tier2
-0.14057444122984536,2.739149403334869,1.2975709967969151,-0.8694546700626635,0.03868807672137853,1.3001776786581218,-0.6086610820338125,1.44813560724549,1,Tier2
1.679728476372106,1.8501849830590353,0.4093073822359604,0.5055639830512244,0.45360406746728765,0.33477439904723383,0.23579757484438185,0.8671759798452375,0,Tier3
-1.4322774857320153,0.7748356632746582,-0.7831844954396192,-1.7428231155940934,2.10640093798152,-1.4259107106918996,-0.8813857115805512,-0.9828719042509584,1,Tier2
-1.7901523661966843,0.46166950801260054,-0.9263024001192763,-0.2935759130556088,2.110600687390024,-1.2604400028691138,0.13457584761451846,-1.073902558882414,1,Tier1
-0.11258146453394723,0.4089889034017442,-0.5770131764872599,-0.5896550987269085,0.09108738764731261,-0.14146321111833315,0.06264515738718263,0.8507766495149508,0,Tier2
0.3078675874772428,0.941618458949057,-0.604207786652998,-2.6316217845502305,2.5410956522751653,-2.105807996070671,-1.9123393961680217,-1.6656285304208274,1,Tier3
-1.6223406408284906,2.3397892483314155,3.153666521535903,-1.5012140788535842,0.4354225841744327,-1.0464529994331584,-4.127886787937872,-2.049651428926289,1,Tier2
0.4898951064096436,0.18160236940870444,0.5490081346398261,-1.205477936432249,-0.3552541303856247,0.8856457539264292,-0.5023844639398529,0.2292544467247013,0,Tier3
-2.129899448407258,-3.475408406273932,-7.589336252126871,4.522805006608753,3.3990633272998605,1.5430676684853286,10.664161993106756,2.173588293447388,1,Tier1
0.7275201938589706,1.2486127895217485,-0.32169249776075337,-1.248661387840273,0.217709456410906,1.1532862599496556,0.491781345376522,1.6374699836138342,0,Tier3
-0.40990352279450387,4.104731010705138,-0.31089624058198195,0.4907899398100406,2.614614067549894,2.741324621795662,3.0824480838102275,2.3301712870243088,0,Tier2
1.3258207169727854,-0.6250478794013228,-1.8258919697671812,-2.6290874372157758,0.8535574291027459,1.5020829503830684,1.4669567756239172,1.09487734491302,0,Tier3
0.4375876145863273,2.5024651391446215,4.375211572915466,-2.225765045931164,-0.4613643353021546,-2.219992286622804,-6.6140244270918975,-2.7180348783652257,1,Tier3
0.8731556045083784,3.437672860266906,1.1521538919625662,-1.5421336545004871,3.1502340771920223,0.05664065451393996,-1.0681898437787782,-1.2163430301463811,0,Tier3
-1.4306993716118372,0.7173978868743178,-0.02869785989899215,-1.4083861649093703,-0.4202319612406554,-1.3615322377261085,-1.8713749458774396,0.6410775499419799,0,Tier2
-0.09980671115393072,-0.2875039660254941,-1.225814738004011,-1.7994527299394103,0.27401854524104974,0.8075099060682724,0.739406773853325,1.077509598139895,0,Tier2
-0.2506906561965594,-1.257811662287021,-2.656831231338975,0.17855180682203664,1.394244268359727,1.0125453900564085,3.401213969794369,0.6986483235218743,1,Tier2
0.460028085116589,-0.5579868886436865,-4.849782573344338,-3.851161066076863,5.033147011963844,-3.2267227166445123,0.7029515275848421,-1.2464995363804903,1,Tier3
1.4896352833883448,0.3263453611523305,-1.6689720649590183,0.5730300865945552,0.2060335548449228,1.6586736101812949,2.959923676867307,2.417205866479244,0,Tier3
0.06983160829428585,-0.12831696338908216,-0.5779123999273645,-2.7190992087021124,-2.240779308922848,-1.1848828373895623,-2.3854509806823483,2.327211094684581,0,Tier2
0.24088560019550218,-0.09424355519503647,-0.409650405613571,-1.954548112540542,-1.6389761379356802,1.2814407062773445,-0.11048276972893545,2.401442855821875,0,Tier3
-0.22971559344511477,-1.4254212325777784,-2.3136144572787325,1.1743344968700753,-0.21946176177471388,0.17420228481589362,2.6319865506308857,1.4663784453721387,0,Tier2
-0.5048153650986971,1.6232143339196474,0.6069848035694319,-3.9848646532390237,1.704807202854506,-0.7101270987551991,-2.7769025068081215,-1.0601904955331891,0,Tier2
-1.13770200192949,2.2477116255218705,1.6675421982869036,-0.06736064235095696,-0.8149494551200502,-4.050132589194311,-4.72829522174628,-0.3386146692638119,0,Tier2
-0.21417610337056878,1.0399891683648106,-1.647208046432891,-1.0146872773890334,1.4280786333124458,0.714150352503391,1.6590951315980362,1.540191347920456,0,Tier2
-0.12503728432039923,1.1733808418059395,-2.8934983249075206,0.19890957336992643,2.2873629475544863,1.7901127400522818,4.330927811278379,2.496127754146336,0,Tier2
-0.1980248989587013,-0.1521839738954167,-0.10379429230394333,-0.9644873708019617,0.5551290323032534,0.8380997257064755,0.3483539469585508,-0.2755547172674926,1,Tier2
0.18669796459422633,0.8988754736624379,1.502819232070592,-0.6789972133208284,0.7544672292638034,-1.847087213842153,-2.8324899438133517,-2.1504732414745584,1,Tier3
0.920419303313525,1.3027238368327922,2.3732464564236833,-0.8010084165511595,0.10717785040509575,-1.0925949556966332,-3.2025723717956085,-1.839122355729292,1,Tier3
0.5182752280363537,2.2383775521941205,1.8961903793337729,0.6808471101469593,-0.034973560463516185,-0.75719148744045,-1.8415138696287767,-0.2662708640883782,0,Tier3
0.010004445747878203,0.14723279590894944,2.3289940072477444,1.1293927951340192,-0.6032507006781835,-0.9798727512558687,-2.1976558069291166,-2.109540908993405,1,Tier2
1.4714876651735471,3.063035911394739,2.88754787027743,-2.708040680061554,1.115013963142937,-1.5192071362849329,-4.764933257846321,-1.9291046987990952,1,Tier3
1.6434762709769233,1.9790575575685465,1.2811990704241905,0.012262367961126897,0.5847477254047595,-0.7993310092049631,-1.5678328451445567,-0.4494845859407983,0,Tier3
0.917710524560253,-0.39530134104524617,-0.8871397507486433,1.1028329705522948,-0.3083717344455629,-0.5827269128911304,0.802879718506001,0.6916063970838047,0,Tier3
0.6819230032173926,0.5652198706590403,1.5944657351227447,0.2946744930888643,0.22856853120981935,-0.9435800067990378,-1.8250250565259254,-1.7428003622236543,1,Tier3
-1.3689814857098772,0.7734862359445789,0.33197170519427166,-1.2103667686017738,-1.7639958737944534,-2.5343503257531355,-3.2709998165829965,1.2236103256431266,0,Tier2
-1.1848400604750189,0.16086168761683006,-1.4576879192878613,-0.9738661618558857,1.9802874456279334,-1.470615437045093,0.029608169850443122,-0.7075853993941164,1,Tier2
-0.37832244799109405,1.8953594540246617,1.5385772456069926,-1.281015414524661,-1.3464311560469682,-1.827024072660776,-3.6935918392761384,0.7580231444544272,0,Tier2
-0.3611424346118292,3.439423891500554,1.051682455995491,-2.2836078801977995,2.0057802294790914,1.1867795834016295,-0.7925777682753745,0.3929934949515055,0,Tier2
0.4544055593214179,2.7216457187621614,-3.2368641333655934,-4.209746032248699,3.6686422922707993,0.9729669592268053,1.9515105485847783,2.670198062418852,1,Tier3
0.4186801288643035,1.5824513422447268,-1.6472593576983567,0.10023647258189672,1.5640920953480206,1.1483922576797323,2.590515707019125,2.0201710365650962,0,Tier3
-0.3647905816135046,2.104389746925203,2.159858888706598,-0.7391003811121264,-0.8456298413259242,-1.0009556658043883,-3.1775620017495747,0.0592080039105104,1,Tier2
0.05616725646711806,0.8021467830818546,-0.9467407823017626,-3.216793813689884,1.9278890978341394,1.311567747104315,0.5061744405056743,0.3174320948948458,0,Tier2
-0.23369881352617866,-0.11699768394197241,-4.848121116127089,-3.3714468917626217,4.304236119327059,-2.153366406510222,1.5802083519855028,0.20495553183141046,1,Tier2
-0.3298838851601831,-3.0768590024550297,-4.104355541703637,2.676772873398259,1.1980510256777268,3.5728461096751696,7.847737096279861,1.6447648804151642,1,Tier2
0.1263110138013661,2.5044947954232404,-0.06913281327028575,1.362018562279352,1.065301272215725,1.6641161710914933,2.2093484039326396,1.7944177859765547,0,Tier3
0.15675738517963128,0.7148877090817185,0.9738945936262615,1.1537184410718577,-0.7116707879845272,0.6618995151536804,0.12200621775408538,0.493761609502831,1,Tier3
-0.033404181002878494,1.1112944710432324,2.264837829627113,-0.2507646530119947,0.3240816397157098,-1.5828292932884878,-3.1381331537649517,-2.274026212247186,1,Tier2
-0.12916976316448395,5.389523951750023,0.13710697240422665,-5.552187767418872,2.3982432094591846,1.220746130223374,-1.7080191524555177,2.7679624202921307,1,Tier2
-0.1359479580576741,2.5841535597039793,2.209311466149368,-1.9838098079877478,-1.006097754320692,0.01791300761123371,-3.1546489942862115,0.9418030388594689,0,Tier2
1.165553450492999,0.15635885855863585,-0.5419835892432481,1.5383553469426317,0.7926384744115582,-1.4619266056040536,0.32889342750036266,-0.5588588132855699,0,Tier3
0.3475157982269089,1.4329448415530148,0.9017347593311359,-1.1140131074506652,-0.6162115471390472,-0.6811478320195988,-2.029800223649813,0.6952300127013411,0,Tier3
-0.8612728703928975,-0.6969666592743036,-1.1061005835746376,-2.1778887398282336,-2.32463450347043,-1.056347566067187,-1.5740294691541519,2.5053604390452464,0,Tier2
0.8327488885850196,-1.663020552066755,-5.683953337165819,0.5083305847409443,0.5833908379568752,0.22354449316003544,5.26962946769213,4.099485714017956,1,Tier3
-1.1960583674759722,-0.5275142544132885,-0.8785164128073768,1.1041628768517353,-1.335156147432655,-2.4959971039896556,-0.8923969507042556,0.9304644860489473,0,Tier2
-0.7696127630272848,-0.14369707031074497,2.007594964144773,1.6548324829192715,-1.194137443299168,-0.9398030789199543,-1.7595336759603495,-1.4407722208010645,1,Tier2
2.169770748750665,2.692747684778541,1.9944049336907153,0.21771895875947522,0.6605282043058056,-0.730966571577405,-1.9945424434815575,-0.632164797286217,0,Tier4
-1.6957194907004491,-1.0319882125642843,-3.1584642711521806,1.164333243408391,3.3570593087357357,-0.5306126983832902,3.6205961137342735,-1.0033489789517263,1,Tier2
0.7396229667440826,-0.14184070336340282,-0.5280659830187273,-1.7348977094105833,-0.39678248346350586,0.7704035127149035,0.011480369225408404,1.1019841723415003,0,Tier3
-1.3692020000844913,0.5486128562091634,2.536832891390322,0.8443296106506257,-0.5272416218462148,-0.8917427696136184,-2.4451434234048475,-2.0170313843482535,1,Tier2
1.5520950076720532,2.995164598446957,0.6676980715816281,-1.9519817389804528,0.9598311049759698,0.7737305700622246,-0.8519330163575134,1.2880569578442973,1,Tier3
-0.2802281820987568,1.302526750879673,-1.2897526552249496,-1.9116833103035964,2.178463955858767,-0.28181274263284595,0.31071372258432506,0.33881085537632094,1,Tier2
0.9506245451701658,0.21969424592295983,0.6696815970121353,-0.7735554906356182,1.537299564290326,-1.8451963096900177,-1.9932761516574549,-2.6242352395465707,1,Tier3
0.24720339962663224,0.6534988473022318,-0.17537650303501495,-2.3623797075423316,-1.3500785147571381,-2.7632287416353787,-3.534419796374156,1.1932817428949078,0,Tier3
0.6941188538511088,-2.659255384823643,-2.579120429663495,0.13214855691317995,2.7009513725203735,-3.396145314519862,0.32827846442559405,-3.366978455923366,1,Tier3
0.25867908548323615,1.5641880315025234,2.8709734085801806,-0.849091250320494,0.5367189073487633,-1.1827250759758412,-3.6087229021910936,-2.5874244323295392,1,Tier3
-1.9107704356721398,-1.1074377441431866,2.007496126089613,2.3664673126962015,-0.49544991738922173,-1.2354993520696955,-1.4128055135852358,-3.083812559205673,1,Tier1
1.300309545788696,-2.1939915658845695,-6.320433467149759,3.5636401178942494,1.390258658417718,0.8769487108169094,8.101178673485656,3.703101751444105,1,Tier3
-0.6745280779152143,2.2531446487961766,0.5073131293925041,-2.192081856378113,0.8015565110487017,0.08997868345621263,-1.3797882669922925,0.7309979013152179,1,Tier2
1.6974122264385847,1.0972755450837441,-3.6989525773250294,-4.072724134355742,3.540192549204819,-1.5314338144549193,0.5241901918899492,1.014072030832737,1,Tier3
0.08277953666162044,1.1657874607342025,-0.4583900843175639,-1.9359771747744334,1.9892179554298721,-1.2384951938818227,-1.146394735955462,-0.8043154459955848,1,Tier2
-1.3487177217748425,-2.4585639806457174,-7.036523406162012,6.625224285972588,3.4736682758874458,-0.7083469147184918,9.600591971291962,1.6391974139521448,1,Tier2
0.9127497799138464,-1.3190610383287211,0.3351180486049179,-1.1905249375524765,-1.532334592779005,1.1582550306904382,-0.34648035550444956,0.3646103921742877,0,Tier3
-0.1783643972134808,-3.291493984774436,-5.969633781462482,3.9383441328997595,1.7471823874756562,2.5377040998107043,9.388609883525127,2.553781139753765,1,Tier2
-0.5535820109362976,-0.3164408996686321,-0.8820166286438282,-2.5222431066809046,-1.6070830759498467,-0.3377514811367247,-1.2354174795638146,2.146617091774759,0,Tier2
-1.7339123969769745,-0.436182811063875,-2.178211335935227,-0.2821348421152168,1.9329529397862015,-0.9669577510148,1.3710376689081318,-0.2617465495680178,1,Tier1
2.178416208037873,0.6800255727677109,0.2840446267465071,-2.757247566879953,-1.6258687552424853,0.8186578251581194,-1.4710989749570338,2.189805013900916,0,Tier4
0.9411618657467511,2.5772960470126103,0.12576847309122485,-1.913750848694694,0.9895858998658675,0.8188675024722707,-0.3349533842062561,1.4820890787732863,1,Tier3
-0.6068852617171128,-0.6272474033904846,-1.380563371932205,1.422657798937383,1.3579109285546045,0.7459452922275114,2.7837109820015042,-0.17386767349564325,1,Tier2
-0.6228263745532341,-0.5529681782878619,-1.0810035764424648,-1.5701682481868517,-1.7231389378183644,-1.0276971701125424,-1.114405498199654,2.022116681079562,0,Tier2
0.09730575190293085,-0.5214063507971347,-1.1300502674941793,-3.598447853119597,-1.5457314675903098,1.3762107110648292,-0.2804130645787013,2.7523509261012737,0,Tier2
0.4422573396945423,1.5899613346572372,-6.743999309683668,-5.734181117441731,6.164527935656395,-0.4486098937196863,3.564923468813142,2.5263721217263866,1,Tier3
0.12766134984344943,1.9811226469907584,3.4649617240727113,-1.9351359719209538,-0.7684736589408818,-1.2856235324022416,-5.066681506243381,-1.6010250227406169,0,Tier3
0.15637719199261638,-0.994098435921872,-1.9328037842158754,1.4139086210372054,1.5748274729872194,1.1633975731703539,3.609247616795022,0.018233268117442858,1,Tier3
-0.06556392602974538,-1.3969064563750009,0.08868179375669621,0.8641631194320383,0.5115034272792895,-2.4367372039221324,-1.2980777349827433,-2.653154513090847,1,Tier2
-1.0712222864955514,-0.9882423345361955,-2.5721561835844273,0.46848157352158193,1.8881681783886037,0.26639038882728383,3.028587742754021,0.114263761338398,1,Tier2
2.085327800717563,1.6953752947562555,1.3077395734697688,1.582287697992721,-0.4222562579572495,-1.9933731283527982,-1.897701774213927,-0.16286346780044814,0,Tier4
-0.5845914456550211,2.8382278710222564,1.7474058914721753,-3.392833674721455,1.297272415756911,-1.7377208136216122,-4.309460371569564,-1.1521700028039548,1,Tier2
0.7252398504962689,2.1662821957701794,0.26514250507394355,-1.5878626038741415,1.1396336581286677,0.36581020766158945,-0.5719345067513002,0.6676710886283566,1,Tier3
-0.5925982839474283,-0.5919331522296988,0.13168402981369565,-1.062245012627426,1.1666101722631435,1.5179489454488835,0.7783938885295214,-1.286667752570735,1,Tier2
-1.9038895341252002,0.5593494361461826,-2.7043627945478454,-1.86901600242373,2.1227798918122454,-0.11230817258163694,1.6267896434893467,1.3016196813455805,1,Tier1
1.1944648053276665,-0.8147045032930071,-0.30448264874902065,0.03996123014815667,1.3945625889520583,-2.1040681357044106,-0.9671777134742612,-2.457181795847796,1,Tier3
0.9379953450911961,-2.4661114211710586,-6.223132414282182,4.061792315430028,0.9127911604618739,1.2715632158695829,8.4778420798621,3.9485551646006645,1,Tier3
-1.253003319348715,0.3107573717490941,2.0069616595680095,2.6951547450186233,-1.604580399088901,1.2924424143721867,0.3677222604016164,0.09310051450615031,1,Tier2
0.7588292682758264,-0.4528745796807232,0.8638183783138378,0.3149652790395301,1.2324238374785028,-1.8983208635424227,-1.670543865655552,-3.161680512119377,1,Tier3
0.41655376162904734,0.6008581202111039,0.40412194162176673,0.24221154108865361,-1.9057400687284984,-1.7490330758554586,-1.9986942006423971,1.3754744626712947,0,Tier3
-0.7132320106245545,-1.7385047803958686,-3.004200216546023,0.33564084019955753,1.3078636336432956,2.0898498561226257,4.577948497898792,1.0838742443165144,1,Tier2
-1.0005526347347284,0.18849308501127804,-2.398513632452546,0.012773688302053277,0.13024184687476092,2.3140866620170573,3.7434714907680626,3.373041462962764,0,Tier2
1.0198338123847552,0.9954679259238906,-4.846708773851883,-5.730752839649902,5.908859907760516,-3.150093056000068,-0.07124427728867744,-0.6777869296470891,1,Tier3
-0.6284090639621739,-0.1624748687693519,-3.119137463493372,1.085049174900856,0.8293518770891418,-0.8206217094922019,2.6994823928826084,2.095686706951579,1,Tier2
-0.17891184212026082,1.2148355611098016,0.6530978008273752,-0.1009088489655543,-0.38817480977709984,-1.9576696696611533,-2.1991682194529107,0.10891687939636219,0,Tier2
0.299287147941539,-0.4311437958300348,-1.9404271112810045,-1.2026988225735757,1.157137279016927,-0.3351319706446123,0.9861679649307564,0.46593075481629675,1,Tier3
0.8528564394017648,0.4622959553490288,5.139553707568097,2.620319235711898,-2.4652648486051723,-0.9309444113203309,-4.123418347957827,-3.0197039613792467,1,Tier3
1.4488218177872538,3.802182808090117,2.0180370939362997,-2.0339622880336687,0.1890513015519225,1.5678433507707434,-1.6047605604930633,1.5772856762258622,1,Tier3
0.015914963050670444,-1.354072454956074,-4.499290496073706,2.8358388522416744,4.393634185582098,-2.0538822807758996,4.698410345241954,-1.3926768694834721,1,Tier2
-1.2486863901571623,1.7072000391427808,3.8739044118290473,0.06250622877153633,-0.9408010472793957,-0.5007665835382954,-3.7869528018340484,-1.8757828765072648,1,Tier2
0.4771243697879102,1.1211426050179212,-0.6904807491432605,0.15394373798420657,-0.1336714692468377,1.2984087811021383,1.5618409805015017,2.2929798263727026,0,Tier3
-0.45019500330053314,1.2479587231341576,-4.135114717219053,-0.9979768239112053,3.5386556036982717,1.8456191152744759,5.051930348448567,2.7017687843125486,0,Tier2
-1.843401651810293,2.0342588364939607,-1.1849908805071607,-1.7154767424528654,2.893977806934675,-0.07387144088492548,0.6332541552926343,0.2451602275546867,0,Tier1
-0.8073294029214,0.5286053499590123,-1.6345547809791485,-1.2825124466919502,0.9423983076701749,1.9042537607329737,2.309559944690024,1.9452236376622718,0,Tier2
-0.6174524110056049,1.3506430034028716,-0.12490778006981618,-1.4065636705539413,1.6583181242264304,-0.553816772126763,-0.7058430836350105,-0.4527274284389202,1,Tier2
-0.9367373553060163,1.0304864730497738,0.021460769461967566,-2.1339369150435696,0.41904396134103916,-1.406434826220997,-2.1386419138782253,0.04042635300078867,1,Tier2
0.8384680520915719,0.42336280987312747,0.020200259837774404,-0.7778125005188228,1.1102133999046644,-0.8506937534988361,-0.8196382694337951,-1.0021937204893558,1,Tier3
0.894290528046484,3.0891296121504883,-0.4190620176432347,-4.363300368243633,2.5155560845345812,-0.5946483033451567,-1.9034836146161123,0.5895198185565433,1,Tier3
0.3037579491009266,0.1936877327195785,-1.7389553050875093,-1.634793998750328,1.139396488314181,1.010281615996881,1.589487904459355,1.274546169801752,0,Tier3
-0.1634989587288872,0.6684672750927989,1.2245489841037092,0.32796339158552934,-0.29831182678862334,-0.16561458915711735,-1.0445541082731802,-0.4837909420704506,1,Tier2
0.25800099766949486,0.2669385283369994,-1.7828557435676398,-3.6477578168941562,3.7810143071564792,-3.1629902908518375,-1.9697747594372719,-2.5529811152525936,1,Tier3
-0.19587438650316466,0.5890255692975,0.24737402413220222,-1.951300153987755,-1.5754556932446633,0.6388597236936235,-1.1381866277486299,2.0298638698324005,0,Tier2
0.8612234150998442,0.19325129092978066,1.516752904375761,0.34118627445241123,-0.6174854140938186,-1.2975763922100638,-2.194665509425739,-1.2829300704210636,1,Tier3
-0.8017604510188983,1.7663373336414623,-1.363300994531526,-1.2870623731519013,1.9627561643368472,1.2314217713510227,1.7800815300589714,1.534936620061708,0,Tier2
0.21668758147199288,-0.3887944316106755,0.11464594080886459,0.7748425222196671,0.31023901137226273,-0.9972001907306676,-0.35515197611316884,-1.1106151590115154,1,Tier3
-0.40720196174469764,-1.2251950816223327,-1.222487652762474,-0.35836658360699714,1.4939593470381234,1.718607632727695,2.50443427073676,-0.6618778639270135,1,Tier2
-1.0184630299249242,0.41483825956411924,-1.6156362513553317,-1.5054618981781405,2.014482486967452,-0.8659879611945724,0.33690138835242367,-0.1395335270022351,1,Tier2
-1.0734209422789178,1.3869529883968306,-2.917264713026985,-3.079083205101137,2.5775491494262583,-0.9110281385616099,0.6410349565171916,1.5688232497179309,1,Tier2
0.48761536727790644,3.1007984301480125,1.5890030946511726,2.2184623313936527,0.29377099871815027,1.3724584820248542,0.8832333247918914,1.196495334168696,0,Tier3
0.13851058301773517,1.768836039053181,1.695889835113881,0.993896852013008,-2.1775392455860754,-3.1542684259139597,-3.823110978697688,0.8202227453446185,0,Tier3
-1.198926071463697,-1.0462358748008111,0.633452773948734,-0.38035060480327165,-0.33350882130797377,-1.392540142862896,-1.8190924622029245,-1.73859119453502,0,Tier2
-0.09989757926648388,-0.5878026430497774,-5.177614397237285,0.3222485397716043,2.9327556691604872,-2.92587732776284,2.897706069471301,1.1766854584059698,1,Tier2
-1.0018987506741357,-1.2072846509053994,-1.5687037762597598,-3.7431647827896812,-3.0168565647830166,0.16865955630539808,-1.2411763260773414,3.6476182997383013,0,Tier2
-0.5122488471822143,0.46340968878585764,1.0109025202851807,-1.459746404618678,-0.024086222986794192,0.677445100939269,-1.1012545981680133,-0.4035810261741717,1,Tier2
-0.11565343298540094,0.8762921346350871,-0.6361058430178689,0.8662107060154508,1.1726892593424973,-1.4950911837360361,0.0947356009375111,-0.1931764419053581,1,Tier2
2.4297560258036457,0.34532704657680546,-2.990224982291233,1.464087757887666,0.4829126487221782,-2.605178055586588,1.344109520913771,2.1487439895898914,1,Tier4
-1.7433314020665682,-1.1128760672796365,-3.51322961637318,2.632672791421745,2.722021993509891,-0.7831814989402928,4.343764965965288,-0.17782707399595066,1,Tier1
0.16249851024908865,-1.36832445953738,-2.218452573383269,-0.815888222151161,-0.24924241757636612,1.1314267615581344,2.222532334240408,1.785899071581635,0,Tier3
0.9245536575733021,-1.9467968938862332,-1.041154314645898,0.5609953901370565,1.5687675410804438,3.7975652368759203,4.455078304430025,-0.8887962243948784,1,Tier3
0.28626701517894115,2.0141846026842414,-3.398234947085766,-4.815974783350117,4.378549789753718,-1.2747222231060906,0.25243639516178895,0.7827273334018328,1,Tier3
2.381982369408583,-0.28034433893133537,-2.601690547208959,1.8463785698280295,1.0018809530465904,-0.8193140575310782,2.723333216525587,1.2612246624456074,1,Tier4
0.578809109784556,0.7970057654819426,-2.149429835692003,-0.23859341094790265,1.1952439815042462,1.6088257905090129,3.107721774378521,2.376715429828176,0,Tier3
-0.5063856144965024,-0.18296487020029994,-2.1194736378938455,1.0296184800181314,1.1829896134904485,-0.5396495069425422,2.151272075423095,0.7581128771356498,1,Tier2
1.8791878850731307,-0.9769197674530226,-3.018024904084642,-2.3229008058138394,0.3471898613332076,1.384208886287795,2.4031805826326584,2.507980161480447,0,Tier3
0.07968878144473109,-1.9669831583140087,-4.528780361129025,1.4597451330264204,0.35504692977690955,1.8233054067081707,5.993827640338402,3.3381745107219603,1,Tier2
-0.3820614873547184,-0.16087185130119197,-0.3676325530318977,-0.339349534493917,0.8299400547562557,1.205662857527522,1.2369349067624298,-0.15441547638168984,1,Tier2
-0.07291096782415907,3.40703730023544,-1.2231095818353714,-1.194873578522689,3.885935749093769,2.6447444390186483,3.190598278869496,1.4341124047810236,0,Tier2
-0.2870858663221182,1.2163515171813617,-1.2246955690217232,-2.0946337576394947,1.926763625238836,-0.6198364674065712,-0.15189008052699537,0.32806275267573315,1,Tier2
-0.6024938689130366,0.08587731267110055,0.23193898713823558,-1.6996578692290196,2.405795991678355,-3.6772524831409856,-3.300359874959519,-3.720028869702972,1,Tier2
-0.43730622618779175,0.47037774455239423,-0.12090710867703547,-3.072202870614918,-1.6563124405918142,-0.7601995742123145,-2.5026811391827626,1.9452790403905744,0,Tier2
-0.5631622215089241,2.160745364572098,0.3624002532449797,-3.3288694146027544,2.601898351838508,-2.026511444537122,-3.032255955653671,-1.6418400319322333,1,Tier2
-1.0858074135065343,1.6528740816369707,1.2005284827542801,0.8215228393787755,0.28611533186403126,0.22016025359028202,-0.3645743571595283,-0.03213346030184505,0,Tier2
0.13342691465345397,-0.0544036317272476,-0.7790515059191709,-2.1938606531101836,1.1649716156858554,0.2891564602238995,-0.02126300184826002,-0.22970195543336458,0,Tier3
-0.3836219320035151,-1.0496917565087767,0.41944356505831626,1.2603802412340133,0.23494300407301694,-2.1086813778690883,-1.1876530561484584,-2.3245463471292593,1,Tier2
0.48441088120221254,0.16245405814755065,-0.21071185630724987,-1.5149340949874246,1.6856692681441225,-2.377443231322791,-2.0306135980812297,-2.0468250056565127,1,Tier3
0.7864785189607976,1.4091139859188184,0.7554621614326298,0.8910127430772834,0.4608499913957471,-2.1402062643858555,-1.703060913479436,-0.7283984628646851,0,Tier3
-0.3103964849550655,-0.051458616760822196,-1.3530016521678054,-1.2616538483732431,0.7820849172352449,0.07211986025100325,0.6828794481264738,0.6767160078740121,0,Tier2
0.8449059226217087,-0.1185898589229808,-1.529088649425368,-0.2621134036886945,0.3482631058813833,0.27540463225784895,1.4059219041233628,1.2842464085183143,0,Tier3
0.46730270129488166,1.9105335292108738,-0.4142720794578747,1.0187387141942157,1.117887372018052,0.8191618054747906,1.7014903977788745,1.3082301972914379,0,Tier3
1.566703721444044,0.48098756573195756,0.7324274161000789,-2.530105094142707,-0.9559675728031729,0.8769855405608935,-1.5082009852640132,0.8973432247218862,0,Tier3
0.10789969826743621,-0.0899152668442027,-1.1606781105825896,0.5914098049580647,-0.23765104099814316,2.1087487236389593,2.8028048728150816,2.086565779233616,0,Tier2
0.7303645292521455,-0.4746370293679576,-0.4185285685612601,0.22952894062801477,-2.99695543779573,-1.1535931663008268,-1.1084114149896858,2.562700006551418,0,Tier3
-0.10614639482332917,1.4363675099434143,-0.2665576295206087,-1.9894513268639946,1.7539548878833315,-0.7612926767973138,-1.0341101935261012,-0.38061893616800213,1,Tier2
1.2793526763660894,-3.0588480854751374,-5.580637132624373,3.9716144746107176,1.327907080341744,1.9884168546269343,8.565547940327043,2.5703241200274953,1,Tier3
-0.7545091468138538,1.9238323814167178,2.3691762487078445,-4.424650068166219,-0.719444214587956,-1.0369517628417557,-5.2806480747292595,-0.4164522864159368,1,Tier2
-0.848554259014613,-1.9179043264370028,-4.096811225641186,3.3654433447074914,2.2355025624394465,1.5077543334028851,6.850678887515854,0.9589106323870101,1,Tier2
-0.3033469188198543,2.8387183418081747,-2.623700088875389,-2.023334154426082,4.686270551254069,1.3322411762975186,3.1121242367207493,1.2199882540651614,0,Tier2
1.3469542192380486,2.235226613031827,0.1432735516256034,-2.575315469906303,2.0434434311024656,-0.7731648801255987,-1.642295437850128,-0.3892141849702524,1,Tier3
0.7027366716094254,-0.04741618057899455,-1.9369143697370548,-1.8083987519268832,1.6192734130976802,0.9911599581933089,1.7667968302263943,0.7999270150512244,0,Tier3
-1.179557021683391,-0.4274726135947593,-4.014259909248903,0.6061470940728539,1.0901419809066948,3.8327657571902947,6.772974229949897,4.115286260130863,0,Tier2
-0.36684031774047227,0.6425962773229827,1.1916634606678613,-2.512682149309734,-0.9584474177293536,1.026925018106712,-1.7661603329685343,0.6019018475551523,1,Tier2
-0.6805180722834149,0.6478057716358012,0.2638730231340225,-2.481779332283672,-2.1737791108267155,-1.0140242712044183,-2.8268014754920845,2.104740221428541,0,Tier2
0.9256766356107624,1.0106262425008494,0.14647114758230684,1.5624312308559736,-1.5367764677857618,0.29500634946113624,0.5298966499187205,2.3185191054374963,1,Tier3
0.09256355362227849,2.20647555793824,-0.23890374731804165,2.2435429130431737,0.7733660177462741,1.09635045283635,2.322004226114984,1.797076621588743,0,Tier2
-2.832571490783083,2.0565312260055446,1.6296324140484697,-0.8786724694121065,-0.27634206000266404,0.37824397587666936,-1.6366530750887518,0.48838678741067154,1,Tier1
-1.1106135266653414,0.6174398568559523,-0.24985013276145418,-1.4599301139094387,1.8768815580491243,-1.4920139197699798,-1.2677708025441052,-1.494098711165047,1,Tier2
1.1427586984161453,-1.95234903605314,-4.5683360792838315,1.906470609271865,1.0016973835182357,1.4639115174526929,6.14234390356277,2.638137584597108,1,Tier3
1.3238246127209083,1.4342644407033323,-0.2571323710105171,-2.4224843120054347,1.3469666397279885,1.864510216929816,0.6222622761383289,0.8821370861309981,0,Tier3
-0.01951543940406494,2.625629179551879,1.698226659324232,-0.027412056457090994,2.004532186060896,-0.20872741499599634,-1.1647261549156485,-1.5093296575169552,0,Tier2
-1.0108055705118018,2.7327407711133644,2.222382784878402,-0.10768975838925088,0.3939017181418032,-2.9011804322854027,-4.060326822712201,-1.297831414302808,1,Tier2
0.6474075265997693,-0.3746842546437652,-0.6652851936832072,0.012907579666651459,-0.24533374866335422,1.056267327371421,1.3034941401840514,0.9688306191554112,1,Tier3
0.675595516064319,-1.5272420982925126,0.10613779980017735,-0.3691129446455015,1.7533636880495411,-4.098964297527239,-2.921446685225758,-4.536476783742913,1,Tier3
0.08507113919863317,0.447478590304226,-0.009118198054115623,0.07083151187600034,0.5851842643413163,0.2529831446896472,0.36150809587770016,-0.08060783758740508,1,Tier2
2.2245343387712104,-0.4246288756670926,-0.34883567594118237,0.6231219808831572,-2.573429223110156,-1.4104706207073898,-1.053572895715879,2.029557695327114,0,Tier4
-1.2454902051189494,-0.7805447607615189,-1.9292558751615627,2.378248060034469,-0.9794312414541344,1.9386865216690978,4.087694613269933,2.9411550048566246,1,Tier2
-1.7931247843359261,1.254090273764562,-1.8223480888082801,2.0614049130156764,0.511868369230948,1.0616506999229363,3.4605460376846957,2.89019965151269,0,Tier1
1.6991150188707476,-0.8484301627169056,-1.9177313699421865,-0.32472609699399047,0.6710132581333221,1.4255404965672072,2.6608014541409144,1.120325488785187,1,Tier3
-1.242826058329825,0.7197840166947878,-2.7211334422663382,1.599445502432307,1.5825995053778816,1.2238458081855468,4.34526586969977,2.3920036494132506,0,Tier2
0.4540350958756309,-2.155638456822578,-3.9161459755902404,3.31915387330339,-0.5268323633650169,2.476423654172554,6.763385283038316,3.571130732748917,1,Tier3
-0.16241108601822737,2.1705600529592797,2.211205871689648,1.5202579094541089,-1.5772327915288415,-2.28705987097504,-3.1798974338402006,0.3224793838278648,0,Tier2
0.2819842426944233,3.996277238676667,3.243335081644057,-0.6161131446317167,0.7668338994482107,-1.8871006420733996,-4.344447218561913,-1.288644040809443,0,Tier3
0.0017194350566970612,-0.04118080611208419,0.6687983810782252,-0.6688142365735108,1.1867381159931893,-2.6747324554109175,-2.64087967124397,-2.7898473637545145,1,Tier2
1.6166411789888955,0.011358297740018397,-2.101035381759119,0.6606008903104397,-0.29557628257973967,2.3995629469784747,3.810634416631219,3.3339304493959236,0,Tier3
-0.2853601457781144,3.1919811342285396,2.7252907110561697,0.5907927484814994,0.3332197938259416,-1.7796284308667012,-3.282571227534561,-1.0041772758735301,0,Tier2
-0.4956604139187791,-0.3154266889630073,-0.5578556941807289,-2.1469499277638993,-2.538406167748281,-1.0212622220732916,-2.041589722911939,2.47764314371687,0,Tier2
0.16203399361214757,-1.259323207883897,-4.4011056926464605,3.5683782766336853,2.1488613440127953,-0.004132474066921299,6.019982317631489,1.4481673972955909,1,Tier3
-1.2990356362655615,-0.6561528173882631,-2.2288402062252803,2.2764212351435815,-0.16185666769807572,0.6491142985798195,3.4924997030671845,2.147068141119469,1,Tier2
2.115613183331255,1.4838858069304006,-0.9388598637414229,-2.1622337741659647,2.097531483260237,1.2235364865672602,1.0074498899861317,0.7068479488341589,0,Tier4
1.1392942244733477,-2.334180183058775,-4.698263099509087,0.3350563066577197,1.4634049536717417,1.4983007623558606,5.568714717163898,2.0178580820220513,1,Tier3
-0.24765560383738025,0.7214408787705864,0.1653040191399403,-1.4956044376200088,-0.746549096292078,-0.3869991024563414,-1.4153312745240165,1.080434886773282,0,Tier2
0.9835457924075637,-2.4148697545116464,-6.574996107368765,2.0276867154480134,1.9805097282415922,-0.24260974926780898,6.799602367135568,2.849566804555586,1,Tier3
-1.8007174883715154,0.7655293714868634,2.76482567383328,-0.22489109411991415,-1.280403945302683,0.3443734927841078,-2.4438032025740934,-0.9103838064870848,0,Tier1
-0.33383207446018304,0.08228599443106233,2.3450964808873462,-0.44797577621144247,-1.543447251980525,3.908837482608156,0.43987819236944503,0.3758469424741788,1,Tier2
-0.4175473072659852,0.7714076783038203,0.21769465029565635,-0.9448968856556949,0.23152642397842382,1.4393783171479244,0.4459273832206177,0.7155105631615312,0,Tier2
-0.3487016354401247,0.1273562123822093,0.1868616698249761,-1.2334022365490422,1.9807352976454156,-2.5752488115892875,-2.285721891861267,-2.859741014452284,1,Tier2
-0.1816864782254697,3.1287355441578275,3.8279898811190387,-0.38848469446282874,-1.45524604260777,1.584291186536864,-2.574085007092661,0.6346382385899831,1,Tier2
0.2920904179848597,0.3956101736518667,-1.0052687577644006,-1.0339644836426363,1.2650168029836202,-0.7371745609617437,0.006687529726674191,-0.040892010261074696,1,Tier3
1.8302184099405412,1.5523906339803872,1.1164522259855496,1.328280113147295,0.22382506193643037,-0.9685816486224211,-0.9410967483485848,-0.3717282318753963,0,Tier3
-0.5593494798043172,2.2711124076087224,-1.0441594492433475,-2.3014153587490798,2.0378793363065713,0.5373161375763102,0.4618530121533413,1.3496666499590049,1,Tier2
0.02453558675076115,1.0360843797466655,-1.0750208346464054,-2.8707063805892243,2.45733516301371,-2.2061108339402415,-1.752473625874447,-1.0273873254116916,1,Tier2
0.0051431414744674145,0.8590175431540328,-2.0074403906218,-0.11254653260547764,1.4935352873462193,0.7661493852054703,2.488850325125954,1.7075190003960823,0,Tier2
-1.4424079802360232,0.2993858844405558,-0.3837616944679474,1.5404638642576307,-0.17902564353221728,-3.685406600546168,-1.7185465461730653,-0.39254635355746403,0,Tier2
2.045893295523032,1.4925997533454554,-1.9213536156808524,-2.0333609205932417,2.733992819970359,2.5825129477644237,3.057982147644654,1.5942816455632647,0,Tier4
-0.27903673405722407,1.6035155121078666,1.1511081864232038,-0.10837759995276763,-0.2987736539684871,-1.4343549335635262,-2.204332201791237,0.008302374671040669,0,Tier2
0.8226153699736483,1.4140982569166198,0.21511361975182566,-1.6264415892578494,0.14401780211296045,1.3534766000169562,-0.016592514327199853,1.3533430611336095,0,Tier3
0.2504425935159528,-1.450082834761123,-1.8507474903962815,2.580592754921379,-0.10143536607846082,2.4545598130832698,4.750214331599416,1.5760050486897317,1,Tier3
-0.04996879081053281,-2.4610315831262977,-2.1514591636136675,-0.32310094921888566,-0.825077098701624,0.8472941444573064,2.109149258358251,1.2060192989096146,0,Tier2
-1.1801416044618,0.7630434870824574,-1.3905855101936895,-0.10561649185290722,0.03814168429512166,-1.474573634855318,-0.05123356789390251,1.6374540282310721,1,Tier2
1.755181004032714,0.6259750955419355,-2.7576549017189516,-1.670787631166702,1.2717130148206874,2.3652888513984482,3.4468474917447978,3.0687830818192325,0,Tier3
-1.2948656516261972,3.044251045726746,2.8828882340410464,1.1172157025486436,-1.0236576712164107,-3.394046117981748,-4.6746752636092115,-0.5232719280859652,0,Tier2
1.1565280859800942,0.48988370667303116,0.011665034979088551,1.582890656425442,-0.9728512802350393,-3.796947056214256,-2.298194923345362,0.09036368362701863,0,Tier3
0.9257446007025706,1.854587673785651,1.3173529547372949,-0.21864407222140092,-0.16462129687973803,-0.9735971814678153,-2.0251197350707066,0.07699316690002433,0,Tier3
1.230357722628503,0.9292113889763468,0.6702848062954807,-1.536523974153917,1.7921816108763,-1.9309028290496277,-2.4218342257382055,-2.2633824333678065,1,Tier3
1.0313160619334916,2.186870606660051,-0.03023516793785941,-2.4377613749103957,1.9126501928480546,-0.5342181144528695,-1.2767640670626652,-0.04130587036298161,0,Tier3
0.15105575691727147,0.14858746239677045,-0.2851998789864645,-2.0130687389478137,-2.009991448464125,-0.3085058310845332,-1.542813394120781,2.3179436619198195,0,Tier3
-0.9746863187175773,2.716195648750683,0.2370551077974472,-2.4466672672452043,0.9197886022546091,-0.23542506681661557,-1.5258143919800706,1.210302909152844,1,Tier2
0.6632184207404347,-1.9621804829902176,-4.476924551338378,1.2748129032071098,3.238474696279698,-0.013383765444373141,5.148055739293333,-0.13314727958204697,1,Tier3
0.9225819634611637,0.6900520965662498,0.9174097167534451,-0.3879791052832626,0.8498505006572726,0.18894332435394934,-0.6299524319316756,-1.129745810351884,1,Tier3
-0.5205491170534167,1.150902686149026,0.3794326536891217,-1.399445936333784,1.176278570305737,-1.307710052777817,-1.7933440316903255,-0.949635377039614,0,Tier2
0.9532912543025196,-0.18662953578538355,0.10963129703726351,-0.6588688317380622,0.13710754258884317,0.8735331511498114,0.26351940547499775,-0.11842132615862133,0,Tier3
1.3955638697052697,-0.7284502786230557,-2.5637975738631487,2.342627351019053,1.1700977243279254,0.5695069659294448,4.059385647047211,1.1148201476298731,1,Tier3
-1.8420337457856046,-0.2078831583371057,-0.5423578914101967,-2.1112979634256392,-2.431753482716454,-0.9186282043745442,-1.9357393113103478,2.4861898159316356,0,Tier1
0.034862176111455326,-0.001254489324127972,0.28978168560468054,-0.22716856809714203,0.9071356859588129,0.9822644552860063,0.6032394208679756,-0.8663570888248815,1,Tier2
1.0461131058475746,0.2069523721071368,-1.1137923281797388,-0.7629508669299828,2.362353016022369,-1.0671737022503067,0.25468295090623094,-1.275261805995867,1,Tier3
0.4147005139839453,0.7818179119309185,1.9969886445262612,-0.9685360752573078,-0.6169558706394276,1.2459156172600265,-1.3682468136206216,-0.4137773545868504,1,Tier3
-0.8289266290193714,-1.5331349800977363,-0.8185606287518419,-3.042655574542205,0.5830454338689308,-0.09783744085880763,-0.8213772392984799,-1.0507475523888954,0,Tier2
1.810534841351558,2.0476401523466197,0.2573780238099679,1.0811552876478925,0.3329529959171955,0.5033296213001854,0.7558013949394131,1.3716982303657836,0,Tier3
-0.14323554191355994,1.3871799469022625,-1.3805453119160012,-2.511254664506999,2.3431010009605617,0.9698043885124079,1.0536268683809857,0.7734617664425097,0,Tier2
0.5262360018519999,-2.199658576194185,-6.381801181655614,2.3987727107886387,3.1811046529598963,-0.17055105895196476,7.170364165374508,1.6828026021653195,1,Tier3
-0.1381804933322729,0.39303074400282634,-0.017886393044087567,-0.6475897246045639,-1.3462328610949694,-1.2924988932914347,-1.6373309167564742,1.2587274762759093,0,Tier2
0.9894010636697103,-1.145598057255897,2.1489397139633635,1.5720188128553882,0.16209680149300032,-2.8212688440680367,-2.990196367125348,-4.427809681419776,1,Tier3
0.6349129212136558,-0.02227551116816895,-1.5807308278302687,-1.1375498226628415,1.139114163836156,2.3804932727804635,2.7664464138002773,1.3636240938293027,0,Tier3
-0.7634731228902925,0.34925891163918577,0.6773478726675873,-2.510999529801399,-0.5371297430677098,1.2278904697179194,-1.0837794791181934,0.5472907022530329,1,Tier2
-2.9982071584904135,0.6867364754781705,0.2949303585165999,0.7349914149711245,-1.0533289747212566,-1.9256194949183372,-1.583919258660168,0.672651993818971,0,Tier1
0.8667179952095518,2.166302605810521,1.1760244325097646,-1.4429938725112565,1.1040666433179256,-0.414577390855433,-1.8391334280090994,-0.5323649649199065,0,Tier3
-2.2187552546413603,1.4308624605732971,0.6841211066316502,-2.401421792544224,1.4887855527445029,-1.811136820845221,-2.8854547602832312,-1.4872052775835347,1,Tier1
2.1201597078736754,0.12647438290656665,0.6400940286825298,-0.6110779555273496,1.4348720553465157,-1.7393651681022115,-1.824858210550068,-2.542174193507943,1,Tier4
0.45064293672396416,0.5483557082031076,-3.262990183926772,-0.6299481756324856,2.4181777883640327,2.2025706299918855,4.559181939085395,2.355743311508269,0,Tier3
2.0860051855221386,2.258448438745181,1.9899687667528503,0.08589055962993375,-0.9448934503514386,-1.6576537516742584,-3.130173107467421,0.24635100588516812,0,Tier4
1.1718021704176789,-0.8321200437594785,-1.726883627886803,1.454482246549842,0.8522673045088203,-1.4443186086320026,1.3106955042139288,-0.2207046756729203,0,Tier3
0.3837505255981918,1.368628901581146,0.7805773862065561,-1.339415399652812,-1.355758330724725,-2.9883521094997816,-3.9706591346429176,0.7246863493648076,0,Tier3
1.0937656474284883,5.069845861859495,2.451457226524508,-0.32663915165216373,3.0058390184241226,-1.4851159447057656,-2.742091654952018,-1.5428252056621203,0,Tier3
0.6423133625895667,-0.5132426455182331,-1.6674883304028887,-2.6564634034837047,-0.08009420549643043,1.115863721575593,0.8053327294523824,1.8072052068688693,0,Tier3
-0.43223285233237513,-0.7312560861787454,0.7875646153089733,0.5160182245844471,0.6882740307273063,3.4222121475188048,2.4065442943470505,-1.0305566741914087,1,Tier2
-1.1639678613911928,-0.33294115230010646,-0.6617889662927652,-1.5065877006903654,-0.6347646942016134,1.2875892129607147,0.5819881097121284,1.4766422918387043,0,Tier2
-1.046878502776499,-0.015456586348981949,-2.593701857605068,-2.21569215659113,1.5868024645040186,0.6584457183025212,1.8281033756929501,1.4562126758128442,0,Tier2
-0.2761054479357567,-0.4926444923890989,-3.5470655901965262,1.0206700419463393,1.8081979096974194,-1.165080087832953,2.997056569355,1.1918553888267254,1,Tier2
0.005182484353656514,2.4586129660873923,1.7897771463172576,-0.12174493020673283,1.202057549705486,0.6937487551554447,-0.791158987119126,-0.6717678354011185,0,Tier2
-0.038913744909976,2.8417492805766704,2.36729452299569,-1.8900840371573162,-1.3143415787301276,-1.7292320828790242,-4.638810008625081,0.7203110563722983,0,Tier2
-0.47034770790953173,2.4418023671130022,1.8460779957172486,-1.9138368565948063,-0.20843326495614134,-0.03886469044765961,-2.670177261476807,0.40619537660829497,0,Tier2
-1.1719209327168651,0.681976344481317,2.882879594733546,0.7845934348348385,-0.8633284017380065,-0.6214830710086383,-2.638545272121857,-1.8503187699037869,1,Tier2
-0.13655653611546312,1.0808811589286758,0.23087903500608387,0.03405357557016919,1.0255782636883994,-0.6207871883602902,-0.4306525711649569,-0.4945542405715271,0,Tier2
2.326189058863616,2.024397227896814,1.512252885950986,-2.307917925361518,-1.4462649236362872,-1.0700761522186903,-3.667192375315312,1.261667292528534,0,Tier4
0.14602111704443896,1.746834130325067,-0.9523131813014251,-2.6687285802251894,2.101797026470642,-0.44301882504999357,-0.5175765934578682,0.4024424880869184,1,Tier3
-0.7282723260188415,0.4364060922350197,0.3711508634346745,-1.81040809470688,1.2779500375221298,0.05267568554230717,-0.9263082169889783,-1.2169524750006069,1,Tier2
-1.763723876486993,0.9271578837248915,4.032789341641046,0.5604940529980627,-1.2572398112211118,-1.6038500901184953,-4.540965036131137,-2.8016607833305844,1,Tier1
-0.291870521179968,0.14522293437529632,-0.5191716357962253,-2.26695030595109,-1.4974424548202008,-1.3132697043985404,-2.124465484359547,1.734263674987986,0,Tier2
0.6547472191614669,1.4116061446596682,0.5691186626131757,-1.7019985096938384,1.1278221033683793,-0.8644103890366754,-1.7914285315055003,-0.722920191598873,1,Tier3
1.2486557538896381,0.720048733649516,0.6487925974120992,-1.4174034180294242,0.15961392889287773,-0.2370316066660878,-1.4401116448748286,-0.2723671584162899,0,Tier3
0.6513841605059241,1.2402719359535108,1.0084462448649683,-0.6524731996999382,-1.2157454244389096,-0.17403566809249726,-1.6263670668284333,1.1579776018631385,0,Tier3
-0.4561010078113793,-0.40062945066498923,2.703950331466308,2.1901511852546838,-1.288171609671887,-0.43760995272531666,-1.6804737036056088,-2.160787556625543,1,Tier2
2.1150516821422025,1.251189031215985,0.3270002367216752,-0.7932753145517352,0.29011181498147476,-0.2995584915414691,-0.8815054337884335,0.38752314868736315,1,Tier4
0.53571874834145,1.7326368246148613,-0.31498596629883036,-2.692778053677163,1.7293093816416243,-1.2435490669898606,-1.7451532143778532,-0.19394868284076416,1,Tier3
-0.11710405608922823,-0.27973204524116135,-2.1507039657894436,1.334576944072918,0.1742080789983892,0.14596809046197823,2.6199059308337604,1.9136713328756392,1,Tier2
0.2922960126139994,-2.1421536008266324,-2.273302340967464,-2.1119831013502255,-1.0756646211607244,3.434748075083756,3.157041198028268,2.7445761184174895,0,Tier3
-0.9751559462030559,0.37072565237532085,-0.6218922086361203,-1.9780025351152606,0.8021180359188368,0.07912204576136872,-0.29446063874266215,0.26104069685871445,0,Tier2
-1.246830520143283,0.23846926855953343,-0.4112647809189034,-0.8380675979592365,1.6432155295096549,-1.593584788108896,-0.9292127529875809,-1.4710283962988688,1,Tier2
-1.4606426996778186,-4.0140398233871295,-1.1483176927403318,-1.3758520244812114,-2.5331596979380877,0.2978109979239021,-0.038304607430393656,0.25115500201855034,0,Tier2
-1.2062156831740176,-0.34670074795925077,1.6290856551135464,0.1516533413980925,0.5495452394541703,-2.3112665273639763,-2.859883492141013,-3.354877059204348,1,Tier2
0.0741340400516567,0.5443309161777052,-0.14365658433265727,-1.8654935741080036,-0.312724267596196,0.3931054724338463,-0.6583220179727394,1.094100656098905,0,Tier2
0.6286310017788237,0.8253420210584148,1.0989324667039642,-0.8340587651397965,0.6979384014602836,-1.2103767743428513,-2.1131738241403872,-1.5154295798750805,1,Tier3
1.1128842530120984,-0.5832469694241754,-2.155039975093873,0.5044255404401288,0.6134939707310982,0.5673205355380394,2.6192907250096993,1.3704018665848472,1,Tier3
-1.7128076130966914,-1.0647405996443848,-1.3621282396553527,-1.2110577337099317,-2.359257030663592,-0.26606990961284727,-0.25415993514641766,2.7377579823871243,0,Tier1
0.5519693633849005,0.5939561849500041,0.43169835756745933,0.46069487448442903,-1.4394307786453169,0.9310774856881825,0.23466760255968921,1.7733345299412953,1,Tier3
-0.8990231137247617,1.9351759358277234,-1.2965146739860107,-0.6872980082284166,1.8275016577858176,1.0267316048434938,1.8489056720294603,1.6701801923602164,0,Tier2
-0.6339879499669326,-0.7708031642107043,-2.552798373333918,1.1503768993607195,4.604752864754454,-1.0976134760160123,2.9775003895364596,-2.8240238015416272,1,Tier2
-1.1736040996661792,-2.0451671946455576,2.6283486818849626,2.483535227877369,-0.8076285314388092,-3.50562432524452,-3.622670056398319,-5.030977626353218,1,Tier2
-0.15936209930464576,1.7598609700528507,-0.7508681955120224,-3.331331443311246,2.9052530385150264,-1.681150927099657,-1.7781850870877385,-0.9885686819495654,1,Tier2
-0.9196953187613095,1.253559308819192,0.15026268281666216,-0.6851484577700828,0.4498176099415855,-0.3015543968730534,-0.6438594858567741,0.4208684218721941,1,Tier2
-0.34486025309278195,1.250727012719378,0.8594455159967398,1.754559501889101,-0.38891390564705663,-2.2445193965526897,-1.6093405838371824,-0.19623040170104167,0,Tier2
-0.6770232850807263,1.6747705553705745,-3.590312839232656,-3.885868018831661,3.838288337476284,2.2990936423298782,3.4878793891979134,2.390599221749244,0,Tier2
-0.13815962286397315,0.06465915769766872,-2.2999540045441726,-2.343645650705184,3.23191780320431,-2.523151920627164,-0.5004134902710518,-1.4469270689639924,1,Tier2
0.6264397504539391,1.5760771422707545,-1.681232197479844,-3.712503373251757,2.5937286379702833,-1.6130921285255178,-1.235757721508015,0.17373891832124677,1,Tier3
-1.5863350751318903,-0.5656449100563232,-2.0975016839149765,-0.3594850286224578,1.815318403955882,-0.2669785628530139,1.770600086568272,-0.11462285723783938,1,Tier2
-0.13938039625977947,-2.649918762679164,-5.794485719228327,1.6020919676699008,2.154514037884085,1.3341246083956595,7.1808424946145255,2.166056821092731,1,Tier2
0.2685323189287194,-0.3870024722088643,-0.08782914810598841,1.8916863555892882,-0.8257443195683436,2.9970947532880317,3.1534182997035303,1.5296286270641737,1,Tier3
-0.8847348374730727,2.2545267677866607,1.5055148878965114,-0.8277398068041352,0.24914328717878598,-1.1655800317412903,-2.5589873074079623,-0.2294080498462645,0,Tier2
1.6619297703472755,-0.46008839534578194,1.8073020247217406,1.7582370996784609,-0.2920213316181166,-1.2194905473125106,-1.5291502975900153,-2.4813211805886057,1,Tier3
-0.3767004863722298,-0.1495337514189099,-0.6587513205784503,1.567323265291816,-0.4789654328628339,-2.948409106240123,-0.9789647251071774,0.040190320958357395,0,Tier2
-0.23683145896557267,0.45888363861712456,1.1470177834197857,1.8477363696013578,-0.9780856354795666,-0.7546212471898202,-0.7821862726962591,-0.13760414805645005,0,Tier2
2.013698349534853,2.5270880787102414,0.021469588000218254,-1.4846575531387194,2.1410570310493338,0.3793251259090119,-0.08157653231651274,0.2749960779891808,0,Tier4
-0.0958713062625303,1.8726302360808857,-0.14485999019872842,-0.9265449860441682,1.196297857690511,0.7217132051531168,0.40325240366907555,0.9006259105489973,0,Tier2
-0.8560010352744445,3.3910699159457858,3.1822305146051013,-0.4261024189927848,-0.9156084108997415,-1.0700425182370208,-3.956681962208807,0.1496769918123657,0,Tier2
-0.23008476161135608,0.8949229478482936,-1.2084337276299366,-3.0805551369772166,0.7617506458478641,2.808029572144463,1.6450489836644309,2.3124541791612776,0,Tier2
-1.970288616052164,-0.8178880092517418,-1.179404365972925,-0.335262795979685,1.4225454549658454,1.5648143611587173,2.335324188403426,-0.3282608786810419,1,Tier1
0.6076317593481398,-0.17058850909503875,0.3059608700444294,1.1797477222707866,-1.5993242856957957,0.7854191097877361,0.5913589176624603,1.328401051264276,0,Tier3
-0.7443711598045819,-1.535214254497939,-3.50005775241664,2.671025228801705,1.308522168737535,0.8825155284538605,5.2919808271302005,1.3649316612597568,1,Tier2
-1.1036947701542872,2.5551719497476566,2.187129172674551,-1.7201857176210922,-0.4812294317864232,0.9494384790682742,-2.1666060703978354,0.7344591277763061,0,Tier2
0.47733145642319164,-0.6692509960490389,-1.0402576333692384,-1.20759379742641,0.4209958761359174,0.1368377082945993,0.43828600588970684,0.16723590255889498,0,Tier3
1.4115117885397617,1.3145258347069042,4.117688566279633,1.2336975255528757,-1.2621511396432088,-0.7392703635277497,-3.6142443938859197,-2.264458546527389,1,Tier3
-0.1332975669939288,2.0001078406976855,-2.085835184627629,0.22909541872803918,2.764321885409073,3.082726680872779,4.753818371780603,2.3305109634347425,0,Tier2
-1.3156669929208955,-2.21677757994812,-1.9274532282926544,0.6804937472145438,1.5997769537858064,-2.4378269816998355,0.5351377386412184,-2.2850244169938514,1,Tier2
1.2199329755364838,-0.3861685039067785,-0.40161442839728145,1.3283801866429479,-0.31209785807755797,1.5391694413562735,2.130962289588076,0.8869413531331426,1,Tier3
-0.0948269890469991,-1.4961181118919735,-2.399743483334945,-1.881940323623536,-0.6013738862995153,2.258219775848401,2.583019216246428,2.5967174882994764,0,Tier2
-1.5066441222537537,0.3320668352972105,2.4646268917248975,-0.11394925110027421,-2.5088912403170776,3.5832190218933184,0.03434515999233545,1.2990542081060446,1,Tier2
-0.7036867654919974,3.0501169078464088,-2.042521146151592,-1.2376119248633408,2.4934718585867786,3.7073816523586176,4.322375354866427,3.704892119108171,0,Tier2
0.5748278843813402,3.284137377850857,3.01187399847335,0.6893666312424616,0.2536151492386072,0.2460863224719847,-1.9523021543637746,-0.47899839300330793,0,Tier3
-0.9026286254062197,3.8833982361775305,-0.44153625209078395,-2.2527747843128623,1.34504236787815,2.649868822093778,1.380589693344232,3.5133390526933566,1,Tier2
0.7427230614249261,-1.6243188325905558,-3.217593693143086,1.226819900056188,2.5050027608603758,0.5756406637634639,4.355548917501869,-0.2678781570969766,1,Tier3
-1.3633436074053245,2.50811716205734,-1.0907229117650687,-3.141401714619971,1.7927744765626892,-0.0035374334025419785,-0.41759053096324816,1.6788761378157666,1,Tier2
-1.0429690333437662,-2.230692029032429,-5.209639241540575,3.6452605281868373,2.4207732651275555,0.7462075841573692,7.383879428387959,1.4338237607645206,1,Tier2
0.42547139158009356,0.8014885073506538,-1.681524170285905,-2.6012011513452,2.6647503054390853,-1.9437723697330878,-0.8599553789958652,-0.7054884745024645,1,Tier3
1.524284860747478,3.0276779160718217,2.1163628496898474,-0.7090944241015803,0.5306888845049647,0.1251209962154506,-1.974990652367268,-0.043294400095639674,0,Tier3
0.5086115694764219,-0.1293194157116817,0.9554806826615241,0.19770378310701675,0.537570257452891,-2.208466330420948,-2.2171921159846026,-2.396651960121079,1,Tier3
0.6576356647244124,-2.4819005757186154,-3.121059808340516,2.94309124259017,0.36657462765599325,4.191522055560467,7.437364523463153,2.1349573918589835,1,Tier3
-0.34313311305969985,1.443337993086297,0.6925503548446661,-2.883930576592255,-1.0100362142517005,-1.0421302880520027,-3.158108435866458,1.2129319056387498,0,Tier2
-0.06021387961472527,-2.328822658621998,-2.6219240830090516,-2.3690845938521985,-2.9810581907466327,-0.9455424051376916,-0.4580451059414732,3.3568826169566752,0,Tier2
0.8860273870113858,0.5576058168835829,-1.1533170940528736,-0.9194809033546227,-1.1998449584257997,-0.6013025850792972,-0.29993032204512193,2.7086173528554234,1,Tier3
-0.9239183911032677,-0.4547619122502702,-1.2499336477213436,-1.0202001120079336,-1.1615130489006016,-3.1818435066151207,-2.187951795085466,1.0197202996006252,0,Tier2
-0.8635260630446725,-0.5451920356786404,-2.7905759487995185,0.7229506005000197,-0.02096722169411458,1.2931623238668095,3.651220474817376,2.940901699948494,0,Tier2
0.2528944168422004,2.258861860684676,1.8603636045956096,-1.5011273584606857,-1.3106673247151388,-0.8061118054997998,-3.301877134880736,1.0436264916561833,0,Tier3
-0.9221949631142771,-0.1183944435408466,4.352366065617639,1.8587411554175195,-1.7877081373368453,-2.253992130262726,-4.70446214563345,-3.785046412873268,1,Tier2
-0.08192307484655668,2.198008576755588,0.38013002793739953,-1.0589801327598227,-0.04940692837526384,-2.4439098815486444,-2.798914880157142,0.7923851501523279,1,Tier2
0.21283260712534693,1.0971933252808808,2.5625863599314362,0.22031521376520535,-0.2576452545329966,-0.6771902987638754,-2.5851868430331035,-1.7420533070301818,1,Tier3
0.17818927202181611,0.0912729410570674,-2.025338509893031,-0.9608660358285739,1.3015427739048169,-1.139000147726155,0.5921241776969512,0.6094090313668472,1,Tier3
-0.7121370117112932,0.7325528209508281,2.1600218839343066,-0.25731653022772794,0.17069131022243245,-1.3553332478823537,-2.9083706592659655,-2.272781152913441,1,Tier2
0.26872299878292705,1.2412215831182047,0.8445822429092263,0.27163216882344,-0.9295361992516891,-1.6414962236786867,-2.0494181524056545,0.5562815350934469,0,Tier3
-0.3057369316307639,-0.551324749715193,-1.1626001081032507,-2.6501611393947058,0.43788580433035695,-0.025209288450191547,-0.343677338155643,0.3492752111882098,0,Tier2
1.1966177360048202,0.23673179377466758,1.9067483033917938,-2.7542733654778915,0.27296719970082395,-0.23257888363864732,-3.126128624243166,-2.139236263638653,0,Tier3
-0.3026030234289217,0.9286763573797602,-1.9646479048902827,-2.736153268784257,3.315476479206565,-1.3600854740142732,-0.1070171479890516,-0.7289910860907084,1,Tier2
-0.67815904304702,0.17720782248417977,-0.9748970630966121,1.3395307843146185,0.44509483816835504,-0.4505176685915253,1.2605832876976688,0.5998040913202934,1,Tier2
-1.2397101999703488,-0.5913228301173847,-1.1673484969374843,-1.3446496580024658,-1.5407983023189291,-0.9483744740927763,-0.8205520512192155,1.9262770244701155,0,Tier2
0.743133265424835,-1.3427233353875385,-1.1877301198418797,-0.8429344563101628,0.34471911082709006,2.9118023276505305,2.855177469668386,0.7196748844212146,1,Tier3
-1.570125281645645,3.7982834207258818,3.2302592494945097,-1.8649441435942622,-0.1467373749609613,0.64492490138148,-3.2845343353257395,0.2967778136777648,1,Tier2
0.0037664035082537583,-1.1748763784792817,-3.2240519865106387,2.7295321015902894,2.168376274746781,-0.12460621932521199,4.527724150885861,0.21570437554805322,1,Tier2
0.6391569570392404,2.4810537900567904,-1.9517289308511336,-3.7261475786240066,3.1469682135051134,-0.3723741670503291,0.021054658039509455,1.1389062752459767,1,Tier3
0.2078824286333278,-2.363805745937201,-5.047727919375332,3.3505211898137164,0.9184705345013217,2.0039170603432996,7.696164006174566,3.0291423353441553,1,Tier3
-0.43772557538684836,2.2987743776853966,-1.2709903864630028,-3.217024614790171,2.2440487648351892,-0.3804584185511768,-0.4819124890145341,1.121350808385904,1,Tier2
0.8332245281449644,-0.5764398231092882,-0.689857699439588,0.4729782981023849,1.088623377818569,-0.8767437274968725,0.42501781011804396,-1.1326509711976955,1,Tier3
1.4872796272729016,-0.42848822872524606,-1.856704439447496,-2.9413467013031376,0.6688048224097296,1.0755996151718497,0.9547135528822678,1.3443174793304267,0,Tier3
0.1463059745402124,-0.5352705825938175,-0.880466258820195,-0.3551660220416035,0.8926243545108884,1.373902231487682,1.8014039810161755,0.056524677176106985,1,Tier3
0.6319871331739438,-2.5006281004502324,-6.709592115633063,3.293915975191032,0.9183297141035913,1.5071504140730876,8.651692156012421,4.519840551775456,1,Tier3
-0.12100720324288335,-0.6954758261843983,-1.3045398237948422,-4.935281317816855,2.0827169417297786,0.7056167579694699,-0.48204535202774235,-0.9611725587313797,0,Tier2
0.35215976323623555,1.4742327878724013,1.3911460921905747,-1.2074776402740899,0.5901150340843335,-0.862227426271527,-2.3305256801091048,-1.0267573567853325,1,Tier3
1.9229934548284913,-2.574704258156102,-5.829448135372009,3.2428711471966434,0.948074406590879,1.4040003054793393,7.837188044467531,3.450612887304643,1,Tier3
-1.5844211281771077,0.7554622641428819,-0.57335365436434,-2.6652969362566448,2.850002583283319,-2.1914812304276996,-1.9409788694156287,-2.193111412512782,1,Tier2
-0.9190197910689418,-2.2834997516891287,-3.2698196967911075,2.2502672147280474,2.2033806027757032,3.039620776675308,6.751979053173514,0.30408223167285686,1,Tier2
-0.551876051185797,0.06284375099484674,0.084928421506264,2.6978124051028276,-0.7239080255402084,1.6822654713154732,2.451169835819656,1.1983408831614306,1,Tier2
-1.289516719300908,1.2057414482029005,-0.20133779627964554,-1.8076225726493151,0.6090803004961682,1.7245135006879166,0.6261431166066208,1.2855431492023528,0,Tier2
-0.2073438265359958,0.5386471645326204,-0.6186924340760886,-3.7923860634731685,0.4094357541546991,1.6328157954591735,-0.1741458470293823,1.3272738734091623,0,Tier2
-0.8434854962770777,-2.611329035122092,-6.268732807172161,2.5044089320751963,4.098740703874052,-0.5762052802704942,7.057219952374057,0.16572245496927474,1,Tier2
-1.2844508622826205,2.0200542491314732,0.8812985232214369,0.48837018916852815,-0.22895673196452937,0.7411626124829113,-0.01843406622384486,1.3142768500217397,0,Tier2
0.6849349394011915,-0.47217391787505203,-2.29971133811556,-0.4600983477893177,1.2162916072035057,-0.4972606452114139,1.5631371052991643,0.6932718257209611,1,Tier3
0.20998819408049657,5.68267280196649,2.0883191649927486,-1.7515023002145056,3.5067512966498944,0.7922990972351326,-1.3708270084148917,-0.32568957735988,0,Tier3
1.285693270572076,1.2920376817621517,0.9045514459415694,-1.7647044662443863,0.8870455950539142,-0.10218063794709353,-1.5746261942918913,-0.698693503691596,0,Tier3
0.698164421750891,-0.23811670052402434,0.09678939651290874,-0.8900710611126265,-1.0433828604254867,1.2265181991463714,0.14071302277505993,1.1208545751115149,0,Tier3
0.7758975489914652,-2.1826095138278365,-5.293035529976313,3.1291798570415272,3.3087887369595745,0.4567652100213826,7.170578509124166,0.6095178621087856,1,Tier3
0.13176187600038997,-0.29364631944500896,-0.3621499705755902,-0.8778747894702896,-3.170430423713194,-1.9099779518014275,-2.357208674946894,2.593825341167376,0,Tier3
1.4794614334697658,-0.9293399045067356,-2.270178853271624,-1.3000986883006083,0.6405964666037522,1.6425775145518373,2.5947942635454906,1.5385325218184136,1,Tier3
0.03719327862066938,1.6672236238565854,1.8208348691384377,-0.5267374606309749,0.5560872540926329,-0.7797626043275028,-2.2746878234363903,-1.262225542513323,1,Tier2
-0.7339942788786429,0.47855518801347163,0.3997022918739306,2.0069257233338598,-1.6034541994297569,-2.5840615138841923,-1.6227629734797004,0.6786182883943984,0,Tier2
-2.2041733854125187,-0.5889968897687419,-2.050104357509085,-0.9384910807981105,-0.20671326883240915,2.04972584190891,2.7018983207763023,2.5626409480095864,0,Tier1
0.6086563386341333,3.904714408432878,0.4534313260817959,-1.3933953117064948,3.694385581165094,-0.21016222468080348,-0.5064453857154549,-0.6761150711729333,0,Tier3
0.003275907102981825,-2.6408924491063077,-2.2905926280797706,1.585005247364756,-1.3367534605475884,5.79871176058426,6.861463413755664,3.3173662316781924,1,Tier2
0.2729899044904501,0.015593264742739144,1.1803149748494761,0.8049404470652597,0.030928445184577602,-1.2199381623597882,-1.4573196116250355,-1.6929149158993417,1,Tier3
-1.1751619961278839,1.6411125255058798,0.8172697701478808,-4.1055978615929885,-1.081070312826888,-0.4295284672216355,-3.46223326416268,1.5423423423513452,0,Tier2
0.2011890594004428,1.6799866091874889,-0.4568000919889414,-1.387869455244858,1.0096600962080382,-0.048899055034798966,-0.20686320494855992,0.9944346849314472,1,Tier3
1.927688056490815,0.2884252735045022,-2.4229743227907066,-1.6552260466353905,2.6266698281406198,-1.065006811235409,0.9161148301336963,-0.05010244292356869,1,Tier3
-0.6466556335942929,1.462908076384042,2.1816265740563274,-0.8409534574000248,0.4373763451296093,-0.8217871587027624,-2.7885021540417068,-1.7236886582214346,1,Tier2
0.3766353761798157,0.23449988887638584,2.750547589878957,-0.26583108801032385,-3.052458978514668,-0.836751965168768,-3.7528401625750445,-0.030314334567868473,0,Tier3
1.9731246657865393,3.6403153752904798,0.6517788632948054,-1.3150352337070261,2.013345567877953,0.5514918504721515,-0.44157870262946797,0.768809982465447,0,Tier4
1.2293691835821718,2.522823661348407,1.727342700148303,0.7773995513597522,-1.0665867800024738,1.407684493688276,-0.2671115135707067,1.8910154204029075,0,Tier3
-1.4055189311177638,0.6849900725998637,-0.1510017622673367,0.7600509818174812,-0.3460301507442649,-0.054923614216607186,0.3784273582249987,1.0794763704564385,0,Tier2
1.2082567326532243,-0.18257528203858486,5.836544991387086,2.2423575513481384,-1.9331580836192739,-2.5225509222769964,-5.950684194496632,-5.3803984753851735,1,Tier3
-0.41372532258962474,3.760779343595045,1.2317241347792067,-2.473067322273714,0.7983328283565828,1.3428563696291729,-1.2180536300921716,1.7172772151266296,1,Tier2
0.6045303061799301,4.668600194061501,4.393916206085207,1.6004365233784754,0.9268885603903596,-0.6682746323511619,-3.1769134841164632,-1.6990010002212679,0,Tier3
-1.2707564549216974,2.276646805595482,0.7011177431603872,-0.5191520045706957,1.1606296309410118,0.7089085157975905,-0.10392999908474065,0.38057321179115755,0,Tier2
1.503861686107504,-0.1254963347883572,-1.4025340730173692,0.14517303132925052,1.1938600505558001,-0.20783310018853207,1.3521459068687502,0.15282898263892208,1,Tier3
1.3172459401476873,0.6454390512548096,-2.251948764331088,-1.8837593832218902,2.0043929842058965,0.6306053566180625,1.781369281634046,1.2569517375190054,0,Tier3
1.39420825461489,2.09360330591616,1.448021312524549,-0.3861138857722709,-0.08939477927554829,-2.471387601680306,-3.343941305243081,-0.4197973257295302,0,Tier3
-0.6955201502034049,2.4183359663700537,-2.344994628117924,-4.805027914129309,3.8994286070715765,-1.2146333431581036,-0.6829293768221163,0.5025819830100893,1,Tier2
-0.6019941468839443,0.3336936935759933,2.401518063612067,-1.7885564345246134,-1.0009344831903366,2.605262914618367,-1.1782012297469582,-0.40793731454113535,1,Tier2
-0.20818714378121492,2.6132173759682957,2.6502569870313444,-0.3523464532891828,-2.381992085030804,-2.0118429262585007,-4.520946204479765,1.144219331804258,0,Tier2
-1.4634361560181446,1.330502306705639,0.5257246418184718,-0.4962642418490122,0.7151260999231959,0.36685557401713964,-0.284188126552237,0.049010379004786775,0,Tier2
-1.1132230564770607,-2.5942743624124294,-6.1089525501791595,2.8571115160689335,3.063258891163585,-0.19896675937946462,7.151546850943118,1.1410851213484805,1,Tier2
-1.9363692749310826,-2.0848068282544556,-2.2226956846537025,1.916641019428746,0.5793466439026285,3.44387680408221,5.635176524327657,1.0831076347149073,1,Tier1
0.7991014640218883,-1.2642558401431154,1.0012351040673442,1.0789891746412485,0.40756293566394475,-2.5085620547638063,-2.0135266209837472,-3.4359364912391634,1,Tier3
0.342399349995849,-2.0105826059139202,-5.219847292233766,3.954294771238539,2.623618206558681,0.37615948001809885,7.316030526016141,1.3156106092919082,1,Tier3
-0.9320368655873537,-0.4879220824684216,-1.016495423194745,-1.674851686282917,-0.9591428501422095,1.265091902035655,0.6938013535023653,2.02910776842707,0,Tier2
0.20014503304048192,0.4029753759375241,-3.0293987427883753,-0.9912236105541243,2.647839668618069,-0.02199667795268989,2.5524413131775296,1.0179720275455288,1,Tier3
0.7224739109091558,-1.0163521657098515,1.1757232143242762,2.4585977037192555,-1.09681280419598,-0.370496270840475,-0.17552692932985492,-1.2410341634476003,1,Tier3
0.20767478048424776,-0.2085285097147198,-2.876804316965147,-0.6666713935328139,-0.3787094647164202,-0.5103782290478474,1.5286116767450766,3.0975725797262252,1,Tier3
0.594794706576607,-0.9967187958204878,-0.04679731145768384,-1.1989678954329746,-1.3187500485858834,3.6620804648745446,1.8980833227037848,1.68286404561656,1,Tier3
0.1565915053864577,0.4469914408156901,1.1134991612086123,0.09116615550388252,-0.11585408629872496,-1.3237062680068368,-1.905403743591674,-1.1216618856883904,1,Tier3
3.556458074376815,1.1606649501989568,0.6330991688827983,-0.8265340460817483,-1.2877842418644434,-2.373509908503106,-3.0919035608654157,0.8298326216480754,0,Tier4
0.43813657214145746,2.132832805791664,-0.8089753233746992,0.8943107471672831,1.446114656221975,2.1955085703896016,3.071858780401204,2.0662159171181056,0,Tier3
-0.26312452696043603,1.5441197469889434,2.10548952808058,0.01726661996635337,-1.03151622647982,-0.10657685674854367,-2.084336961649543,0.08982437527817999,1,Tier2
-1.3403841850963165,1.645184763397713,-0.6588569908920416,1.7461996534098176,0.853592566896396,1.122813056323877,2.459676770954757,1.6843312701680397,0,Tier2
0.7056312338051302,0.6587867765003029,0.3583593950213324,0.6618927636551608,-1.5294530562126578,-2.739359400848227,-2.4027830893887403,0.7747630633912184,0,Tier3
0.42306344112465016,0.17833166954921453,4.612947522879425,2.659937250622193,-2.117456618965661,-0.9043219096114734,-3.5608260273555996,-3.0395658471092473,1,Tier3
1.8871389599922743,3.4058124115513184,-0.9425507115057048,-0.386719996244149,2.30509667068874,1.3849090981579755,2.057182374107848,2.246522360843793,0,Tier3
-0.7285501843308623,3.09171677842852,2.8641139549706414,-0.7896328660427067,-1.0725391277779621,-0.02108119269889208,-3.121803274502181,0.7300402279133358,0,Tier2
1.262226753925343,-1.0331008520458866,-3.9727695713423166,1.9461658815241367,1.5065725219994612,-0.4408053249640074,4.325673811131615,1.6913250213159121,1,Tier3
1.9440486756879016,-0.24205320121804208,-2.73833853821308,-1.8615602651466177,2.0574292519969104,1.4368822046068908,2.8411131054606464,1.2053650836060434,0,Tier3
0.6445848930713157,-0.8303186589700038,-3.897349147992993,1.224503272279902,0.11369499659419846,-0.30877638216035797,3.646847991629625,3.2013191186293875,1,Tier3
0.26748740873384264,1.827673470883736,-0.45403789476984735,-2.0517004824594425,1.342709494598513,-0.10777583772389576,-0.5286626697224199,0.7859768159124123,1,Tier3
0.9200138055422513,2.1280552750247876,1.629469397184708,-0.9029143645610989,-0.0377173758530841,0.14384800819059818,-1.7723257252697997,0.24170314582711916,0,Tier3
1.0153815223840665,2.7573829908443086,2.5104527849772857,-0.5715109321597186,-1.4099157848427528,1.187954667173916,-1.8722082649573262,1.5396938348534905,1,Tier3
0.7788107685278894,2.0025571141489777,-1.541431656209237,-2.8434492125876445,2.0180075314315262,2.043629271837769,1.727074511363562,2.169308047571744,0,Tier3
-1.171304595544942,2.500867541933542,2.089517992539334,-1.8753220723992259,0.606678424660067,-0.8352577972327138,-3.2600454383532784,-0.8616434837773878,1,Tier2
-0.7421464237843225,1.0952215792599689,0.7447536773613956,-0.37081602572046624,0.9800715200818869,-0.7361936073023492,-1.1621961580498374,-1.0203438683039026,1,Tier2
1.1440926945412941,1.2373546729056744,-1.4714224889350427,-2.954553988569516,2.0521265570964182,-1.5464243177957355,-1.0757542069153194,0.19032338678618643,1,Tier3
-0.6386898406438029,1.6176422618290243,3.63542626523588,0.5157321556715222,-0.9292038101465154,0.3113771338463971,-2.7329197758917436,-1.4470448234088624,1,Tier2
-3.5409611463465622,1.9297410912342063,-1.0093029796217112,-1.2584028738189676,1.2488910599925087,1.1159287579823265,1.2438693600829418,1.9589612302065236,1,Tier1
-2.2029309113576905,-1.5182073488803622,-1.6046436386611342,1.3738574430036623,1.9803358578747663,2.0465869909579304,4.101649256651576,-0.8990380519704386,1,Tier1
-0.44850253406305407,2.753513525725497,2.3090023514701437,0.9206844930362912,0.24622092666676432,-1.0837580537056608,-2.2489087268916745,-0.6360162596511529,0,Tier2
-0.2516894907690534,1.5156759878657353,-0.7143714987894723,0.2146301561816697,1.9164404206622803,0.12278176699598031,1.1978212411269418,0.2779080269121318,0,Tier2
0.8105937992459662,0.43267787276169445,-1.5305297025799558,0.8475663803813032,1.526693597686247,-1.783067138677676,0.6952322378716118,-0.07144881775248879,1,Tier3
1.7446550619086891,-1.163970807403314,-1.4446922658766592,0.37113061101929,-2.2488379821535522,-2.1709856039865167,-0.7671106913657311,1.978566262531602,0,Tier3
0.9376297471804805,2.577934150445527,3.699282974908456,-0.9406638134800509,-0.48680817414603217,-0.14222336073561181,-3.8200879848985245,-1.2282711530193877,1,Tier3
-2.00580622161407,1.1755186853966464,0.8672444311104976,-3.356239246436667,-2.3653329987022964,-0.23007650930285417,-3.2481705719002685,2.3856682981164945,0,Tier1
1.07066002828769,-0.6838928957627824,0.9639462175967501,0.9092238647955126,0.42214045152643676,3.7658406353185074,2.665051454261888,-0.8079509608401423,1,Tier3
-0.3235174434423892,-0.9965833079837227,-2.007152880453591,-0.2610300423889018,0.495826887535884,2.169286917794286,3.2936349923748773,1.5017342388592434,1,Tier2
0.00625654097073757,3.0542109853791954,0.15087940706082126,-3.2934838999128218,1.836778551340259,-0.49702720410518875,-1.8920036724308795,0.6311178401870614,1,Tier2
0.45686325636846165,0.21039081326960485,0.32597392106734474,-0.3187574662409769,-0.8397162041198236,1.7028411755751702,0.6495516682302485,1.2268305056411664,1,Tier3
1.4297307261923515,2.588177577640512,-0.7650394112418375,1.0954871582354406,1.745549622825501,1.5018974936523501,2.673595357639118,1.8983917694562522,0,Tier3
-0.7378983351183096,0.6434463029636786,-0.030244282221212115,-3.775349013753748,-1.5966500239090948,0.025738471350269077,-2.3428856533599696,2.2132339334208178,0,Tier2
-0.3783926926938018,-1.9696834250894604,-3.045190947548649,-1.826861162865171,0.888538817209269,1.1391609247327596,2.660378889531443,1.0409217143508858,0,Tier2
0.5957719966107027,1.598374092558396,0.13502018864742116,-1.8865750628577818,1.5594661361144302,-0.42748336888127114,-1.1063643589851335,-0.366723323712016,1,Tier3
-0.4463327971520985,-0.05289826414791232,-0.29684584579283,-0.8103847954460699,2.4204204275328856,-2.468322426552702,-1.4768740353977603,-2.900847063659086,1,Tier2
-1.6987693064583123,0.18477850760331582,-0.615577407833368,0.17291210855343708,0.04752514921163309,-1.6676194255660202,-0.6636242939406529,0.21933301044519737,0,Tier2
0.658297225203948,2.0602229969320227,1.9256420037736006,-0.49086697481885055,-1.6514520322948254,-0.42264282569099976,-2.607676131993432,1.2454970207721692,0,Tier3
1.4116720638553426,2.714139471512601,0.18915134075220985,-3.2325557928309383,1.7047539462550465,-0.9168636421669245,-2.2299757049977353,0.2769481112456338,1,Tier3
-1.218776233189182,0.9228000240850878,0.4630371242611683,-1.3562410496080322,-1.5708982499729016,-0.9651645809439546,-2.2251473834814446,1.550947872919732,0,Tier2
0.24962602560472855,-0.4844713737516507,-1.1071138340998727,0.7578392775961077,0.15464750529753424,1.0314759662634267,2.1362451138498986,0.9366440105859299,1,Tier3
-1.7797405111628606,0.8496782027277576,0.6891752710965724,-1.0010987672687692,-2.0723048705590372,-0.9601354731400917,-2.3359318657159873,1.7308027772336532,0,Tier1
-1.3200585659077924,2.2525463240270143,2.0039247601574646,0.27677084259548845,-1.1285239177788227,-1.9170607243453088,-3.2809909934590795,0.3168094633198706,0,Tier2
-1.2314681704286847,1.3145536575723307,1.6469526990343888,-0.5677191055986773,0.608811859607147,-0.3526534922712963,-1.8072930956522901,-1.2982717806384216,1,Tier2
0.1616789110029908,-0.5595585351187934,-3.3522432784194782,1.142768580847594,1.100399332006273,-0.9922817889414961,2.866980522334716,1.6704627136026358,1,Tier3
0.5284618918237096,4.423632203407156,1.5928547752340236,0.34338356890650257,1.4878435583691518,0.500688275519342,-0.5247083790493585,0.9340145862238787,0,Tier3
-0.5814317037171435,1.4177266101061181,-0.37023993718469106,0.6613028633039817,0.1665816608298898,0.5793842213918942,1.0849793671221648,1.6760908421491432,0,Tier2
-0.7905992211312695,0.4974049263026816,0.48337577777940655,1.5348091230855974,-0.7559741901897294,0.649709837687606,0.7102789213653209,0.8597849061048839,0,Tier2
0.930037197223281,0.17758493208051274,-0.9827543019488352,0.5126630521306024,0.9208080812052033,0.09268836215592846,1.3560880871437453,0.3348876346086622,1,Tier3
0.654663962731513,-1.3228565063743587,-0.9814000891108766,-0.18309494286939776,0.08356518024162396,3.5072861501343597,3.4223909528865146,0.9615871300070846,1,Tier3
2.0866256153414393,-2.85659893992414,-5.735163634693587,2.3478072661602214,3.24053693211284,0.9092126060116446,7.467664924923763,0.710188855127315,1,Tier4
0.19529665595685236,-2.028525717215529,-2.290514612533972,-0.5366763510695638,0.24623429833753085,3.899583259451057,4.663133313075251,1.710680813661686,1,Tier3
0.5403449145364171,-1.0891310950767594,-2.819546494287002,2.719606421477738,1.3315032499288315,1.245034504479037,5.027920999534976,1.130843574425946,1,Tier3
1.0802927581214419,0.190018781868723,-0.47605315868273096,-0.7311950848273365,-0.3814179042299761,-1.513156566912031,-1.2386978519541012,0.5551049981886306,0,Tier3
1.5084231286249086,0.5012296081409184,-0.17415448850418777,0.2849035958269228,0.42685069585705127,-0.13799166625131243,0.27361019477080617,0.165441823132215,0,Tier3
1.0922907020247334,2.021929694809549,1.5164298525046855,0.4566929381589022,0.008605847853792703,-0.9150661245026996,-1.751854102286043,-0.14473051337640785,0,Tier3
-1.0735110468966247,0.42523840269782975,-1.7707242342256575,-3.0320546520120106,2.350854349585695,0.1491917826403607,0.5082913003294185,0.06279634518003452,0,Tier2
1.1804283572479357,-1.4716324123189988,-2.0070165658028682,-0.6370104806881702,-0.24566575855964246,2.7619581378730356,3.382989141001622,2.004558921578708,1,Tier3
-0.8316922893199672,-0.44147274671609327,-4.389702667573833,0.5105829899999694,2.0927512037565554,-2.531681437214079,2.4477367860517694,1.4122729154896199,1,Tier2
1.4842990909183178,2.6367350038374435,-0.6217186325830788,-0.8296104889691274,2.3070799616028776,0.8146517657841669,1.1543926495070724,1.034892887969486,0,Tier3
1.2498965025459858,-1.5583955806947904,-0.02636302816186198,0.10861997775124832,0.9382245203718357,3.8876113661555505,3.294373661222197,-0.978751261962552,1,Tier3
-1.3286435742272604,1.9128063024948985,-0.6498286241547151,-0.7454819977567625,0.8419874149885227,2.9386713391406962,2.50464541902406,2.5562731449180736,0,Tier2
-1.8854421728240518,-2.144541972732652,-4.4481613127879545,-0.25801445486482844,3.0250252697133733,0.25624993230243154,4.476678925166839,-0.009922940081322107,1,Tier1
-0.35188217414045164,-0.7132696849455304,-0.231244792185052,-1.506294790998725,2.0609898416742807,-3.51966613634517,-2.758026194402693,-3.547671215960262,1,Tier2
0.38428868066582644,-1.4546056118956932,-3.263006755292053,-2.198863482446562,0.6682797991050716,2.2005569710268595,3.3779750417846515,2.3027268208055975,0,Tier3
0.5049919649096261,0.5528057376104882,0.041836208284158016,-0.7766514865662876,-0.5906207803419345,-0.3795103975538948,-0.8880020161224234,0.9047581574093908,0,Tier3
0.20048900501679653,1.1881478005642054,-0.026198376345580116,0.3842049611503435,-0.22606614716921736,-1.0014170979325874,-0.6253434692289821,0.9653874830373935,1,Tier3
0.8307939231033094,0.7804652964462682,0.8360380936364323,-2.876977012403643,-0.2580926033191222,0.5657289552018987,-1.8546565713579946,0.27239421422013876,0,Tier3
0.5132522896942462,2.5482914434694317,1.7399291943793345,0.8470288215871513,1.0355278142620472,-2.3337102824512304,-2.5756448386527806,-1.3941117951041453,0,Tier3
-0.36056673178985454,-0.15047690163052962,-2.5032346003657544,0.6891500266520306,1.0998477039660544,-1.3458624651944118,1.6540924666103494,1.0142775792012955,1,Tier2
-1.153966190889869,0.15835677109871305,1.51006563532831,0.8970297789913155,-0.35424620815752417,-1.5390781477727016,-2.0158247129871922,-1.650250993514856,1,Tier2
0.18773481527053326,0.6312923929740455,1.0290397927811277,0.22599116786767204,-0.6620296681335134,-0.20605708612217566,-1.0544593453609807,0.03465717894239817,1,Tier3
0.5210397575671122,-1.4140768879306749,0.23575862989155782,-2.0492827645288587,-0.8043510839407744,-0.28214147580617577,-1.6324479981265545,-0.7920524960606885,0,Tier3
1.475809645436334,1.7748183720180388,0.9067726395106117,-2.40579934024957,0.42190314750226243,1.2818648322876305,-0.9912478300700336,0.6484566491697304,0,Tier3
-2.233605245995567,2.047680078670842,1.6827765751325434,0.8851263775681129,-0.35518439141267377,-1.8184579819194417,-2.433593870125311,-0.25021908613808197,0,Tier1
1.7134380090505723,0.40435295638206026,-0.6703529237777007,-1.6318084047324153,0.9577478311469021,0.3913005019468926,0.1997637554892414,0.2905994522828863,0,Tier3
-1.0090361636684972,-2.3984031924958154,-6.448281625454374,3.3386038621939127,3.150090083472221,-0.3033265459533716,7.6177220919363045,1.5525834124765325,1,Tier2
0.35682849865796107,-0.5117806934254505,0.5865650346169041,0.10692512820992928,-1.6307677878141997,-0.2745079227691727,-1.0023141889358822,0.4166994257215124,0,Tier3
-1.0875140136176797,-3.8003707601553796,0.4347442358521747,2.921416109051914,0.5817975716737351,-3.9316354873249972,-1.5384995191367399,-5.745304613214007,1,Tier2
0.40021839083867333,1.6515067619581463,0.9463849590475881,-0.9478328155009985,0.5051229454610969,0.3305989979082875,-0.9528407997053499,0.0822411420315976,1,Tier3
-1.7953282230512257,-0.8745697431307338,-1.231605549957599,-2.887445632818456,-2.3727188561554593,0.5004631175363197,-0.6719366130772486,3.054579730428279,0,Tier1
0.2853040054883148,3.220190468104276,-0.43796987413505095,-3.3086583906618676,1.527772877361631,0.627350891602676,-0.646044870928856,2.0830492246176426,1,Tier3
0.6884984655791221,1.6964778121981121,-3.3429593965763362,-2.333379874378056,2.7379875559840294,1.2055387209989226,3.012886139406026,2.8367542802479786,1,Tier3
0.06954783670284528,1.91857983570147,-1.6128565470792187,-3.504923544825141,3.4599476568906216,-1.3035294555657186,-0.7526583954085924,-0.3397156291431266,1,Tier2
-0.37301165148314186,0.4048231616165353,-1.777967300904411,-3.044615413533851,1.5766848603423615,0.7386308092828006,0.7706949868395709,1.0034384356502088,0,Tier2
0.013978623619684896,-2.622568580904046,-4.739010725937056,1.6070178401543957,3.056059808363139,1.1505318113745286,6.395685569248236,0.1218489848232458,1,Tier2
1.752309969710899,-0.13638529823593504,2.0300954844514694,1.8697901260298329,-1.096149878075293,-0.15408018611290575,-1.0465959991809006,-1.2952734866096,1,Tier3
2.7223109325816255,0.8653931044044874,0.45352981854128815,-2.5048893229232876,-1.340745628080075,0.6863425096943652,-1.5148748974579214,1.8481287806314604,0,Tier4
2.541641059840153,1.2469815100129016,0.424576743165029,-1.8336953198858104,1.0661919301873828,-1.5509157309483719,-2.2721853606671707,-0.8810113810722189,1,Tier4
0.877631471260267,-1.0469324018380917,-2.5823511442237255,-1.1768828934957134,1.3011377651230172,2.0660878610617823,3.3959982393875006,1.2630379730428751,0,Tier3
1.2258790482242037,2.301578828987669,0.5460766729419654,0.13542743661395273,-0.7082064448689751,2.131718684859449,1.0000922275955444,2.856082829239714,1,Tier3
-1.0194778316576736,-3.3354866380024477,-3.6943427845085224,3.047667294049429,1.1761957136477814,5.365012576114394,9.068293719721389,1.5896073054737727,1,Tier2
-1.7230162191325151,-0.6736598608696771,-1.536270296217432,-0.7089529919061248,-0.29551583433307016,1.8021542354561264,2.1970902606065783,1.93988494749213,1,Tier1
0.5708545641151014,-3.042701477753041,-4.962941439757547,1.4632528025716787,1.5749693991718217,3.068649873645535,7.61672096175427,2.071958534398023,1,Tier3
0.4985108042011814,-1.2666983633872282,-1.548624397936693,-1.4343825011509233,0.14194697504395026,0.4190690476963853,0.9000825247724221,0.5491040250746798,0,Tier3
-0.9136686974462381,0.5912027842696345,0.07236302828954377,-1.8340696350188423,-1.8468996949073202,-1.9102150256327457,-2.9286824332673844,1.634983661777825,0,Tier2
-0.8430385264380745,-2.076570694686886,-5.237125619984771,1.4439776204083832,3.7292295199469043,0.1070817215574078,6.069426143843329,0.1374216157930529,1,Tier2
-0.292668612410809,4.185818687009316,-0.05665915051444248,-4.425299611232327,2.644288779631662,0.30425071107919255,-1.5547635816734258,1.349210554486552,1,Tier2
-0.6751563752501056,1.7048410406471914,1.463630643729899,-0.8221042561965185,-1.334821299554773,-0.3601639548765513,-2.2711343397005517,1.1398971072146495,0,Tier2
2.1153432191621837,1.4601077680959624,1.7440936554088122,-1.207633487175126,1.210236358663887,-1.0489516513949741,-2.6125131775221524,-2.083357728285619,1,Tier4
-0.16182322817597725,-0.6733487426334291,-2.6986714575576287,0.47503652882952163,1.568226046470729,-0.10482805924853822,2.768428503195697,0.7174599185049608,1,Tier2
2.0612454684605774,1.7965639990197344,2.747148705319993,-3.260783507681615,0.6289471604093819,-0.6903921545382878,-4.389762461804905,-2.1468340247935416,1,Tier4
-0.0006530739155414998,-2.2033907260136676,-3.466422861888497,-2.2017754068724176,0.20810385334983839,1.6308124194184326,3.024964793373844,2.1151762255241,0,Tier2
-0.3258976178858741,-1.068076978346518,-3.9225753608889002,0.9535513348587209,1.4038623603689158,-0.7260167482029842,3.522732933187422,1.6236700784152291,1,Tier2
-0.6278775390205247,-0.4010100732294579,-1.445171804787821,0.26602216775865584,1.5983549094422835,1.3537118982235696,2.737929484766286,0.07705521244642988,0,Tier2
0.7513474611501303,0.4402999943745177,-0.41193200032798566,-1.8471248165343543,-0.007470408573033938,-0.09154623193308731,-0.7208318590946422,0.8295821462835378,0,Tier3
-0.9821138759143679,-2.0673328058501426,-0.5883569245113642,-1.5994626350439027,-1.3407751623671937,0.9720457067783911,0.12018234110573456,0.44388526900828595,0,Tier2
1.9484253341324134,1.7431581947850663,2.0120487805808063,0.855524679368965,0.21748699609874134,-0.5957214513066409,-1.6465283121404939,-1.0241188924471563,0,Tier4
-0.4883670868558086,2.8856433672400517,3.081812028646384,-2.8261861461019615,-0.8445145887575398,-1.9166735969437432,-5.7469485956379796,-0.5139718286738884,1,Tier2
-0.3796535890915712,-1.514671798526057,-2.007168462559974,2.7270131622625264,-0.32124668884583385,3.776842409663099,5.906294996202361,2.338009019423385,1,Tier2
-1.4883254135185378,0.1975089112420929,1.5995355017359154,-0.036793579246801156,0.4321131776750853,-2.029673264326452,-2.7664842640850247,-2.6300742611287804,1,Tier2
-0.039523846164824177,1.609070610417609,1.022094251021774,-0.32236123659437477,1.4690508552051633,-1.139416447852816,-1.568349639257231,-1.4722798078440738,0,Tier2
-0.46016996854292425,1.6801274634537846,1.0108211425641604,-1.886825141803116,0.9831871982428997,-1.292385027373603,-2.6163424088825287,-0.9558252190569534,1,Tier2
0.5082764311900971,-0.20290648718455762,0.06184983066621068,-1.6853838731269737,-0.11996277276731737,1.7493889709125658,0.364852242396746,0.4720681400805524,1,Tier3
0.33295020049012247,-1.6372968437025177,-2.505257420989869,-1.0057984824379027,-0.403667984731763,1.65422665849652,2.7244014599375626,2.180390298620206,0,Tier3
1.88811087881252,1.1093652980016568,0.4039193204444712,-1.0988395867698622,0.7936098009437933,-0.8584004898895212,-1.4044204923356656,-0.49369294130601604,1,Tier3
-1.884330018952845,-2.707343995290568,-2.7103820700273986,0.7753561874359352,1.9131660164683995,-3.4407376783384467,0.5546659264822553,-2.5234824930486455,1,Tier1
0.42882255462666935,0.43707440675476017,-0.18998112133314837,-3.061841741089823,-1.4221135060287602,-0.4519897179297283,-2.150696607968573,1.8634909298392186,0,Tier3
0.5792129424360255,-1.5218020081791073,-0.5419029579686758,-3.2004008946080544,-0.2783669006433931,1.0343091745811943,-0.47797890772416846,-0.11824304400772534,0,Tier3
-0.007313180268049925,-0.35192388650875017,-1.5023087546848324,-0.4959156175306868,-0.055501756445018646,1.0599983633033654,1.76647808045741,1.7058405641050514,0,Tier2
1.574491300465195,0.46256529552325665,0.43353305982415835,-0.8057959174586978,0.7312795284048024,-1.693914477467567,-1.9018560130230058,-1.3196247689044485,1,Tier3
0.43053789319813046,2.7697567175547073,2.2248259156718766,0.4121636592458533,-0.30777440489013874,-3.5969180261569,-4.483428728930127,-0.8206792497437596,0,Tier3
2.766497489123994,0.7642573207766772,0.05477723473375373,-2.491035023271153,-1.0610029750179866,-0.8569379916750403,-2.2811179908425716,1.3987323884680674,0,Tier4
-0.6279767328966177,-1.7021514938185902,-1.2969084362125929,-0.5822693440856277,0.5714893599465203,3.6299975933008914,3.690567577969546,0.531942199829819,1,Tier2
-0.9232417043709195,1.21045817486874,0.5188761307983503,-1.4335337452896653,-0.14987411120629968,-0.17228894080817136,-1.3822144106122505,0.6251735616946111,0,Tier2
-0.2518927508324297,1.4529404034280846,-1.0956211454566827,-0.1143006711898612,0.6074246273353193,1.7280399867270726,2.242707569124949,2.443696518532829,0,Tier2
2.1435487613719655,2.9364235419734306,2.610559504497478,-1.7615516955358417,-1.447974838403837,-1.263864778668124,-4.452063977840296,0.8277633727220735,0,Tier4
0.07608325081486271,-2.659881921307372,-4.733735781414618,3.8479489080246583,2.2047917397753958,2.094221560369829,8.084834446429305,1.2005561155024487,1,Tier2
-0.8366223496618795,-2.212095284772703,-2.87979704999748,1.3758919856625604,2.3585370262532166,2.7251652012801193,5.769554944623522,-0.29500686601127013,1,Tier2
-0.31064688184828193,3.055201855191669,2.4305319128762477,-1.6382961545594341,1.2347548856517412,-1.024973906259738,-3.425422869161541,-1.4126181073574302,0,Tier2
-0.6441381578535159,-1.460758537723692,-1.65367940124459,-3.105676893232295,0.5373119537087517,-0.18408557406943693,-0.25089527120893074,-0.0771728497394486,0,Tier2
-1.3592247772616144,4.52744740374201,0.030026014632927644,-0.4390721838496072,2.6094804183850115,2.127917042489308,1.8355083102089473,2.1528998585674097,0,Tier2
1.1446542192482123,-2.669241763310367,-6.753000438660821,1.9901720759021229,2.7398776624541776,-0.25220138337394693,7.106305853322471,2.070856438117733,1,Tier3
-0.3103254573286268,1.362464370804901,2.05576163904269,0.2679303899949763,-0.4190214776061909,0.08170642666019923,-1.6179703361436615,-0.5558724511165578,1,Tier2
1.2810763920911812,0.5419189315352054,-0.10263095407450329,-0.5546460327619415,-0.3335477696528174,-0.5791330281579119,-0.7428853956362503,0.7298721211547683,0,Tier3
0.4587974992733392,-0.04608168021853021,-0.6238519358979242,-3.2616878910630227,-1.711308908388467,0.6113433949216718,-1.149934419217734,2.536329117057169,0,Tier3
0.753075565832127,1.0480549803842396,0.5189614569689919,-1.075875803270579,-1.3097337684902792,-2.3782107871957123,-3.135240319235203,0.8746884099541266,0,Tier3
-1.0208817019915095,3.8527220534726387,2.918523845300698,-2.4838498794203874,0.392681357372784,0.5894449524774623,-3.2713065819796947,0.14110499237957042,1,Tier2
0.6956595442991098,1.889356987269665,0.9075139695183221,-2.2290493437572554,1.7067108948653373,-1.243648592139202,-2.509804568781246,-1.3450930036963904,1,Tier3
-1.0300758824810878,2.3509373575574557,-0.6334860255322148,1.1420849360903111,0.4216578630565213,2.6849062009353055,3.179437824917321,3.2309430046380494,0,Tier2
0.24617043036257155,0.9279497238375383,0.08471988127799246,-1.9342601351748712,-0.26661690478773403,-0.037841808307794045,-1.2083914285082549,1.0029928927756342,0,Tier3
-0.002570863685376058,0.5106388346849505,3.160493947043093,0.34325094171040704,-1.1962947848081167,-2.158091753490888,-4.335243084493274,-2.4799195531589575,1,Tier2
0.5115029991322932,-0.8064279700281693,-1.7845647375065297,-0.10325371620163093,1.9378697868733572,0.2547626700212724,2.0816521861036343,-0.6118971026029565,1,Tier3
-0.9840314172504463,-0.27963608210012125,-2.219259238399189,-2.4978596739332963,1.0453315560794574,-0.5639294892802966,0.3274527463604697,0.9466279896023848,1,Tier2
0.4506078354157196,2.0585532807997375,1.8737113004720796,0.49414079340623407,-1.1363058984857108,-1.7041684908002377,-2.8947832240417783,0.3596541583836784,0,Tier3
0.3112986174303915,-1.2211001234917558,-2.0517877035019074,-0.9132926438312658,-1.2598035042042195,-2.753384015787815,-1.1518127678105978,1.433848541583406,0,Tier3
-0.2789919002886576,1.1216355315381321,-1.9939461690566214,-3.3617302902429014,1.246113859088894,2.3241415621485504,1.880166733559574,2.723410203825933,0,Tier2
-0.3066876363767765,0.888604098873226,-1.336603616766655,-0.5277430244798849,1.0613830377175313,0.7206659120194967,1.5842790441838477,1.4278896125544809,0,Tier2
-0.6518236786645775,1.7179344989871137,-1.1907415112965833,0.2618284226580656,0.8046422199926846,1.474624189330478,2.3651417905459136,2.4995389955366925,0,Tier2
0.62400913211282,-2.0386097548367976,-2.520386605700263,-1.44824848252237,0.3012986415381086,0.6902616578674449,1.9536933775721028,0.8378067899334851,0,Tier3
1.0716639795447496,-1.4469700460135377,-0.7974358251136475,-2.3507260308225915,0.19034182880660033,-0.9508698848889332,-1.2163776425385673,-0.9055606606683846,0,Tier3
-2.6906063880179767,-1.6248442747740848,-2.2794534902426777,-2.4771107862622843,0.3889064500759577,1.262946576142221,1.6569236845575102,1.0644096972289256,0,Tier1
0.9371155079842594,-2.862930558984286,1.0891179176298005,2.87901055896642,-0.31850745826413385,-2.6422891391777705,-1.3617982656496737,-4.305970974503552,1,Tier3
1.033299000054421,0.4913489038464952,3.0195708309832034,1.285399397043307,-1.636433738781669,-0.749614217301394,-2.7613464442076436,-1.4601301750188078,1,Tier3
-1.8001838537040453,0.48920695222277644,0.30763966929010755,0.917039182315303,-1.5015083047183795,-1.810346754840101,-1.5115136204076025,0.9570246817368455,0,Tier1
-0.6074408952832138,4.606623420906143,1.504522570209411,0.48309399825337485,2.9037633323322463,-1.839287347421246,-1.8204627778695968,-0.9693398917541594,0,Tier2
0.11933398707211175,2.168521049025731,-3.5493762749974094,-6.996045950909846,6.687481480148802,-3.525949044480105,-1.9330855552715693,-1.8930074259440814,1,Tier3
0.82979081410692,-0.08024816974820403,-1.2257973450657333,0.8578577617913781,0.837765391913385,-0.037300217844667305,1.6261609736538163,0.3996219433789473,0,Tier3
0.17597808900561476,-2.098368668850259,-4.506664678274104,2.6470603826923043,0.46263043491024125,1.9221641332401183,6.705400081288955,3.111941081861108,1,Tier3
0.7217672558611554,3.3444025077651562,2.86432219033259,-3.408028144297255,-1.4752245125428929,-0.41948119476246215,-4.905823088186166,1.2450865809054887,0,Tier3
-0.027952130248583073,0.29194374939512346,-1.1320596236410594,0.0381595933837342,1.0503573803071475,0.26015820241478105,1.382280673330188,0.5308602212531615,1,Tier2
-0.1883658466196552,1.5701955432644088,-0.6524721055273991,-1.3649096915937238,0.6480929709658187,2.5732273613131333,1.8684562765200627,2.3299946139258045,0,Tier2
-0.6573816578684561,0.6419596875143061,-3.5648869188245103,-2.8812408947454964,3.639995317521517,-1.3843570427316165,1.1912408157246492,0.4043048848700459,1,Tier2
1.575681897225293,1.5248535986126095,0.4170726143757295,-0.4936638234620502,0.0666717397351646,0.2372323088710364,-0.4523625876736834,0.9268560213962476,1,Tier3
-0.16362745408401935,1.8587593176474426,1.5553017458934497,1.17461773332449,-0.6396510802872305,-2.512237974674301,-2.764240021851374,-0.23817312690852055,0,Tier2
0.18909763054717318,1.39580463866303,1.2903649465938174,-0.14637179659548827,-1.3350875076593751,0.32583740274482853,-1.2447603431874568,1.2712076338821263,0,Tier3
0.45267917616006303,0.8215823736700978,0.2914417420909385,-0.3399568050868963,-0.7225252646731821,-0.8455115696915882,-1.254568902422323,0.8450591017841116,0,Tier3
0.10205115731285117,0.7219021810729773,-0.7294282889015005,-1.353697135771873,2.2701730542984464,-0.9635857672644184,-0.32970803334196086,-1.0979249144639291,1,Tier2
0.540240544084207,1.97660329880101,1.1889606360876446,-0.5127208467082547,0.38583703901676336,-1.4044558921334482,-2.27439195722067,-0.35404193271532547,0,Tier3
-0.9921847276391071,1.5091904652599366,0.7255858386765225,-0.938448774733096,-0.08687706333333545,-1.5383374113425776,-2.319289471832116,0.1480138887467506,0,Tier2
-0.652299404494563,-0.30883467503452433,-1.0780502412772999,-1.485632771824239,3.225746218025304,-2.911931700649915,-1.3310073271924012,-3.217743280206129,1,Tier2
-0.9067927155209334,1.5972007039105314,-1.2270255851768814,-1.2518462758437656,1.6670137790336126,1.4119281262310668,1.759002137115456,1.5871726024246264,0,Tier2
0.9787061296547942,1.2711380073249658,1.0956471481651668,-2.9907974898887844,-2.6276221944057627,0.33130450889515406,-2.88243469948764,2.664436366897955,0,Tier3
1.882865749640369,3.2528916200390774,3.0558912433245555,0.4091672160074964,0.10488050691010575,1.1107182585367297,-1.5153051548262142,-0.11806639745696224,0,Tier3
0.08368981997688686,1.1917386408830768,0.5466560819786906,-1.212839526556838,-0.48952269767580336,-0.6781967247781637,-1.7519934873215228,0.739350804646457,0,Tier2
-1.0432034011890876,3.6814834645129553,0.7902666058380965,1.3531494480700736,2.4912899862759748,1.1119595602202086,1.3868836720318356,0.3461408616881674,0,Tier2
0.14955959763717236,3.669731509037055,-0.2389957921352166,-4.994525401390424,2.896623153342382,-0.6947295373005447,-2.386161388951799,0.5147701884363427,1,Tier3
0.0533279658494385,1.0444643351442013,-1.4006698493397525,-2.0273015866618125,2.4762620394065986,-0.813759411568761,0.016322332435051212,-0.23746165492448634,1,Tier2
0.02261002381455466,-0.49479922106051233,0.8087699825174772,-1.7542781907410807,-1.0100748703740536,0.5534119581418036,-1.3897271451493616,-0.11400038449222438,0,Tier2
1.4294647090765544,3.93936625820262,3.8391217949308167,1.3829650792537267,-1.3926475486497802,-3.6914105967055293,-5.656444054503698,-0.4932761726393622,0,Tier3
2.199188037889086,0.4788813236107865,-0.25739062751579755,-0.6629208769000768,0.8972709742119752,-0.9160459817442699,-0.6342379043858735,-0.4716190932359723,1,Tier4
0.9691829873622679,0.8588061150555781,1.0692993935819946,-1.1073262478796215,0.5716706196105948,-1.7689004292698767,-2.6868971323303277,-1.513346342844739,1,Tier3
-1.5764391935210893,3.183230437459926,-0.11400090432109045,2.38559087956654,0.7122915054688652,1.4988611524354343,2.5548074513519143,2.721934762584313,0,Tier2
-1.4559855451036634,-0.3541861698645715,-3.529362530625951,2.0985174356517113,0.5088538645777947,-0.949281575020527,3.4004820922534122,2.6219484531046744,1,Tier2
0.2147990149793038,1.8444931715280346,-1.2377969240946496,0.22230303115944605,2.581708465015173,-0.2991356638288496,1.4577066235307468,0.3400987201684521,0,Tier3
-1.181056275629766,-2.0112842343436452,-3.915170019786981,2.440719078714488,1.365543087888869,1.252904371095585,5.818616092664589,1.456429891280108,1,Tier2
1.4889450601163348,0.3795484455940087,-2.1623721210235267,-0.5029020852704842,1.3907539291655417,1.0765668771417733,2.6354257389965627,1.6556734881916075,0,Tier3
-1.409946401889573,2.2208898209357315,1.5491475175934772,0.8773233792918174,0.5517514309506604,-2.281555342679575,-2.469165222434823,-0.9919421654969895,0,Tier2
0.15233515982726717,2.5883140461253324,1.6689169773239096,-1.7212578324984906,1.065594950913637,-0.042050247072245694,-2.128312361096129,-0.5201665339906567,0,Tier3
-0.20992298972844026,-0.6914146999637323,0.6016924130060439,0.4551609549261526,1.0600230131110409,-2.0092505363948208,-1.5002139105057068,-2.9635441370542357,1,Tier2
-0.7370016848027501,0.500401421773057,0.020279459093570207,-0.7997911821281134,-1.1808796195121496,-1.2451778404215248,-1.6768388371879908,1.1694702009271118,0,Tier2
0.09313295739232577,-2.071954480744357,-1.3966397693041122,-1.3617688304373667,-0.30185304450294415,1.026769490441763,1.1939623615212867,0.30602960869630436,0,Tier2
-0.2756707504917144,-0.8739793401399258,-2.6397035606169488,-1.0952595252242745,0.7104321351981543,0.8614850761496073,2.427758041673091,1.6525336558495627,0,Tier2
1.3679694020252005,2.2739734672029037,-2.3121016479879564,-0.3571564034587694,2.1030533714427695,2.8808843955739394,4.311467543336166,3.400046884365673,0,Tier3
-0.21440668474875849,2.5439202926421864,0.44454552772360817,-0.8500703581619824,0.2944280440405961,1.5277501532483133,0.33744992652805206,2.0127383568738675,0,Tier2
-0.2847904542827663,2.320731000074165,1.899688847470781,-1.9863197195022477,-0.824965976996598,0.3712019572601861,-2.5842971117940645,0.9798366312688751,0,Tier2
-0.8740604823997152,3.52270173275642,2.5858627495054565,-1.2472504358764642,1.961892964254142,-1.2326518551910763,-3.345419701754328,-1.9465455592631216,0,Tier2
-1.0019998181759349,-0.8140962831043146,-0.9757209285189471,-0.6386754118689548,1.077098765644287,2.0346887933036326,2.282882447573428,-0.04600911848464828,1,Tier2
-1.066668737774761,0.613452748755591,-0.5157110518853609,-0.9432790886137974,0.6768132509222827,-0.7480871838208483,-0.5002122282365066,0.19802060025422574,1,Tier2
-1.6571763603015677,0.13685733892934593,-0.7986793474830337,-1.0143475658966308,0.12492090260791733,1.2299844070084327,1.0752703168406181,1.274066478350322,0,Tier2
1.0490007010654008,2.6920620685181307,0.9703463259900035,1.5363618696647934,0.586733920817668,1.0381251328573122,0.8584857447356856,1.1063135769539754,0,Tier3
0.18050463388908677,2.1167185546093776,-0.3115192668096547,-2.465595876181858,1.6010342827522526,-0.5120903994452295,-1.1167852789907307,0.5086832059641448,1,Tier3
-1.5843834266666759,3.513771454027186,-0.46832058466582893,-0.16742453539982982,2.982234314941269,0.5200861157259016,1.2878649178358457,0.8850532281845715,0,Tier2
-1.3065936064563095,-0.8410938007518669,-2.444871257577268,-1.5308163997098223,0.05714034426072634,2.785928763711765,3.3405671274352136,2.7552659706478364,0,Tier2
0.48913448707453666,-0.9110741567983721,-5.247173798842898,2.7186568042781523,3.0237969794120776,-2.151786754340427,4.834168157893289,1.1045232089583699,1,Tier3
0.5197392453656917,-0.10061658202420665,-0.9789581664924893,-1.0006529237507957,-0.16823330793161517,-2.463841341740343,-1.6301581425216516,0.3140844614834948,0,Tier3
-0.9733038916927772,-0.08709036881103915,0.005139839419691372,-2.252322790657282,0.41414874783579925,1.1165704704366768,-0.24328025575256151,-0.08906669548456403,1,Tier2
-0.6131888143874002,2.613386043011838,-4.126241891332351,-5.150251898149091,3.9504926884982168,-0.08783302082856714,1.449660335072529,2.9084414572775357,1,Tier2
0.354690986039357,0.018015567341166383,-1.9489828879016864,0.6246618221497332,0.017108808029712264,0.014370561126231918,1.9351398439976657,2.080052734277882,1,Tier3
0.9631090120434588,-2.439512462329976,-2.191885530120153,-2.3385861861200072,-0.7300978985017155,0.27766062690925497,0.671490262467078,1.0100672008554519,0,Tier3
-0.8737640927475011,2.510337875720884,2.2417182078227564,0.6221343755947959,-0.6659696777097306,-1.1881003520926576,-2.639373184753219,0.07851469033459657,0,Tier2
-0.005902242320550605,1.1427646276469905,2.064108221770004,-1.9528140829034228,1.20709340753585,-0.18956486199686529,-2.6062553677353235,-2.4095655956411344,1,Tier2
-1.338229370477771,0.828758728160041,-0.07462252789407253,-0.5216453671618123,1.0526665817306964,-0.34005464013902953,-0.24682737927159115,-0.31829112971955176,1,Tier2
-1.480665778696691,0.8180557041156591,0.18387507950108328,-1.8371403600016647,-0.6055265224938571,-0.20618314031700813,-1.4428622175460357,1.0728998815770754,0,Tier2
1.3703428095107595,-0.5515414343994833,-1.3861699984971048,0.9305849750178191,0.8241816306443492,1.0517080652840014,2.6316167802724832,0.5271944008925937,1,Tier3
0.4173034615036174,-0.7264828244982942,-3.0139566127731987,-0.06850643922503852,1.820886522157296,-0.047190546410426526,2.8451049514663302,0.7864824454100258,1,Tier3
-0.554202454952579,3.266107798809264,1.1847931498995856,0.7620026718116724,1.062468556661262,0.0813619399941542,-0.35376072029659245,0.6136310401654977,0,Tier2
-0.2747629760909964,-0.5249462099466147,-1.3427390003064898,-4.437364851681817,-1.719324451613393,0.3361417353230649,-1.3772430449619202,2.810023744084421,0,Tier2
-0.984427920527556,-2.8924103580309803,-3.232902178737866,1.4660656970617691,0.5953836270702816,4.011236488732086,6.68162095216898,1.6245598470452203,1,Tier2
-0.8526449096356515,2.1117224629510627,2.168646401384286,-0.724022228173735,-0.22835991720929694,-0.47776860881497063,-2.6341078480974898,-0.3719216271159753,1,Tier2
-1.284129532581842,2.4661758047568645,0.7559569791139227,-1.7294483896659583,-1.5440132436147098,-3.0613548678395066,-4.289979447175682,1.888791026630812,1,Tier2
0.2831494955184188,-0.11537884523637221,-2.6958572699437098,1.7177112276260247,1.1155873250303925,-0.10894957108828995,3.292411128357939,1.6349858651521734,0,Tier3
-1.6947505248528592,-0.8466028666211702,0.4186284183218927,1.6581999663234224,-2.425185391490584,0.915616255602235,0.6745849687348264,1.4511403237026443,0,Tier2
1.0803706831781659,1.1558832323698889,0.9643750923835547,0.4900286136835337,-2.0783782168351586,-3.911676776673891,-4.021979300225987,0.7157550208403587,0,Tier3
-1.6122337991099362,1.1365466281195906,-0.5617876816820269,-1.25304666897245,1.8356778982599726,-0.41125497987952087,-0.11142857741285006,-0.303090025541467,1,Tier2
-0.8557315886428748,-0.6100682356401967,-0.7854599097021693,1.0082242188930124,-2.1345199014813105,-2.0539486325255467,-0.8715010153976919,1.6853184435743584,0,Tier2
-1.1002243796808588,-0.23747614250748883,-1.0857471036746527,-0.8736212837671471,-0.7867471752435062,1.5282877421725563,1.4047428523140444,2.2353016785528195,1,Tier2
1.1211554231851428,0.14945665694822796,-0.19826943890954507,-0.9476602866232858,-0.5769517238937889,1.203699125465521,0.4329107335426341,1.3183898412837916,0,Tier3
0.43002207415017135,-3.4395763805568316,-4.641009045871985,2.553222348703254,1.118815634797229,4.422150309320741,8.856672591949689,2.2575565049179915,1,Tier3
-0.18234036328361974,-0.08842320294545414,-3.9456088977282273,-1.904331230113662,2.0534799205068563,4.1559799101223796,5.858311287087682,3.540246479026161,0,Tier2
1.119866629935746,1.1295861586285372,0.3259938652090992,-0.8946585319425966,0.32758235701817195,0.36104919737883756,-0.4210605180021567,0.46490929218603483,0,Tier3
1.1104459441892987,-1.2057316466844668,-2.7273285518458414,-0.6409848979166874,0.9117535183577286,2.380626498034576,3.9471868306315123,1.755065895084086,1,Tier3
0.01590761982389131,2.3140696560831095,2.83689340150721,-0.6892161414803102,-0.0725663686192961,-0.24474170110063476,-2.954355709430817,-0.981566983139949,1,Tier2
0.8890021156230895,3.7142650553629224,-2.5230920599810633,-1.9923252760920187,4.173868647439345,1.5670167547693001,3.0751678743841655,2.466695668780848,1,Tier3
-0.25078506603645556,4.2519015212503675,2.5449308346890804,-2.369787934737009,-0.25815117341274507,1.0969483495955301,-2.6887809322955007,1.6966683503931042,1,Tier2
0.9883231156063628,-0.6149117052618236,1.6410080831738896,1.1394999275781785,0.10091240145912161,-2.278529442556109,-2.4230058819052918,-3.168840781342278,1,Tier3
-0.9397883083349045,2.6851762453957604,-2.344134354897461,-4.23642746421316,3.3569753693495814,-0.0862515037150271,0.3331641817575024,1.6357791322662973,1,Tier2
0.7848997197486183,2.432633772828437,2.137831268304851,-1.5129313911310835,-1.4143861293253717,-1.3575430746652488,-3.982393075190907,0.8192357763236593,0,Tier3
0.9529814950227902,0.10926705519171964,0.1441193927713722,2.429687304955466,-1.508275221321206,1.025703856036436,1.5765765631300603,1.7261021722770804,0,Tier3
-1.6818144538663589,0.4502299033603693,1.9166921443958371,0.4086388844200157,-0.6645762150418952,-0.7331112685093311,-2.077462483132219,-1.249674576791725,1,Tier2
1.443641475179593,-0.9778888002850598,-2.2510165035040774,1.378762644854459,0.8250463990469189,1.3227489550628424,3.79267294294106,1.1573140924731977,1,Tier3
0.9315796230032862,-0.05685121538610627,-0.7434520633686056,-1.594379808797235,-0.9200655462867483,-0.8099074082181219,-1.0624753141586516,1.3910405278679976,0,Tier3
0.4645569014871503,-0.2717517972447443,-1.3468413535522452,-2.5274447463761485,0.6956068088655939,0.9446033441736661,0.6584870277673569,0.8638487674614106,0,Tier3
-0.6849664698523465,0.56817197615319,0.03117975939561002,-3.4411206385861424,-1.4511747387610385,1.6003451787759708,-0.987619696065164,2.4583295912853247,0,Tier2
1.0980235492601698,0.1843947201681686,-0.4951231161724843,-3.655157253686773,-1.2626487613821769,1.1919567968870526,-0.923040210105408,2.363306623612554,0,Tier3
-1.0037189970106466,2.9176454336816553,2.56782528582047,0.0771946663516534,-0.14029941043970773,-0.2641985836750478,-2.3806315147704074,-0.1078062105697215,0,Tier2
0.007255173636000776,1.4092303800481574,0.5615802439322248,1.0625147276113398,1.1380370435363778,-2.0584124740189225,-1.2315527007438092,-1.15626423409224,0,Tier2
0.13398422394332238,0.5771407918678835,-2.4655665938163454,-2.016222029093101,2.362689468872688,2.8811953695676857,3.677890172461587,1.8248525964812048,0,Tier3
-1.443770055576542,2.6036999645316126,-0.3900703929909821,-3.023370874840105,3.408627633180541,-0.4967705283564614,-0.9202880478050859,-0.7263335918820433,0,Tier2
-0.3709455018546202,1.0833147647152508,-0.10640779274042134,0.2843248061352843,0.9128440612278493,-1.269134736440848,-0.541302111949026,-0.24035134008275727,1,Tier2
0.5881732469452824,2.615761076270079,2.4365312252169478,-0.7580502051915022,-0.9704341800127416,0.4895852974960746,-2.3301464488507384,0.8345495551964497,1,Tier3
-2.2163489560259397,2.1321424550989856,1.7277918125968081,-0.817996132481871,-1.1538558834667807,-1.4389036252214085,-3.271992400744184,0.7016288405891999,0,Tier1
-1.7428879738170595,2.0718141269213173,-1.0192864277042042,-1.2092108335667553,1.749315264459262,1.8926799184296264,1.980712766849528,1.8652756920597098,0,Tier1
-0.13025810743674918,0.15989006966675878,-0.8784501441832518,0.06358245698057519,0.899574293406869,-0.5050572340713577,0.5772431626058039,0.035009949876166235,1,Tier2
1.007209102997765,-0.6382291314572566,-3.0187681038776306,-2.504210304963399,1.0317982881985455,1.1610763698755355,2.2915001154251984,2.069652933542085,0,Tier3
-1.562234856650264,4.8700682732658995,1.3631873862633705,-0.8565609127966671,2.3709856502611304,1.1573398745192436,-0.2755693276321276,0.9467672806691545,0,Tier2
-0.16415158480821837,-0.21347355024921733,-1.2829129980026897,0.1489212131010269,1.3420004165959742,-0.15152234927681196,1.3369953029309132,-0.1788945350554566,1,Tier2
0.40329874305178615,0.9515753077867035,0.47875397709877965,-3.1192057893341802,-2.534412342787296,-1.9279195485999123,-4.125189890200011,2.2000234416254463,0,Tier3
0.20396560091124497,1.4675187686250688,0.6931969598241856,-3.5734172031791642,-0.10782608401668536,2.190579541808661,-0.8596630748166357,1.436408248729115,0,Tier3
0.039848239515323805,2.550341054702524,1.8180738997339871,-1.4606611911256153,1.5074057491290418,-0.26907052204247717,-2.178712694420385,-1.2226623644979604,0,Tier2
-0.1990496153407668,1.3229428790152937,0.9769492274489031,-1.2376203846633054,0.5866797982029313,-1.0855220847156184,-2.1733325557454184,-0.7887660356463145,1,Tier2
1.0869379000326989,-2.5045506860286317,-5.199169505535825,1.61631737221687,2.8497435488346796,0.33927388301788386,6.109315400115655,0.6499006737769586,1,Tier3
0.18074021532834086,-1.2601383936966486,-1.5170680387962463,0.6207451635870431,-2.267565268384426,-2.296700965043699,-0.6732534033092232,1.944144292675702,0,Tier3
-0.053962660064733624,-2.0330003828138747,-2.8009985121398744,-4.27534632387624,-1.9333432935485266,1.2890986363218713,0.6167953160708066,3.55418794731749,0,Tier2
-0.15772244506990077,0.002232773879373484,0.7352597596927486,-0.6548290803896559,-1.367533100282479,0.16628607397335748,-1.144382616742107,0.6126071205741973,0,Tier2
0.564301351141907,4.0561387645520774,-0.2576745969101122,-0.7807233854978017,2.829832070980758,0.26803257838903505,0.5489742514554177,1.2132011748034524,0,Tier3
-0.8902193420638422,-0.059512237509901755,-0.7730914637895119,-0.7438051123101699,1.623114511717364,0.3581845702653508,0.8986260158874841,-0.6814807191981687,0,Tier2
0.3178376319746965,1.0237287603342076,0.62535160327689,-1.4947000821561005,-1.3920175668973935,-0.3153207571047033,-1.8990732583918057,1.5101715122177,0,Tier3
1.5449046987091442,-1.3638139453558842,-1.9692058971696025,-1.347637186398791,-1.6452335128265307,-1.743651029631706,-0.7703607348768522,1.935509256968452,0,Tier3
0.0941154134992307,1.706441130637141,2.862243510936279,-0.8635005966587858,-0.5313165085881164,-1.155156553545572,-3.8464969328363945,-1.4010017658306542,1,Tier2
1.0379708957043694,1.967533323897472,1.2728880800566407,-3.2657543545528425,-0.6865652456632487,0.33066738657046746,-2.7328254716820903,1.2030362531147831,0,Tier3
-0.8078781666150006,0.6731388604812154,-0.4357459016515568,-0.560793048431281,1.9442543841062978,-0.5385760028328,0.09384579379147917,-1.0053485223431848,1,Tier2
-0.5959467111162355,1.9688399529638483,-0.24630222509927868,1.242737978866808,1.0395294226713936,0.587374130084171,1.4862566820442615,1.1771633513845867,0,Tier2
0.375182312451085,2.178761141578385,1.5066542510378345,0.045129994426841735,-0.7206109133190037,-4.463946246305501,-4.826515226683845,-0.4586750082539064,0,Tier3
-1.5137375821749355,2.805152516759569,2.3253235911178964,-1.3095791802349646,-0.7977916754472265,-0.9712951226109136,-3.600977395197016,0.47405603126466067,0,Tier2
-1.6967359427510438,0.6240276788289068,0.05257851502600097,-3.2813392148536433,-1.6713565870458975,-0.059453421948880814,-2.2321066875350857,2.1462041066041255,0,Tier2
1.1800193126959724,-0.0609514412334764,-0.3585697130751176,-1.814688755195104,-0.2928817512016961,-0.41100446540761704,-1.0415531753026308,0.49954018376500997,0,Tier3
-1.6178451497568869,-0.6058968810927132,-1.2527888256692425,-2.6147311514256497,-0.7927322655715537,1.343116007021814,0.494245892195339,2.0517027129475394,0,Tier2
0.5490418113477318,0.7447803612306363,1.1618028711532897,-2.8950402396657644,-0.29564628490184997,1.3832920580514554,-1.5188588635810538,0.2010732302360705,0,Tier3
-0.7022909050377665,0.9934732650675648,0.4905037482446408,-1.3587917950122745,-1.720931700032895,-3.0486543171864953,-3.864740872629092,1.0381653923834795,0,Tier2
-1.385534197789162,-0.9752453702218031,-0.040817654224347466,0.6810385068577993,-1.6939390220257398,-0.5583663822784548,-0.4032340042433813,0.6365921787685822,0,Tier2
-0.4791070961969124,0.14821510309731278,-0.46420085488726753,0.16344333421200652,0.11548917893388111,-0.922864359048998,-0.21090965458248057,0.2064413508284778,0,Tier2
-1.6837276933113343,2.3102106744559356,1.7298355732917565,-3.772190192953393,-1.0192365949936018,0.9133607530544985,-3.0210501768358924,1.542694606834268,0,Tier2
0.9867984350370388,1.0407483419455386,0.8887548273304984,2.9613516093045478,-0.8930522119166338,0.5546068545047422,1.008796375713211,0.9938902961020624,0,Tier3
-0.8126470558890512,0.35571472328862175,-0.9144479298689592,-1.707678885926891,1.9858431914173758,-2.3839073972397733,-1.4968713414353272,-1.4157072234489978,1,Tier2
0.9240967134422856,1.3268809765459202,-1.1793014189397129,-1.5925478205315278,1.6374945215880476,-0.25621192645576085,0.27861602486503956,0.774661101913932,1,Tier3
-2.0145375914856953,0.925750653697238,1.4471700262232896,-2.7948941464507593,-0.4068820742734387,-0.596843392696838,-3.2309526746245565,-0.4942069253442134,0,Tier1
-1.2100329674810664,0.21861546501072926,-0.6450621284519344,-0.05089573696423333,0.8934400512527003,-0.2600739179731626,0.5086100949013261,-0.07360500491269861,1,Tier2
0.5522618258130304,-1.4726353820048823,-1.3336483888843569,-2.192524755189316,-0.3323954110710188,3.006995633421075,2.179031065188362,1.4681895238176466,1,Tier3
0.5506149637757695,0.3699412500891224,-0.6335270452927179,0.030000722976356364,-0.25825288267688107,-0.1933332301439339,0.31397078916793325,1.1926872867547205,1,Tier3
-0.38713757665058196,0.35287937163783,3.198063252624749,1.0527942863942439,-1.2138228783783598,-1.304810222439972,-3.3453730240146005,-2.3677099222143028,1,Tier2
0.8739744760317137,-0.739157431258368,-1.9071711241442506,-0.5315528168255963,0.311656543599539,0.7520974962570111,1.944456129158973,1.335041619536653,0,Tier3
0.07759846984107813,0.7651992044367624,-1.4262445528643637,-0.4461475774140806,1.0638438013454836,1.2631687039722168,2.1157440483084553,1.5911573945775639,0,Tier2
-0.1815694541931124,-1.5035633563685176,-4.073885785286883,0.9314154722505908,1.9102121672218095,0.6510800176661915,4.811465362525808,1.3631604859209214,1,Tier2
-1.4381769033956318,-1.245651688236383,-4.253666769834062,-2.0803716033175936,3.719718634620615,-2.162009913451196,1.6640117450377518,-0.8799897528342346,1,Tier2
-1.4098129026777428,3.049472466516827,0.9519951596466854,1.3737061664995602,0.07771037274826487,1.398278465500423,0.9285631621161268,2.061075584348185,0,Tier2
-1.121850825000477,-0.531277029599166,-2.0722813117449594,-1.2685897100841768,2.649402528863944,-2.2509674283235923,-0.034131689841960355,-1.5731923733991255,1,Tier2
1.0641839529286203,1.845373979821458,2.2600854558519314,-1.720719264819568,0.8396686731743607,-2.0155688710110304,-4.136192657771816,-2.2469214563063264,1,Tier3
-0.48416050526859233,3.6354234068552294,3.0219730559664564,0.1995107425556748,0.65404325033799,-1.3940219631668547,-3.3763806493661264,-1.1079331772146075,0,Tier2
-0.7134334011115273,0.37858606117988636,-1.6236828785062525,-1.5822188901786087,2.5841084513456987,-1.4683155026297299,-0.01664630286589741,-0.9178804092749399,1,Tier2
1.1132103250442176,4.1166553398304675,2.6142995779131204,-1.9725175728552786,-0.7759874030377631,1.5883214920677657,-2.282974748843566,2.1661426492526545,1,Tier3
1.0187999801530154,1.120465177404895,0.8876508168331628,0.5518525291830265,-0.8181168930698453,-0.6019370996264927,-1.1195056256844864,0.6366563434113105,0,Tier3
-0.07964197820578524,0.6197057013750488,-2.32998097403979,-2.348111368031163,2.9565090013508177,-1.028046580118179,0.5714453435066864,-0.15677847265593559,1,Tier2
0.6057587975500438,-1.2869287727930723,-1.6294336222320327,-1.7869491843853216,0.4215174505453074,-0.6333802525117536,0.05042259550453826,-0.000752230192772485,0,Tier3
-0.8440900609951246,-0.6834325670366841,-0.20517849311975594,0.7416916649261032,0.011005976875852919,-1.426541091602186,-0.4985151652881252,-0.8806862199961806,1,Tier2
0.9817898365690693,-0.16387691485338163,-1.7297388338453545,-0.6908184045021832,1.723161241194553,-0.8266618401789829,0.8375247851481422,-0.24348730230886573,1,Tier3
0.758839056359829,2.8880838138291693,5.144140042789686,2.2826332912149523,-3.7511224816157878,3.358679825428964,-1.4369296333581882,1.8114903420889732,1,Tier3
1.2769492546645032,0.10474481602972152,-0.3953220319023145,-0.14261996045362357,1.3091147190644978,0.13879598140590976,0.6607345756529865,-0.71331199669487,1,Tier3
-1.5119852905682407,-0.9489139283851808,-1.5136457622742676,-2.7027019770229916,-1.9939914006271522,-0.29343264708227434,-0.8532820306848303,2.654729639933225,0,Tier2
0.7032417288224121,-0.6182395248462942,-1.7946675247898796,-1.9363211330921026,0.5516738205964744,1.5734637372848264,1.7883136677773503,1.3775171317968415,0,Tier3
0.5701473246469615,-0.5123480567189604,-0.10153139432629721,-0.28416343043101355,1.4966329704449979,-2.064279253609124,-1.2585862600316304,-2.4883363954998763,1,Tier3
-0.6966096841922437,2.610957706817063,0.9528710387961928,-2.616989918140721,1.0004928103222568,-0.2494257120595842,-2.1883058462926206,0.2704156746358205,0,Tier2
0.47867436758652293,-1.6442572150781767,-3.863343751054462,-1.6076723492497806,0.7145678522748738,2.4622759124941487,4.3946745584728735,2.811056919133536,0,Tier3
1.2704333556647733,2.029244129039724,-1.7223474933106737,-1.4064784110795634,1.8952344241047192,2.40543611239166,2.8754281398137644,2.6094627018905023,0,Tier3
-1.870061098685374,0.9203373317053585,0.38889284324967505,-1.6145836212487594,0.4573967089786233,0.24412643578125381,-0.9026910196721778,0.055010140197516044,0,Tier1
-3.299410445554966,-0.6756722649910913,-0.815688164287321,-1.883028278465272,-0.009428558803349807,1.0727835249045972,0.5060286444711347,0.6602459015680291,0,Tier1
1.543877161056002,-1.1051066490605832,-2.58318286238171,2.9719937464187507,0.7032959712443577,1.0451900580750164,4.667615800912787,1.407245353891809,1,Tier3
0.39157170388508683,-1.7670651717843313,-2.5344034531345,-1.9466935259678841,-1.474562111320095,-0.6646725162367684,0.24612254944280032,2.3810634576678495,0,Tier3
-0.4025269986067031,3.3624409869255736,5.462370880079666,0.10394300093804087,-2.1763894133782538,1.156073792543459,-4.15265581256468,-0.34988083784103174,1,Tier2
-0.18092202765987037,2.9839480388173114,0.8012915965144997,-3.055589553794709,0.9983555394846846,-0.3089840376716009,-2.3526124574861664,0.7508512404516461,1,Tier2
0.4796087861778043,-0.6707511313016338,-0.1856930097638858,-0.6950145894041815,-1.7156565119825857,2.9396479329993266,1.6252860421639024,2.2615986324056996,1,Tier3
-0.3901206894213935,2.230264441707798,1.7391029834850955,-0.35732654383736295,0.08516120465367694,-0.6195539609426545,-2.126769373620363,-0.164761901323486,0,Tier2
0.4108338077809825,1.6148306858516555,0.23786588087597915,-0.8456839095176356,0.6942237997491064,0.012784519901461344,-0.5149961279571791,0.5158125173808106,1,Tier3
-0.025702232509186518,-0.29772294674130706,-0.18301230887629927,0.5148629126061417,1.0760453125388867,1.0207831390919602,1.4585896538528496,-0.7846774916603763,0,Tier2
0.24970880640742232,2.05030046860625,3.3605390994605964,-1.2728284134392283,0.665337977695545,-1.7162185919496697,-4.62025480521637,-2.97715343689953,1,Tier3
-0.5435217529450828,0.21839908049185608,-3.091114290214517,3.010625707191391,2.6499933756407454,-2.736385101659653,2.660268300849073,-0.031132494500183183,1,Tier2
0.11299243431797523,0.3698834033312247,-0.8264757316778446,-3.158640554547045,0.6562480865046386,1.4227486049789988,0.2340168934613882,1.0816751110871528,0,Tier2
-0.1712125037821117,0.008271612079800317,-0.5537192703729871,-3.4280380701385993,0.3368429161902069,2.0554279568684324,0.2838965956749654,0.9941757011517236,0,Tier2
-1.0603097838015614,-2.5763330696908993,-0.2705452070167274,3.5312476355041964,-0.5454429043011693,-1.215008151085629,1.1102971760163147,-1.9102740438784893,1,Tier2
0.521465363701863,-0.8043859458297676,-1.6428281620055851,1.1375982371428357,0.6460039531277424,1.5619177869525347,3.3021640651890545,0.9180850060792254,1,Tier3
1.0820841971530328,0.2750532145975484,-0.8765216566754263,-3.8919775843048705,1.3848732964161499,0.3240399342455761,-0.7672632159033013,-0.01607112488765483,0,Tier3
0.30452974933012356,1.3258330032213363,2.399396208312808,3.939563894854211,-2.1758727694306663,-0.793634233875939,-1.0447988733820908,0.42347925098915595,0,Tier3
-0.7120374862077322,4.466282450882602,1.68698617071917,-0.4477496615499519,2.350881241954495,1.1926601458264896,-0.2902960613344967,0.2689005455673025,0,Tier2
0.37513607217556344,-1.1686505245840206,-3.6883093762946055,0.35924700486508954,0.3383248076402404,0.9690725845668304,4.0522311482319475,2.8934824808337454,1,Tier3
0.2145789262421487,0.37629584849355213,-0.08220876862921656,-0.7095891124653873,-0.554263477784704,1.1346576219431026,0.40952392720401154,1.347740102074173,0,Tier3
0.03741531071346355,0.8783534977128322,-0.6623638675074871,0.16537405989156173,0.6628643107552228,-0.5341460107543936,0.353775174922076,0.6615139459179071,1,Tier2
0.6160542355371026,1.6310817922445693,1.807990144596076,-2.305574990031138,0.3441844242174037,0.18198015159359915,-2.521591699335329,-0.7333666337547966,0,Tier3
0.3510011542248495,-2.266601318921259,-0.19415084001968275,-0.5578528401389127,-1.4523528711005085,6.757909318315597,4.708328258627408,1.8652626807385393,1,Tier3
2.0013179568661594,0.6141894463768565,0.6236267571779207,-0.6614325962127393,0.704364008314665,-1.1356287929980056,-1.5693818111318443,-1.1781763708995339,1,Tier4
-0.2745882455510398,0.6769422186402927,1.6535895522277793,-0.03150101082878898,0.194142966142258,-1.122098371531216,-2.191898280813857,-1.7287929583847137,1,Tier2
-0.9750607254204126,1.2425038300501308,-1.3703870645455218,-1.5859654027996515,1.2594448051464144,2.977417283931022,2.799995837040225,2.3473756097499194,0,Tier2
0.8565701137640472,-0.17393038929842985,-0.6711719307601005,-3.24362628135606,-1.692020622491931,1.034465330419779,-0.7727655270241169,2.5950748943778494,0,Tier3
-0.01807591335572484,3.4252901014386534,2.7694102390521915,-0.46219807737020613,0.5501972492789793,-1.5710857784207084,-3.670744847117742,-0.9742224871542495,0,Tier2
0.39576180425807006,-0.7346432027775425,-1.1917913039555992,-2.7003258686902423,-0.3093000533651096,1.075532493928345,0.31556608192268404,1.3128954714044772,0,Tier3
0.2154934679861821,2.693206404349578,-1.1078659530842176,-0.4239528251432846,2.0370059302054937,2.6925234106549922,3.121358777460421,2.48739537176774,0,Tier3
-0.5101250493637778,0.6998740794312898,0.5000143955811822,-0.9926507356116997,-2.0761580231449024,-0.7221103733899785,-1.992978062418318,1.882845185733102,0,Tier2
-1.053130882905641,-0.041689674293674095,-2.401270054410415,-3.583320620450152,2.24068322090196,1.5714323262856063,1.7985297351045484,0.9091003721197399,0,Tier2
0.0008206283430316763,-0.705358978178338,-1.2844304777711026,-1.2623033060632511,-1.3848051000338173,-1.4525833904691332,-1.0228359095237227,1.6295711582820815,0,Tier2
-0.1483321063012,-1.8209531012310243,-2.889435535256557,-1.8027722153245243,0.8586862365090938,1.441603107572033,2.7631984673750773,1.1357524005330977,0,Tier2
-0.311959313116186,1.8931666078025966,0.34615179321185274,-1.7688936575243899,1.1030304280154875,0.9388113881344211,-0.2996626915129357,0.5670020669451787,0,Tier2
-0.8245185534670733,1.9491619442381587,0.4626190503561225,-0.8863319654501121,-0.06059010524291919,0.6098913569648792,-0.4574674662652401,1.507247435736244,1,Tier2
0.8945948669615069,1.8253355972373626,0.18545682994013452,-0.025714332868359557,-0.5375686908067763,-2.580769847027328,-2.3039829225031117,1.0882113009049115,1,Tier3
0.5298100656836389,-0.052758366827618364,2.956210357768084,1.2245755330515031,-0.9496094305990508,-1.740867192980868,-3.31228171075096,-2.873725907416307,1,Tier3
-0.6715108447416982,-0.23297063332075618,-1.265201386442195,0.7725300332216205,0.9236500356080981,0.3547692478387442,1.9355077557977696,0.35378557738839533,1,Tier2
-1.4794533330897426,1.3413768646218522,2.090834086610514,-0.06197351459474065,-0.48175143182999314,0.013098515837998814,-1.8865241753002384,-0.5698257154691021,1,Tier2
0.2440076296495193,2.089078131166146,0.7829905346607735,-1.9700943935999535,1.66935163104363,-0.2327606620195224,-1.5212153299547089,-0.6653989335712008,1,Tier3
-0.9972915110979095,1.0272788275080411,0.8132234277488547,-1.5615258756677193,-0.92968766546323,0.5474887062927671,-1.3244908583098274,1.1491934964295676,1,Tier2
0.7470673189738315,1.1775160208952842,-1.0209014034654653,1.209417065503513,0.9720740286893061,1.3994294141503278,2.7249306837493026,1.6390586281079025,0,Tier3
-0.9549853534635654,-1.9335932947738508,-4.509636062303842,0.9102483862391773,1.0322601345829154,1.0409609313200323,5.256237552070487,2.4333654167248575,1,Tier2
0.7158715028435898,-1.2413046328619912,2.089409968255744,-1.3171448341081597,-1.1696190740724655,-2.2847582681717467,-4.369854513648907,-2.9381561644678307,0,Tier3
-0.021264052012147087,1.306224694775791,0.8608560348889384,-0.6392861426499128,-0.2051874035432939,0.04563376638110683,-1.0944264830287713,0.461634242172587,1,Tier2
-0.4396558551334833,2.1158811881657993,1.4356394143383635,-2.5356986924535336,-0.8989799426485335,-1.4304865488682654,-3.8703021769794494,0.7739227258098412,0,Tier2
0.2440657104931369,3.0380200261328016,1.1970272935951634,-2.002120938514709,0.2819669770056704,0.6381651423992032,-1.5757450119791596,1.3768469863827608,1,Tier3
-1.2831490454166905,3.175723268316068,-1.2564585853892813,0.1310083776544091,1.5285708893703358,2.0454343779040878,2.909041875539647,3.348608619751613,0,Tier2
0.7515334211533271,1.4493043598191204,-0.2938342744429212,-1.8271408117850174,1.5821093003700226,-0.1706510005231877,-0.5202752319680626,0.02199795131526394,1,Tier3
0.4845230229456296,-0.4846847663559324,-0.8707281094502264,-0.2645191080360062,1.3080836206092017,-1.6336806193561215,-0.3395274469338083,-1.3148216226370897,1,Tier3
0.3586747060511434,1.6358143602408952,-0.9728604718741038,-2.438354042778152,2.2773429970912824,2.33094439492569,1.7665731172925476,1.0739584955074974,0,Tier3
1.51319168432021,-0.12269449967756141,-2.4361058608987496,-0.18256839244409473,1.037944048506016,3.1947547193951085,4.56366061300357,2.5469172375700073,0,Tier3
0.48230842425577825,-1.223011184939327,-2.857123205727836,-0.405088514976953,1.2375602740087897,0.9610124868846277,3.1801783927906513,1.0861528757423176,1,Tier3
1.3374262538004262,-0.05777338823811129,-0.9688299216748476,-1.3633145612960493,-0.25831245411054415,-1.7945177064991982,-1.3451801288335108,0.6558383639056176,0,Tier3
0.8133559522149549,0.4465880669608998,-0.4387029912022765,-2.31062963221104,0.08895658661396189,0.4344651806250901,-0.5218989770410039,0.950017521555491,0,Tier3
0.25534010009093083,-1.4976829269516196,0.2854210412743461,0.182498043021603,-1.882859232641645,-0.5727678084186292,-0.9717651880039145,0.009599826091427177,0,Tier3
-0.3997933544875725,0.10522966891315555,2.883770789085485,2.762257599992813,-2.0017948577278033,0.30552498033852804,-1.1485666122145322,-0.9679576364196295,1,Tier2
0.03690533855301416,2.92658738755452,-0.3826115842494764,-1.6111540432165083,1.543257219898787,2.037070747000474,1.2829474572852162,2.196840499216437,0,Tier2
-1.0261395775913584,3.7145182451886916,-0.7352611653701737,-3.864433179874619,2.330175076624746,0.5553719780644022,-0.5750310402365568,2.0395786310557376,1,Tier2
0.3229322148383435,-0.3337976519306445,-0.29092371137778295,-0.20984229738665616,1.17113492451369,-1.8444740560960913,-0.981176685550408,-1.7378547505346607,1,Tier3
-1.2689930591075735,0.1574603242235415,-0.9703199553863204,-1.5196842936599646,-0.59721703783707,0.4087804189025561,0.155213025443093,1.9130402241612536,1,Tier2
-1.6858236362126073,-3.196931065411418,-4.315290140037489,1.726915396980526,2.168387190570412,3.606101374668573,7.7794010397213675,0.8396524437118533,1,Tier2
-0.5493628701120722,1.0387662347376239,-0.11649540365496425,0.38661134005226305,0.7888763588831,-1.1523991834897456,-0.4188715034455016,-0.11060955448355969,1,Tier2
0.9169294538718386,-2.2355301348650816,0.8469492297956598,1.625535765273428,0.5973938034272249,-3.18668402834792,-2.038100029901063,-4.549780610788002,1,Tier3
-0.9412931361365815,2.523793457441736,1.970529437539637,1.2083787016372636,-0.0834182618278857,-3.167097740689179,-3.4700440500967304,-0.8523960973159068,0,Tier2
0.22728888284546345,3.305368215889678,0.5332180172536309,-2.6798325896662316,0.7988081021751872,0.4525798385531077,-1.4164251746675052,1.7659015464477905,1,Tier3
-0.06695933390142567,0.526315631480529,-0.26128906426969944,-0.6715772842285697,-0.1720050416931097,-1.6925910755112865,-1.479293818255712,0.35938892551798207,0,Tier2
-0.8910505172076293,-0.4665018007112258,-2.9965663273386873,2.369709647557936,1.066014228949191,-1.393908861630087,2.9072231228563323,1.2584684677078486,1,Tier2
1.3487876228401647,1.2139860582077882,1.8853761717656559,-0.6343727418107132,0.4583157239052419,-0.5677450814136968,-2.232666816825564,-1.5663080948186436,1,Tier3
0.8043685299379365,-0.6812230265860688,-0.38182607480968883,0.000893315310660503,-0.2829701003217293,0.04768003989855152,0.3023425282426219,0.0954611488167103,0,Tier3
1.3100562153731727,2.571218757194292,1.663678000752747,0.8849485009112241,1.3970280981176275,-2.3620261593900564,-2.4296589149417502,-1.6546480352578943,0,Tier3
-1.2532080412418714,-1.9601112880646578,-4.844962419183015,2.2837163487960197,2.7997431341096437,-0.08415190324240474,5.82193362635892,0.6545606393662431,1,Tier2
1.393802351143269,-0.4905214890773191,-0.9712450914626101,-2.6533039683630477,-2.267295104329776,-0.6647565377256464,-1.6306827988135362,2.62421541051358,0,Tier3
-2.220453751503902,0.578810685273886,0.5074544835763429,-0.33353869301392813,-0.14011347336675395,-0.34773003243278744,-0.9046931773963265,-0.003852023717810571,0,Tier1
-0.22337033778687312,2.0651710158090424,1.4069358586050915,0.30153046946214923,-0.09384296123086866,0.41696822678208845,-0.7609582080501422,0.5551279848518853,0,Tier2
1.0589280641174017,0.3577265351809892,-0.5349793909698766,-3.9222764024911037,-0.3010040517572087,1.574207106828554,-0.5184950644498777,1.7521138862405392,0,Tier3
-1.9340439217476193,3.563749251830729,3.181181845058346,0.9584357030910922,0.31422244707454794,-0.4737864731421604,-2.488406551156655,-0.7133930563651116,0,Tier1
-0.3375665886361984,-0.33877965843531843,1.164190672491738,0.3064215998071691,0.2687971449057647,-1.907817847500783,-2.160083341724299,-2.444856560538979,1,Tier2
-0.7977338737999218,0.755010128769602,-0.051283141406820665,-2.690935213023164,-1.1731478045940407,-1.6561364021932725,-2.9313889049234536,1.3499857816055798,0,Tier2
-0.7997641277878986,-0.9489577176227642,-2.4396082495063176,-4.65380149017248,1.291300337059319,2.9040236919926423,2.0780591199512735,1.5263477369497624,0,Tier2
-0.17659369379737352,0.22006881141146595,0.9981066900622863,0.7719686150829477,-1.3824711791238053,2.402999125116907,1.0758551973077723,1.2661328603012272,1,Tier2
0.01909671231209128,-0.2683061234410863,-1.9717130839809691,2.0249108454150937,1.339250302818245,-0.82783878868122,2.376120908776684,0.26457809730162785,1,Tier2
1.5993508708140063,2.3651768811532454,1.7022071345537078,1.0268191488971339,0.8113947366859771,-1.7733750559059533,-2.073369946655355,-1.1135793413649346,0,Tier3
0.24139996626790924,1.8520186664265912,-2.9592119573587254,-3.326885301040814,4.119837095990483,2.7751181435357597,3.6886504019679283,1.7503570268790885,0,Tier3
-0.36072481995861383,3.752339914991355,3.261467337375126,-2.4683505825435095,-0.6585744332732658,-0.4268957049657779,-4.559679242976145,0.37264744910048486,0,Tier2
-0.8696103367439861,1.5116554473106498,2.839457010469383,0.565227852441119,-0.5124695739719689,-0.3164453248750517,-2.4299213979762238,-1.3058982590467894,1,Tier2
-1.9267095965809427,0.8790005681637237,0.219544407309261,-1.7481169471818923,-0.3758504801156852,-0.628082048337552,-1.691974492733086,0.7236034271897458,0,Tier1
-0.392055160251482,0.20367603729036798,-0.5138799538468779,-3.367126798644302,-1.4493392089414698,0.06257308675048812,-1.6563927283245887,2.2037733031336617,0,Tier2
0.7319262453856865,1.949394631577173,1.2180835370910534,-2.3453333295410577,-0.537765867952287,-0.8958039940876233,-3.096433144185,0.681965492525701,0,Tier3
1.6577405500269589,-1.0356419921390518,-0.3383672004166106,-1.8284176727634185,-0.27717970363601685,-0.23512456983765295,-0.8981029396216444,-0.34361920423623826,0,Tier3
-0.5338772156735258,-1.7705238841234179,-3.7270725061608396,1.7930964252432922,2.151521317602242,0.8278665708786447,5.181391020399291,0.5688702452877628,1,Tier2
1.0001008972055816,-0.9052757419838089,-0.08874512734959322,-0.5208136450451163,-0.3815457044291888,0.7888760405929118,0.33317276867851436,-0.06802157318289104,0,Tier3
1.0109421080529812,1.247773810482586,-0.9028011540930734,-2.648655192255604,2.585121331569348,0.9375605661347868,0.6284928594104504,-0.10602655705173647,0,Tier3
-0.8058609552534246,-0.19300899677506633,-1.1062058486221877,0.6539440160176335,0.3762753692298574,-0.04064522780578983,1.3124290399707437,0.6230556433392648,0,Tier2
0.7480869472432111,0.7784501751557238,0.03835918563491569,-1.2344562760806113,-0.9490708276204969,-2.4818730946207577,-2.8106390927275258,0.7648852419064077,0,Tier3
0.5547322169891947,0.21187701926353708,-2.578418078082347,-1.5355729540698535,1.1116681980066936,-2.4751698039516334,-0.3195574702221933,1.0554500375552651,1,Tier3
0.4824182247247532,0.7060637030904559,0.07472734017917614,1.4798965073890926,0.02893666095853753,-3.271808934120354,-1.774869988214306,-0.5864065218374872,0,Tier3
0.6180514628381729,1.5108233203943198,0.5501478263232247,0.3862001536431926,-0.14268770625971938,-1.8800009430750704,-1.7506463557157266,0.26229404845445126,1,Tier3
-0.7208662498331265,-1.5663381107213032,-4.645901144071163,0.961086122575262,3.1214008447202346,-0.9434630772622721,4.376377511101282,0.2074503517296289,1,Tier2
-0.19763800625307526,0.292424454718901,2.0770502002411555,-0.6260033763755533,-0.6448004553637672,2.7213349569002916,-0.12728750555563273,-0.42010738447930795,1,Tier2
-0.09362778596860905,-1.0775921648745996,-3.4100644167872307,1.2362582791999728,1.8354441327183486,0.024634642075653135,3.9243441893766944,0.8926840244969325,1,Tier2
0.6104853015107121,0.6867823268329534,0.24959393621802706,-0.5080828553823985,-1.2190435308901084,-1.227063228975198,-1.7116823185622878,1.1295401347505518,1,Tier3
0.7052834899766558,0.24782646377062822,-0.08035516375492846,1.5290517382901685,-0.9356081781081889,-2.1607472450768492,-0.9958129321901137,0.48206750590396275,0,Tier3
1.3190756280592197,0.6585202924527672,-0.2015474757124942,0.3552399903166934,0.8675319060659687,-1.338450065821887,-0.4763423714504621,-0.4952691902468027,0,Tier3
-0.716225009423016,3.94299086786139,0.7154371129115513,-2.021569329193794,-0.00573770720137845,2.2664666975962673,-0.055852792823225486,3.5166163692319756,1,Tier2
0.33490993645994044,-0.7759460972100836,-2.701776427182162,-2.5648017068315205,3.923588244445333,-4.2239159978380005,-1.3863310095165855,-3.000479296077823,1,Tier3
-0.9445294576993009,0.7114594995336492,-0.3288267716158177,-0.14632651949915654,0.3783975003404706,-0.13747822313204283,0.15525089802771774,0.5698073344999499,1,Tier2
-0.26431229167624964,-0.5421430282801106,-2.4213828911816755,0.9369675010191382,0.5737574810593455,-0.09455109452681709,2.5525652555246743,1.5052607605109198,1,Tier2
-0.7655184968435811,-1.8041100208038694,-2.4356770544018134,1.179515429007414,0.976982212439992,2.5598789759398475,4.837297194466799,0.8869254457575635,1,Tier2
1.5871324514543836,2.3404247616805836,1.082004055466662,-1.6540772869559384,0.9069310447674473,-0.17444936906216846,-1.7438558861440878,-0.0028265565785320357,1,Tier3
0.13670532275726222,0.1957320870275311,-0.12273432129498918,-1.7691304852078784,-2.5802567325599894,-2.284454212572421,-3.1805684436626906,2.0826300980195214,0,Tier3
0.10691421276993877,-0.06482018150967139,1.519097079591601,0.8343612252676005,0.30188096399381015,-1.5801318523032826,-1.9244575195142306,-2.5106905327509184,1,Tier2
-0.20709681153663623,-2.873315561321659,-5.155400012532297,3.4986142389308936,0.4975533831156519,2.705470266835169,8.30920527444432,3.3340361222311286,1,Tier2
0.7796750143719668,2.982815752091457,2.2361910113361443,-1.8528105572523201,0.3673577669705501,0.10406164092970172,-2.728398295858399,-0.045468121526594185,0,Tier3
0.47517515689408685,0.7059291148659126,0.2535565158871489,0.21150355358937056,-0.666248846485814,-1.0606802141463225,-1.079282672559244,0.6500580644782652,0,Tier3
0.5097791306937841,3.319270379451356,2.1855697522114106,0.8937360019821432,0.575842844336747,0.10354455397859186,-1.2022837259353965,0.07142376953388563,0,Tier3
-0.14393338401606803,0.5926531565299407,-1.087194944705668,-2.7698834679188273,2.9249950757649126,-3.0792641933094616,-2.225864785798127,-2.155286619298841,1,Tier2
0.484325437702705,1.3151191235895654,2.0199030638236755,-1.8388608115980527,1.306186621494383,-2.731297711469596,-4.416988069645564,-3.152128840298319,1,Tier3
0.11533979039383678,3.233338818749529,2.7532346327966244,-1.53639105554231,-0.19176356435100206,-0.1471204920527075,-3.314974911624155,0.08219220840591646,0,Tier2
0.10849833926309564,-1.7764297085510319,-1.297658048947941,-0.9637961383370968,-0.6307927256513295,4.245170888978038,3.672841223544924,1.8482284603109431,1,Tier2
1.1015546500565505,0.0018205740032483098,-0.1322245777327642,-2.4043659044603256,-3.059818718597658,0.243709138404975,-1.7004490113653559,3.2361062916531376,0,Tier3
0.5331036100347484,-1.1105155293176974,-2.2348940590312356,0.2663872750502895,1.506807687163438,0.9096633528508925,3.0470922028383907,0.23333213366285743,1,Tier3
1.502697866344197,-1.314602556222599,-2.4761459706397533,2.13916253756992,3.1965998014598123,0.5696952581511721,4.380531422561472,-1.4727456006632025,1,Tier3
-1.0540868798292016,-0.5026692419279315,-0.1538865473684452,-0.29499525624747625,1.042427761035651,-1.8022821020261293,-1.131325706064695,-1.8936441946096152,1,Tier2
0.25325862226729384,0.4374344473711942,-0.4448073406489067,-1.275591642969965,0.6453551739170955,0.6837562641605124,0.34933518296374266,0.47651809434450676,0,Tier3
-0.13212487511416424,0.04966881255164479,-1.0333178324103969,-3.3144654394228006,-0.6704499658398938,-1.1153395891141367,-1.9066670647840187,1.4706834878811328,0,Tier2
0.3367229815964999,-2.004427535270532,-5.2674059425844195,1.1571908831874667,2.7371002882276025,0.4223087411658346,5.943922717961499,1.3094550224126231,1,Tier3
0.9592674586726858,0.06470887235314915,0.09330470755514408,-0.81907539467613,-3.1920144113375346,-1.0451694410912251,-2.059518141734107,2.7327437987466587,0,Tier3
0.4178640261994408,-2.5158020716572347,-1.3524319085234737,-1.3370202990471327,3.335158031396287,-5.723326572625277,-3.0634497152771383,-5.925596957763305,1,Tier3
0.03906451073402389,-1.896523672766478,-2.7314496146402387,4.002989241898735,-1.4480794039664073,4.105305598894587,7.16252789988841,3.966428500744331,1,Tier2
-0.16863290969190903,-2.320214042436394,-5.1929419915299775,2.9253477812190303,2.9579817538724127,1.069641573376889,7.366593690386921,0.9286201406104344,1,Tier2
-1.299145941755694,1.8054928404987298,1.3037711068716438,-0.3857053948320974,-0.17755705932224086,-0.8602402100075246,-2.0176817920380845,0.10020181134037798,0,Tier2
0.4858344244121921,-1.5139974499152888,-1.8204879483346772,0.7093636958510262,-0.6031647227019299,3.129116577818834,4.133947846960276,2.222416220405278,1,Tier3
-1.4932429867505081,-2.3061802062742744,-2.611518394234985,2.443720481863812,-0.48555033488392985,4.40919081173818,6.715192881582076,2.6554121399834636,1,Tier2
1.215429813686056,0.011322686227085765,1.2213016585869674,0.3951865236728538,0.44533790615754665,-1.448565207957751,-1.78108410759992,-2.2158138337698308,1,Tier3
-1.8579760248927368,0.15691655024591444,1.7989462688846898,-0.9604548173526826,-1.2838944740351148,2.8648060979959387,-0.11522508003073928,0.43177626127727586,1,Tier1
0.6168130787385951,0.6008455370337115,0.40606511521565664,0.7139105467155213,-0.1271633910915213,0.9230379133352695,0.6944370169029135,0.5214938415862,1,Tier3
0.2687447194320087,-0.4122266734922988,1.527254328080947,2.096962205400066,-0.9854755168169469,-0.5606467307077113,-0.7893503961454413,-1.2482609789085077,1,Tier3
-0.05621681212847209,0.32541299195232987,-1.0813622325508463,-0.9194177403313377,-1.1885618648439737,0.15322980041181467,0.22267841825334567,2.665446353743075,1,Tier2
0.19337521056786575,3.1671541057978065,2.9487017502719817,-2.1361373582293743,-0.21267627973831393,-0.13179043505702803,-3.7816982622626236,-0.15293726423752652,1,Tier3
-0.31332259200413143,1.7000427416905002,6.034520575501039,2.5144852057028535,-3.0439217012842557,0.5398492538724158,-3.972086495612559,-1.8236915854165416,1,Tier2
0.9390519244075611,-0.6178935246795169,-0.8981478647486174,0.8985885224406426,-1.2641482678726428,3.105708976477604,3.2776452617658096,2.666219569492422,1,Tier3
0.23460484106257998,2.2657346966202163,2.1214734793443446,-3.3689873561884274,1.656706165987928,-2.5572688102789964,-5.119962032956142,-2.6831910602986384,1,Tier3
-0.2896871727535511,0.5372481056311107,-3.3566073048483895,-2.0994378332916184,2.0168164380387488,1.9179690204303483,3.5513826652772815,2.7600391243833666,0,Tier2
-0.3201930196346475,1.3187023703943963,0.9600485073234994,-3.1732768614748594,-2.2277265580594214,-0.008418722086904862,-3.031507837402641,2.3508468279820285,0,Tier2
1.0537353176489332,0.0965238709113434,2.9877387415393364,1.718451862449761,-1.2706303622195687,-0.879173488373189,-2.506297231968393,-2.181319809752858,1,Tier3
1.3762960778127988,1.3468057437177516,0.7062010118269353,-1.0868259724528846,-0.06378452432975779,0.9011509373799891,-0.523455668126157,0.8146649452642654,0,Tier3
1.9240334998004929,-1.8759874558202951,-2.1174174375787,0.25800542461304754,1.7029336486196465,2.3488660662386285,4.107091022943502,-0.28428954057895206,1,Tier3
0.354826829520639,-1.0149441898521405,-5.232364780113916,1.0260097206736207,2.814832619864893,-2.397682796148325,3.6982268233822304,1.1384730328919006,1,Tier3
-0.5242889110312867,0.3199786201665238,-0.03983371858943552,-2.0682848656112176,-1.9602301802417847,-0.11968385748333144,-1.622777170504032,2.2226253565482676,0,Tier2
-0.23045290172181426,-0.6248266709348134,-3.0625621591486984,1.4134575872106212,2.6153833599886855,-0.8258146607413237,3.2609854003749215,-0.12234516622921743,1,Tier2
0.23207619650262493,1.5131025538180687,1.1078781027707203,1.2606598400783517,0.010610532412990814,-0.6754983579098495,-0.7971676977805652,-0.09129593589254625,0,Tier3
-0.3724308530373982,0.43615179258632697,-0.4521939858692093,0.039297373215402276,-0.32145920161178165,2.3279213271693093,2.063208886312316,1.9571050834284893,0,Tier2
0.942695667499274,3.5825287830703023,2.3621534154757047,0.1504692100232108,1.6020216672461585,0.054324331248602364,-1.539450577053233,-0.8920740121513833,0,Tier3
1.5896615658433906,2.077577288508512,1.197901167369555,-1.064973802024384,-0.06058661648999775,0.5739182726921759,-1.1833050925498212,0.8253723994325655,1,Tier3
0.8498886462208913,-3.2281780415780057,-5.392590607188635,1.301221615737415,3.3816910105986975,2.5020990227665605,7.888308741520126,0.4183561747307707,1,Tier3
-1.602750887498892,-0.24776099565921017,1.5090479058944775,1.4084689344432904,-2.164305626880523,-0.23266492879253708,-1.1737821227786769,0.18381524782628123,0,Tier2
-0.36073055824440614,-0.629410904659272,-2.7281642458687476,1.2811340796254167,0.6704992786679054,0.6727925153507275,3.591196688019381,1.912401768148983,1,Tier2
-0.6833033288473127,-0.25843794359619876,-0.4858229080016342,-0.9493285030113074,1.4798001386171138,0.06989390271339457,0.30956164352712934,-1.1187046202459503,0,Tier2
-0.7856072811244635,-0.9965980379467336,-1.5705324443500666,-1.5962412025516337,-1.4806376096971128,0.03166426002432421,0.14541402489061706,2.2676558698958673,0,Tier2
-0.49406428586035417,2.2673044479221875,0.33096577184878906,-0.3584581590910202,0.6069958195476872,1.0566686367638842,0.4151234571661938,1.4215383110062865,0,Tier2
0.8643653463895952,1.1220171881654781,-1.427291485733394,1.8156445730801716,0.18743848705700406,0.9689170680061622,2.865257847897229,2.6391686785126636,0,Tier3
0.15981762272714956,1.5458216870611925,2.810633727249487,1.5198321739993546,-1.4278143028471062,0.9227942361937234,-1.1837776605012547,0.04851753226759614,0,Tier3
0.3518594294465751,0.2618508700215516,0.9978944492788613,0.13534568457145513,-0.0017827733236770449,0.41804424155590114,-0.43572116619512297,-0.6952370624172923,0,Tier3
0.32830717562133405,-3.7192184196357054,1.5590505410417195,4.1747193631351,-1.1860302142496852,-3.307772526463491,-1.747018878794094,-4.958514381196176,1,Tier3
-0.29554480125901383,-0.90686372225061,0.5075882512346716,1.783116450433809,-1.0306563900936605,-0.6680826564104191,-0.1985185150653972,-0.58517838905684,1,Tier2
-0.4582739153981058,1.3937471213102026,0.7401972037400503,-0.7082248231690498,0.23182219159433592,-0.14900302466216908,-1.0784593549310826,0.17822483118578425,0,Tier2
-1.1096989703470332,-0.8881307361931503,-1.5466816221054613,-4.0076471167451,-2.1277896666834932,0.06776976285329694,-1.2734693291128356,3.00984237377633,0,Tier2
-0.6175077949031385,2.4729760116652773,0.8839574770431305,-0.6113960439080786,-0.01832096169669528,1.5559016589057113,0.053422927150636276,1.7916291883291486,1,Tier2
0.17727015250844574,0.9806922460532372,3.0750964019698697,-2.4454683534781485,0.5827639375589462,0.842880804069611,-3.052759021546819,-2.6762733764036786,1,Tier3
0.9295289063494676,2.865777415144169,1.4419008497443198,-1.4051506102956273,-0.36415479895238656,0.8417855140968951,-1.4554134342569127,1.6530089678198148,1,Tier3
0.3368430229165376,-0.9215878033640086,-1.3770203143817688,-1.654555605670128,-0.3834048785920705,1.8558793086991903,1.5966576104933583,1.6643435221953102,1,Tier3
0.04851466221955901,1.93316668900829,0.8691272383762527,-3.1729091479717666,2.073610795126669,-0.3029743421747655,-2.1771336361536138,-1.299245002598182,0,Tier2
-1.1234717190204166,-1.1436232755376756,-2.2812680511101675,-1.1002724105247772,2.8340651258314304,-2.87244965415523,-0.18263278068444633,-2.281768580787845,1,Tier2
1.1862157344024336,-0.8364904377421847,-3.590713574597015,0.2201429170250666,0.6025325380171171,2.4039002971911247,5.038449946078603,3.3047602355158747,0,Tier3
0.3803018024448286,-1.117457806198067,-2.645620768578683,2.1290843028567688,2.7565888396594826,0.25928154657061464,4.167877402357233,-0.790616428427239,1,Tier3
-0.4503654144104354,2.3536920486182207,2.472898129933631,-0.7472725144375634,-0.23644291246193472,0.4704958522366456,-2.186092769735002,-0.15911467711935545,1,Tier2
-1.1306565105457478,0.38273188424410187,-0.8041777237407777,-2.7954791217905477,0.18921822827485757,-0.4719139914114986,-1.1393247371594433,0.8906995620310831,0,Tier2
1.9922734717416066,0.6548502354751766,-0.06594292075215957,-1.8153148913479427,-0.9377301887962267,-1.3024202889676615,-2.131459066736835,1.1544761052782548,0,Tier4
-0.05508475461707899,2.1774039164626795,2.542404159170739,-0.019447579823510974,-0.5590692184126569,0.93055851152565,-1.5824163062102943,0.06913770735947988,0,Tier2
-0.507859581870685,-1.1846457237878676,-1.4116704752615292,-1.2676868296625203,-2.6905940178561294,-0.5704891366199536,-0.5490799263687496,2.906923363037285,0,Tier2
-0.6717136568774156,-0.49374196621764654,-1.5588209260999255,-0.48270508220364294,-0.41906130225918137,1.4438797118392719,2.028343264434356,2.1223797328550846,0,Tier2
-0.3350396163618237,1.7453513053633618,1.3720381336750465,1.705317806447661,0.09025029507300975,-1.948431583202764,-1.731176026975127,-0.673547421827168,0,Tier2
0.44710404572433665,0.5263540175958927,-3.7276364282491725,-3.826774062333763,3.9181604566765142,-1.9985404900089883,0.4308642895118422,0.011410253000655235,1,Tier3
-0.5836604573054179,-0.39648988791513706,-2.0894838904051203,-1.8785534502117283,-0.013194334341600111,2.807610916513437,2.8531284145633578,2.849775243495813,0,Tier2
0.8254521507811602,0.816136010396471,2.724802058524572,0.08584672301984475,-0.4372050163352208,-1.3847845686726523,-3.3583340381304434,-2.2233324855972243,1,Tier3
-0.14867908887143086,2.9039949304354624,-1.515225707579387,-3.653310118334395,2.8700489065499024,0.23034329860925506,0.08043917840266657,1.517116694643513,1,Tier2
0.33432825353352447,2.522947487877489,-4.614928545718572,-1.522084846747591,3.9827988608283467,1.8852993105586058,5.263912136881302,3.9322111218333937,0,Tier3
-0.0868038020675589,0.7987630929410099,0.02125119950724222,0.3847634141476508,0.16939343106139737,-2.205193061746057,-1.469459351009029,-0.21658743911029532,0,Tier2
0.35623312286764025,0.2763947126154388,0.4126196965645701,0.988507616173758,-0.23034625784950968,0.22500528346648774,0.29053870659069847,0.09198898169264069,0,Tier3
-0.48535131078557103,-1.9516071469976337,-2.225223846386182,-2.2690554708538757,-0.0664219983815666,1.6406445617725804,1.9101740034619605,1.283614363708935,0,Tier2
-0.43044733867642976,0.4073620941276347,-0.0609227793763818,-0.5036118765899316,-1.3215653740048894,-1.454805136811312,-1.6438848970344806,1.2377546865617393,0,Tier2
0.7936207477280433,-0.0817818710653746,-0.795235482734078,-1.493093991010037,-1.1315259695152453,-2.06384698800992,-1.9660230136383614,1.2125321365681896,1,Tier3
0.21224348794614614,-0.6891550013404352,0.6262918046629056,-1.2169312929671179,-0.9769370419032504,3.4873808112994364,1.2782342254678558,0.8451078789948276,1,Tier3
1.4015781389994453,1.0742665939427423,1.5370940968590376,-1.391533660138108,1.783858094352873,-1.871174513409414,-3.0147196872582365,-3.0349608630057756,1,Tier3
-0.0666113560055051,2.300706637576692,1.558649777567989,-0.3195414876213898,1.0764246062851754,-0.2231047498386085,-1.425872778385226,-0.7447118774971206,0,Tier2
0.025567818794591177,-0.6686746575211755,-2.62815845859454,0.591342234932266,1.3400636762024078,-0.2855622061991765,2.5808278982786943,0.8072989987353325,1,Tier2
3.77748997612812,1.0181371310602172,1.890169920547668,-1.3133192845120556,-0.9628294274242475,0.579818384894494,-2.056529760397318,0.030054127444459122,0,Tier4
-0.13859424920308436,0.736973456310197,0.3208765232255779,-3.4027006794904127,-1.8173612309645844,0.9304245161494309,-1.8036339530710959,2.4324397951409495,0,Tier2
0.25970817559978626,-1.2767843342355727,-1.6679594988610102,-2.8950438563904255,-1.9830450113195797,2.582501445790208,1.3624092635955412,3.4761893048601937,0,Tier3
0.17154505056332062,2.267315402395485,-1.9796367255792493,-4.119662301601732,2.8230113588034484,-0.7192668429645035,-0.4964094063783753,1.184331084037515,1,Tier3
-1.427374967075064,1.628181268091178,1.240442393710583,-0.6611436358350324,-1.4277973492137574,-2.2444552228871864,-3.450916154120964,0.7729560724676735,0,Tier2
1.1446614595996163,2.125520882696777,1.421154632981378,-0.4313458312290511,0.18690641082129256,-1.6327481610891952,-2.6459879023887445,-0.35293898038567817,0,Tier3
1.935177501963806,-0.9623213377273698,-1.2574222860117779,-1.7600963293592415,-3.2468611409970833,-2.807266688822594,-2.7674646988910183,2.7441488939717695,0,Tier3
-0.16696642234871384,1.063997542563323,-4.278038122647283,-1.574886264678769,2.489344698046966,2.4994950190896024,5.116521585800655,3.9386876701170306,0,Tier2
0.8566877893186128,-0.44714858999882834,-1.2020377507241506,-2.537798928950514,-0.8882545290161895,-0.24823028996165852,-0.7395627623760294,1.701659484261763,0,Tier3
-0.16609776301710188,-0.43111311033706634,-0.11443406454914973,-0.32269458726245936,-0.5219609204959696,2.411886222732904,1.639607314092745,1.0542053559081697,1,Tier2
-0.45983156206462994,1.9273931736908225,1.5956565907203364,-1.123353357193935,1.2900764723756253,-0.12395446222381468,-1.741862873629188,-1.281469984077822,1,Tier2
-0.5621175920759395,-1.2133847113758265,-3.5320593945184244,1.700508753305979,1.6256600928920648,-0.3549926438576285,3.935260572029903,0.975543610515667,1,Tier2
0.08002708834754667,1.5640982441975648,3.272955861675727,0.061137147912768475,-1.4080146067805375,0.15340274395589226,-2.9079683160220298,-0.6873341572974287,1,Tier2
-1.2230144614347815,1.52286908200392,0.660894268279308,-1.7371801755715353,0.3527708552423314,-0.7483750400010445,-1.9846469829115887,0.07250412502618486,0,Tier2
-0.187894223288639,0.0889516094636924,-1.0901360260268156,0.6549628912223314,-0.6294808414722395,0.4437023788256249,1.4189372095443051,1.997836504528046,1,Tier2
1.761011230334019,-0.6527510237585843,-1.4287359920599354,-2.420314128379485,-0.038111630502930316,2.590194661728022,1.865579524517354,1.8745031368907155,0,Tier3
-0.017741834514377944,2.9054929674679895,-2.300298590544993,-2.9617931564958067,4.290050602879294,2.2903679961306196,2.9833171771227462,1.649410586747471,0,Tier2
0.22246486234247298,-0.7458591561641521,-0.9961961256827072,-4.829441113498196,-3.395087462084492,1.8770043013683337,-1.0910486184660346,4.394487987857216,0,Tier3
0.41864231743030594,-0.2727793660640798,1.5310001001814357,0.19058743713368043,0.30026048815214,-2.293149724387459,-2.8070784291597164,-2.935775580520823,1,Tier3
0.8096224271269085,-0.6392168323540662,-1.567070036515477,0.3664363732092014,0.22614497906141962,1.0744605253388053,2.3601935442853894,1.2401561070319982,1,Tier3
1.0690222891970598,1.245642784367022,-0.87337465167004,-2.305215094472006,1.603661831489641,1.3583320425576708,0.8708141445920947,0.9535462548259567,0,Tier3
-0.17089419816686402,1.737666001167725,1.5914308381075737,-4.203287557266835,1.1088137024198557,-0.9114406344411883,-3.993603586951623,-1.4940704889719059,0,Tier2
-1.8159319960198228,-0.41536541404569327,-3.441323817755226,-0.17749114833539292,0.9224733851201575,2.1154376137232367,4.551562574825572,3.1155465194643313,0,Tier1
-0.7003148997607653,1.3463081059566255,-1.8180881013663721,-1.561553911137122,1.5567659722770824,0.8028782184016419,1.5990122954589685,1.9050772793571826,1,Tier2
0.6850693709324386,-1.8749981256925645,-2.6348103419777082,1.050924467536073,0.7686687949669812,2.644312834787408,4.948887652360844,1.2696015219722794,1,Tier3
0.3827463149482212,-1.425770728972195,-2.129103192128979,-0.8251866339197731,-1.156668925356337,-1.3069184140407755,0.08409096073478795,1.7140230274418766,0,Tier3
-0.5056883931084507,-2.3128586596064853,-2.2846266640956676,-1.7172412765080534,-0.6011611385727804,2.4047598473637968,2.712086745297357,1.7955115684124778,0,Tier2
-0.699935209266492,-2.0794111911024444,-2.0372965350655887,0.47896811552443097,-1.3119073350020698,1.5102807464171937,2.812801841149674,2.108285588766262,0,Tier2
-2.3307727820257185,1.5388910102018756,-2.14071577792215,-3.295808725985928,3.1177346448285386,-0.5239299943558331,0.3094891862523048,0.4779916139751257,1,Tier1
1.0842152041413629,-1.7715262434094048,-3.161928383449568,1.8639759637922297,0.5381370966035746,2.5096112569857607,5.64748499235668,2.0953505871464166,1,Tier3
-1.7488212394787468,1.3785379523975732,0.9407561514756513,-1.0784869785758233,-1.0585277319792368,-0.9253730153149329,-2.3313498242599837,0.9549944419065636,0,Tier1
0.61758990470135,-1.0859314570515808,-1.5864637006989601,0.653832739574882,0.9698066845307891,1.329777033643714,2.9112845090673067,0.22077538164951005,1,Tier3
-0.4197113365134019,1.985337851814874,2.03296618399858,-1.1213375596167672,-2.949245350313917,-1.43118623791524,-4.097173955423155,2.002126710959854,0,Tier2
1.2136458541964776,0.45053856898563194,2.117098726266613,1.2577658983399957,-1.0171526271243323,-0.1482722347468094,-1.4349295987027162,-0.9353937131457237,1,Tier3
-0.18461480150574489,1.8379508898981647,0.8728393268847863,-1.1600980817156472,1.1019758448622583,-0.3744140410227128,-1.4024473669655053,-0.48757527956943825,1,Tier2
-0.8643077150294702,1.916174525365651,1.5825238534436155,-1.325902364770699,-1.6546790594067136,-1.1609181234091073,-3.3225209561487747,1.2520326584765988,0,Tier2
-0.6656055779091222,0.8554851394580428,1.2853684445322846,-2.1824920954884446,2.1425194379027395,-2.8685581276131265,-3.8889355743686393,-3.6319741723651067,1,Tier2
0.9776591369651063,3.0140254080479294,0.8054443467388681,0.48149254743038994,1.910883018152429,0.11452186475376291,0.04292353828949813,-0.017597603922305805,0,Tier3
1.3324943599506938,1.225020925566563,1.0021890834406408,-3.01581166334889,-2.5842585307363537,-0.6855239058333543,-3.577652107071576,2.3434659202798462,0,Tier3
-0.18016619384139337,2.1065341461337845,1.8350189989044992,0.8709338117570635,-1.0419556436949322,-2.4772747484015216,-3.2293958903835245,0.09019907639696145,0,Tier2
-2.65494744061676,-1.5031019421654448,-0.7115065164671437,-0.6629036227426681,-1.1245291260124803,0.8273461145125398,0.6381523466820516,0.8061999381237182,0,Tier1
0.9020762444317644,1.7445496506220912,1.9222426076499322,-1.664271412134439,1.2678234357946558,-2.0223111256000617,-3.730775110921736,-2.395692047767791,1,Tier3
-1.788388927204346,1.2348811596647518,0.9721847880172466,-0.9808720972174553,-1.6597232379032194,-0.31340210288092873,-1.9805338597683093,1.5824557602522225,0,Tier1
0.8942375132116674,2.226883486991373,1.7325097933033797,-0.9974583372102055,-1.093293240547992,-2.2335030966582314,-3.960687864589901,0.45960629798635,1,Tier3
2.421465132961808,-2.2101886341202586,-5.36284034376326,1.7582968960687455,2.420422627025034,0.46710678189358557,6.303418232935159,1.5455341559612639,1,Tier4
-1.0348148885745907,1.3365545263760639,1.3893264920467239,-1.1152921433970955,0.7865485037141685,-1.0111670651407307,-2.3423584241697686,-1.3891226669207701,1,Tier2
-2.232289356078517,1.1218545937534843,-0.5099139824840258,-2.302585538821641,2.657226757509949,-1.6422193103227336,-1.4430066152175862,-1.5695303761254333,1,Tier1
-0.2611853187979934,-2.0707856019655937,-4.75493545359908,3.4847435430252074,2.4825788841165775,1.0468486815102331,7.165401383166365,1.1312050758744108,1,Tier2
-1.4183029081738565,-1.0056711879841354,-1.3107459851447745,-2.089353395105339,-2.603844436360643,-0.2582348163787609,-0.8125678499267073,2.9866931099637477,0,Tier2
0.11647407729198958,-0.840969067698468,-1.7176087258832042,-2.0432286807653766,-0.4180395080214493,-0.20234274672466623,0.10063453336873529,1.4542099019553616,0,Tier2
0.450257691189742,2.10772919340527,-1.0707234590395054,-2.7947777702747185,2.477992910841815,-0.5608539812519935,-0.4982798683838201,0.4447023649095281,1,Tier3
0.2987552795742291,-0.2838914302272513,0.14869044275571297,-1.73975012872911,-0.7757151884825093,1.5176713286460115,-0.06350160136007421,0.8704876956174383,1,Tier3
-0.24936783834808848,-0.478544204735599,0.8802168595958156,0.06803321912694327,-1.5715305556107815,2.8828554976556484,1.1417021298183938,1.124377793570806,1,Tier2
0.5387409256759493,-1.8422492040679037,-2.3057190115661577,0.3359426410974724,2.0039043755756856,2.6921708947283047,4.632401458519209,-0.2333894448931022,1,Tier3
-0.9093696726362216,-0.4233866211431352,0.01383879536640295,0.3523083500997105,-0.2259273795368073,2.2855819088756686,1.8646719614038598,0.5853471593819188,1,Tier2
-2.1550069168997035,2.638095344338476,1.1739799489570137,-1.3038793673783857,0.6312814192497056,0.816062582755336,-0.9591497347327811,0.7568921458630185,1,Tier1
0.32663196225679314,0.02101725751459549,0.9659864947969216,0.3260472087223012,0.8068385297713898,-1.3838703948642945,-1.4743571781016012,-2.2645146952245163,1,Tier3
0.06290973059478448,-1.325826220853198,-4.028931435334145,0.6668307384159176,0.5369816298991317,1.0241872494623532,4.586206358746232,2.9390912458208396,1,Tier2
1.0370622897644273,-0.07527441707619542,-0.41562851985579774,0.6711105429366433,-0.33587830917499595,0.7341399797074106,1.1713529963494311,0.9411397906922694,1,Tier3
1.7853391366968123,0.23440672048941802,0.14900542315938026,-0.6915706253618682,-2.4128826397865337,-0.34003715849662375,-1.3239650416049216,2.296843307939517,0,Tier3
0.15968796121003587,2.473285525821142,-1.7342959727865908,-2.757161928350965,3.509245448114207,1.013906031248226,1.489886623206318,0.9956647535772623,0,Tier3
-1.219735606326348,3.8307616904857587,3.333422378925832,-1.6618443998793004,-0.11022266675856385,-0.0791753284289195,-3.802605527068091,-0.06333634571114577,0,Tier2
1.293426818020839,-0.8122669490956139,-3.5561139591776376,1.5022178820308434,1.3674214431827205,-0.594072840111386,3.595627365738116,1.5318788813357087,1,Tier3
-0.2530073476011097,1.6375808335000217,2.8949644829043297,0.7216830969276311,-2.039030563470375,0.38985337324474023,-2.224598834994778,0.46809571750465206,0,Tier2
0.6587608578241063,1.9797927988200277,1.834937517732629,-0.5232713356772589,-1.7332964049794615,-0.9645254299957076,-2.9780105845745197,1.1711784402903036,0,Tier3
-1.702850560955932,-0.1613456612392683,2.8404619538776266,2.4053671731694273,-2.2355517516534,-0.16053784428579243,-1.701352368670379,-1.080953833289656,1,Tier2
-1.7068795676073696,0.6180019120247526,-0.012238700885528697,-0.06968664697674765,-0.6063486003403313,-2.0230757288518766,-1.7221653121558953,0.48117988495769726,0,Tier2
-2.463886694684311,1.3644394867196492,-0.5765163209028316,-0.680816609154579,0.5953936929829758,0.5060794086353795,0.5948591520448292,1.4225400118395344,1,Tier1
0.21656930617088582,1.4627135651850844,1.1753286375824645,0.004631331663068172,-0.6374234055213405,0.3902107088669351,-0.858843721749549,0.7928106896523375,0,Tier3
-1.07085729555163,0.0810551251377748,0.1243583303533129,-0.5494588918966306,-0.8022996748051356,-0.06095886312808685,-0.6301861121278352,0.7075819693230476,0,Tier2
0.8009535693011547,-2.0156891666302417,-2.519731532790022,-0.919305035301943,1.0243788445508977,2.98196726382869,4.138422748841969,0.9077664907973236,1,Tier3
-2.403239790981312,0.9209898730561086,-1.3730903556035656,-2.8423123721546935,1.7913013178871262,1.5432677585824783,1.1909072583231897,1.084426226646828,0,Tier1
-0.5054200350549426,-1.4340651711009076,-2.870012854800296,-0.034949451529671105,0.6188955193794053,1.4149281757485477,3.5889101816781435,1.66248498733501,1,Tier2
0.7624929335478066,0.3087110584207765,0.022581395534832627,-0.0232896221957124,-1.2103216366369618,-0.08112499651639737,-0.3893191732429995,1.4033902412682369,0,Tier3
0.5086900801902082,2.9107297057327353,2.3520138492560254,-0.8953256711821578,-0.7192817249639941,-2.3573384495354395,-4.4390407207100875,-0.0028915738829682347,0,Tier3
-0.4403966431119995,-0.030940542746989763,-0.5191682755159286,-0.7980645280242696,2.1095485945833925,-1.8474686996117202,-0.8931354208616265,-2.134355660191998,1,Tier2
1.4432835324486173,-1.6664750517074016,-2.334991040660868,-1.1899735619873348,-1.2226907052883105,-0.42464115018846926,0.7201836822922609,2.0824249222910094,0,Tier3
0.3631220161854476,0.7671767400845004,0.2806353935257787,-2.2684428960649914,0.6328192065307359,-0.7556310974305209,-1.869278775988937,-0.46084099641016385,1,Tier3
0.6128210444429151,2.157140491203428,2.1357307179069522,1.0365319095072203,-1.0181462960636265,-0.7537220381902855,-2.0783645669380966,0.36134440198642515,0,Tier3
1.0445856045414657,3.574310994222313,3.6472306997033055,-0.30099986682818336,-1.4026805384306045,-0.08747988308775856,-3.6478704099941632,0.6153041823774493,0,Tier3
1.7517962170705998,0.3664371790248271,-2.2193537048731145,-2.9691427850683785,1.4471750227238673,1.9576777999955022,2.064628450031996,1.9717611185127621,0,Tier3
0.9491235890461854,-1.0664653158927813,1.9804002748691978,0.11988967838103237,0.9802114657272372,-3.9053366168021357,-4.246184587067198,-5.318488163096541,1,Tier3
0.9594099968570928,1.4996119580845848,-0.7398495778940397,-2.9037765554857797,2.6726468811230384,-1.5491794888708668,-1.5093217369696066,-0.9656009673960302,1,Tier3
0.18300995037398718,2.464059926235991,-0.49056721157485184,-1.686069133855923,3.0388490947568254,0.7791653462376827,0.7487082705562003,0.026142595550871506,0,Tier3
0.9067156838508832,-1.0439391813887404,-1.2590540474376932,-0.6826205142306877,-0.11705181414173715,1.09480857737588,1.5027055735073493,0.9055624135988655,0,Tier3
1.7557905435329837,1.2954234147205228,-2.468266477958803,0.23666265699291866,1.5343902969316827,2.2898229240786856,4.199249358238493,3.049808519863603,0,Tier3
0.40439952092816306,-0.5915736800300408,1.1005043117529336,1.2568887892150844,0.29309063529522905,-1.3806712473300926,-1.1947830635450714,-2.460749328317959,1,Tier3
0.07308213092744939,0.5077215551210594,0.42637065009068587,-1.0757444113682997,1.4781467862129103,-1.6519688179778864,-1.8302983294081137,-1.983121513378722,1,Tier2
0.3302480893350243,1.3888234023819614,-0.2704896661020877,-1.2207561787885277,1.919236330688285,0.03689625212775116,0.01909379518812182,-0.3235297714528038,0,Tier3
0.8913396468447979,-1.0532859353015294,-0.2574948873036942,1.2039681044849713,-1.7030076676318013,4.384064906817164,3.7925812712347167,2.4443322798722047,1,Tier3
1.1414234246983592,-0.20222286103544695,-2.664217089362176,1.0237485972111757,1.6373844214675453,-1.502995114284312,1.9720700826653297,0.560084050428607,1,Tier3
-0.17846899441444944,1.0533532639896852,-2.172609776117604,-1.4191992310424117,1.2233152019732367,0.3652257635640861,1.5619146575162821,2.2021321309157416,0,Tier2
0.10156233219140404,1.1924898467394973,0.8789134521075987,-1.536369961662112,1.524270451399214,-1.717060155182311,-2.502025100470603,-1.920441897354039,1,Tier2
-2.0304135758161195,1.4373934523411236,-1.3128085870262212,1.3628500487397845,1.7857506014047027,1.0767108585575373,2.984996258762223,1.2791324046920818,0,Tier1
1.3652260676801675,-0.14169138589784014,-3.1943984725561165,0.7961311189974675,2.2152836121135024,-1.7206284163568974,2.2558754196689597,0.5473018697418685,1,Tier3
1.807419379422577,1.072890061387952,0.7686519210464957,0.3593379287753622,-0.747838758731518,-1.2963609773773541,-1.6314310865959802,0.4245705021006215,0,Tier3
-0.9742095738891192,0.15334615975384724,-0.6575262736737597,-0.8287243632553375,0.21101032738505765,-0.21494436840697362,-0.01668947294930745,0.571440553337969,0,Tier2
-0.4545289723907412,0.5655950057830439,2.6064911899592413,-1.3707680447414767,1.5277901801350715,-2.808744588693608,-4.632385815571134,-4.691567292782961,1,Tier2
-1.06118769724083,2.2677893092803485,1.4085244325880781,0.1805913789795568,1.2972271273131861,-1.2394970880350635,-1.756232437679289,-1.1724598478491517,0,Tier2
0.375255256743957,-0.9809017332320631,-1.1975829584214037,-0.2677104439304905,-2.3279125641337624,-1.5999957108571463,-0.8973107364222668,2.1512633433270194,0,Tier3
1.050281993397764,4.595756730270541,1.0529944535976807,-3.341966007114988,4.374337210774656,0.970683672125403,-0.9876086506738249,-0.9515322985538113,0,Tier3
-0.06501382277805628,1.9659197624693845,1.7032946457551623,0.30437287581813366,-0.9371428498520158,-1.5830209027033195,-2.7135532687995196,0.30789464437926384,0,Tier2
-0.30366577891320257,0.017375635510268772,-0.4797592058346588,0.2890853195947234,-0.9872939541854349,-2.2722455443299054,-1.4120134709418868,0.7324339501335868,0,Tier2
2.1171815399897724,1.6706048582827209,1.7717201853825797,-1.666336805216615,1.2247485223229275,-1.6008433854518325,-3.297654698766796,-2.1182976859505542,1,Tier4
0.0871360855498081,1.3749504640579904,0.436911587622937,-1.2736965963997307,1.7182767449222855,-2.25672131971859,-2.3710002064460958,-1.6577154035458435,1,Tier2
-1.3719413505485563,1.9678233315438773,1.5660446586838241,-1.1315878413725708,-1.2898729342572663,-1.6558413815748754,-3.496512963785312,0.7929453369787931,0,Tier2
0.5791253871425066,0.2699243869897442,-0.7402448587617154,-3.297048338892108,-0.37024575066739807,-0.1441207965855793,-1.3367971069574598,1.382685862231429,1,Tier3
-0.5228941622933254,2.3217429745216016,1.708540940284549,-2.9078452607486307,-0.30247187056832203,1.3664957110278695,-2.0354299556277615,1.017156878330147,0,Tier2
-0.42026305469107744,1.9560800885047023,1.3210040790459934,-0.7206408970379924,0.01815661933659385,-0.8225585345797632,-2.1377294314858672,0.041004242702122884,0,Tier2
0.7309593663135436,0.5885610845561624,-0.2669236385515616,-1.5704636755316685,0.20842961065758225,0.11735316421009201,-0.4886918027294583,0.6617710222094891,0,Tier3
-0.31244014178677765,-0.005915941072452302,-0.7796631625144703,-1.9434285627457353,-0.5073792402141291,0.6393442395218851,-0.022572639351262413,1.5582765792279742,0,Tier2
-1.6459388977685612,-0.7035773565758898,-1.4504897236571113,2.4121597194825855,3.25794445427691,0.47228918361606786,3.60838847685324,-2.1223212762309585,1,Tier2
0.25840171553463326,1.379046113626452,-0.637328699266932,-0.09427518771969501,1.63012454727623,0.07488473150137365,0.872186074528651,0.3412424839331265,0,Tier3
1.0133771216457046,1.585200141167309,1.4463288811833526,-1.5488595595265484,-2.60757751309897,-1.6402588785124603,-3.9078630235064726,1.8764918761160518,0,Tier3
-0.21472739379050806,0.611616139669924,-0.73399732899782,1.5592646302297046,-1.036667914208608,2.133874863620003,2.77128592203059,3.029130222505068,0,Tier2
-1.3203080761282289,0.08990635213080356,-0.49183335001668893,-2.703538079031608,-1.2813285045322444,0.12950479330069808,-1.230875114093792,1.9298608887760134,0,Tier2
0.8559364587000746,0.6003175218098069,-0.2849322925506789,-1.6676121148131346,-0.10988343962023062,-0.2825468890461673,-0.9040055897842505,0.8700974358135465,1,Tier3
-0.6916896590824176,0.40641126289879737,-3.7048600200016213,-2.5591268780525773,1.582211046305754,3.104722770399442,4.393398952442987,3.83985652328212,0,Tier2
-0.6243219765982982,-1.873286672355884,-3.3392036219508334,1.1021703783724273,-0.8264167326610545,2.813103519739584,5.299957820352477,3.635067397806841,1,Tier2
0.22159801813674082,2.652137338543302,-0.8606330547081187,-1.6984234815295056,2.2115670772232408,1.3661179947772284,1.2865897006819933,1.5905820313975902,0,Tier3
0.8518649257217694,-3.5795283797857955,-2.0494532334673625,-1.6095637079333631,-0.11713748802534685,-0.557902669104531,0.48717816620569804,-1.0377779146319712,0,Tier3
2.3138872734260305,-0.5437819289874894,-2.819766626926773,0.02636560854748704,2.531536416076552,-1.0486881013483802,2.141136682580913,-0.2859681430324208,1,Tier4
-0.19878598122853228,0.7691726434894754,-0.5108461462539925,-2.1922699169393756,1.2232827856909596,1.7024504024352578,0.8192026638684645,0.6272307966189075,0,Tier2
0.030062963183246534,1.5651202580342636,2.6232359892876396,-1.4308012278312972,-1.7636920107806167,0.6532686783431829,-2.868769217718092,0.53859772548706,1,Tier2
1.6554330809031192,-0.4342964183338667,0.9329295654611881,-0.4971132779172103,0.060123144009076035,3.0959455196044754,1.348822085225351,-0.4064076806053587,1,Tier3
0.5381739465275096,0.3372013788701217,-1.7788231613057162,-1.4395479535802251,2.4088563942985877,-1.241821328489067,0.31636465549080395,-0.5442639945370286,1,Tier3
0.4214471827301903,-2.020355493006912,-1.5551374408327503,-3.5260621190059407,0.2828699571920831,0.7400168340845683,0.1040763247678757,-0.11884620167795745,0,Tier3
-0.3454547476179307,2.82548499475884,-0.09241518471993815,-0.608090699289547,1.1338768324611919,0.04272017817492646,-0.030562176643828876,1.5215177074149708,0,Tier2
1.772723101755885,-0.4346213148642619,-0.47823014515768375,-0.28341341397587816,0.34337318403800643,1.4167873483509361,1.4094942196188431,0.2649057614828981,1,Tier3
0.9333207846519014,-0.5429666311911925,-0.07072907784278648,-0.6677350650901064,1.7414988269624732,-3.1442277050439085,-2.2444820716031293,-3.1416465254020105,1,Tier3
-0.3719472646945709,-3.4607718872753352,-6.189602626170824,5.56286021636601,2.3701204841919608,2.561610346472758,10.594961733880107,2.0200782629711727,1,Tier2
0.8813644317524277,0.6271781169258501,-0.222627301336231,-1.8070302861023344,-0.01272336881718572,-0.3930759542119632,-1.0897560080656512,0.697485856211897,0,Tier3
-1.1572673103742563,2.2642942602666443,3.844858007246851,0.3847701631557099,-1.546856631442918,0.23243642222337058,-3.1995444639688175,-0.5194908181255466,1,Tier2
-0.4634083344985053,0.5344057511293814,-0.813302051779061,0.6769839692076652,1.1792582596782906,-2.061608964233872,-0.2770595977461632,-0.4996032036946232,1,Tier2
-1.0966375086388196,0.30916971623127176,-0.24144693978338638,-2.3719795116292905,-0.9164879975553022,0.9928263903533574,-0.5270729859537727,1.784026082562958,0,Tier2
0.5789655930842613,1.0145269923562519,1.5850518273574496,0.2376499219458501,-0.4603229474904529,-0.31977690941455006,-1.5525428883249672,-0.4542585694287944,1,Tier3
-0.7372466703760234,-2.5686511770480234,-3.1407196706890543,2.693765819383915,0.8752665702999728,3.3338468034659505,6.796139717196453,1.3007978555130126,1,Tier2
-1.6130781536758105,0.8762766643643509,-1.155889665786722,-0.730662804374617,1.0242441225251984,1.4909640704621412,1.9047990183328798,1.518401876901142,0,Tier2
0.32656143033812945,0.5004733562520332,-2.0928220865051657,-3.0037244309006477,1.3962697109860105,2.0271757998758897,1.9794553222456002,2.0285893517396283,0,Tier3
0.9639448490796676,0.24802741256794514,-3.0364121468910903,-1.2712507985609098,2.496624944686649,1.989820065289322,3.903301722145221,1.7073852471643147,0,Tier3
1.1942945702200611,0.4132096014256531,-0.769015702261065,-1.3101988043111779,1.7893619383226456,-0.803309778312439,-0.25775527716687074,-0.8078810905563587,1,Tier3
1.3985322446780686,0.1028226422595202,-0.3528980098876579,2.2495938909014597,-0.38507242992890867,-2.4622499836957683,-0.4868760640520984,-0.000822209353516179,0,Tier3
0.7355521354802225,0.7381777611743283,0.6926154989308828,-1.2389969494282904,1.5942400400189125,-1.9197202436814864,-2.316062583659717,-2.2635117096768953,1,Tier3
0.04817330375311533,-0.32103172382445666,-1.1633449582235524,-1.003160451844618,-0.6755571765299121,-2.546851604538528,-1.657456896144938,0.7827753144839635,0,Tier2
0.0032443440781993525,-0.6251437878626755,-1.3596126669829873,0.4158856802123091,1.18784263403589,0.8496821362437573,2.2746231986843517,0.017763274277854513,1,Tier2
1.1085315772530144,0.588470562096795,1.7224833980538008,0.7962808486115529,-0.12304577858001542,0.06889944847447604,-0.9829383897296349,-1.1855063476888796,0,Tier3
-0.28737163969779744,2.7153994969738937,2.4833446168996156,-0.44769382870162244,-1.1674097024401398,-1.4600554044511236,-3.731475426741202,0.4133745081128847,0,Tier2
1.8289196752065244,-0.6582709306124777,0.6986186231548495,0.236793601858456,0.014089527527898604,-2.0245157125333897,-1.9554722827906286,-2.0202682988747216,1,Tier3
0.49813622664012625,3.2224905277859897,2.762899088420776,-1.0797452863046766,-0.897577082622959,-2.3826928191925996,-4.942977056942373,0.0021485686002087334,0,Tier3
-1.5865276436576432,-1.7445197935259071,-2.6675298675320365,-3.7985047880398595,-0.7538482083668006,1.7029774787782856,1.3436173891182306,2.6492220920153944,0,Tier2
-0.24760714791784602,1.8921921220844644,-0.2921758057145496,-1.519188399058753,1.6670724801827561,1.054047046150701,0.5745046192955914,0.7337806672611845,0,Tier2
1.264294587115343,-1.3489004730325331,-1.9611837363845293,0.12151180082037483,2.173938419770894,0.8622019520522707,2.8772299435586097,-0.9354177885752712,1,Tier3
-0.605716916648595,1.6983169415011627,0.7517078989090697,-1.6242692503157339,1.2666598287376756,-0.8352043699778977,-1.8534226392348578,-0.7902874574515562,1,Tier2
-1.9175646190215117,0.24450023009443078,-3.3631509722058217,0.13573062600532437,2.2118612012028382,-3.216605516377376,0.90020080678057,0.584256508365955,1,Tier1
-0.9718983104405119,-0.06921842953486124,2.4113352202198697,0.6138042198591,-0.2049088243607431,-1.8916564379482406,-3.1255565183651304,-3.075061129756885,1,Tier2
-0.337500884988916,-2.5760468638255754,-3.4707517833258685,1.9894358812455213,0.8638457727408506,3.7035637683640843,6.9723967799591255,1.7893104233215882,1,Tier2
0.16343732221414242,0.9808127041935842,0.27407050398045163,-0.9067753286451332,-0.13068430383314833,-0.6907882699312945,-1.2859372992091003,0.48584755149707115,0,Tier3
-0.6259807525302213,0.9644763551520877,0.37155615901781425,0.9597862726912594,0.0645671960264691,-1.921262385629979,-1.2678360477272301,-0.2541605267476812,0,Tier2
0.2310154145762398,-1.6060164512458934,-2.1856730991214683,0.9787761933045737,2.6689392490202355,1.9929368617190657,4.4939195596365975,-1.0405812812917103,1,Tier3
1.2184322813768975,2.807922604374685,2.3936007156934553,0.2721225190275718,-0.06330527212443915,-1.0780868228867722,-2.7304162204395768,-0.36681368493232513,0,Tier3
0.7307945903136984,0.3291812438422492,-0.9443425005107549,-0.8674542625847979,-0.481228801106965,-0.1878759840257258,0.047738300851423665,1.7185629322522127,1,Tier3
-0.634862376641585,1.9652254454048563,1.6191858311481735,-2.0999112526714203,-1.6400472693140131,-0.08327725577378875,-2.9418537490998844,1.6093633758866464,0,Tier2
0.8852383057401894,2.226047839469956,-1.9954695550062462,-3.5317881819703443,2.451288074180521,-0.7025637145019266,-0.2483582430469089,1.5257792329463666,1,Tier3
1.8934523228245186,0.669769307499382,-0.5043680376376589,-0.3856253604591018,0.9173558795674887,-0.8871942008377862,-0.265817271189687,-0.05149501202360729,1,Tier3
-0.16722796934892703,2.7304041821531397,1.7660962902858837,-0.5466481819377527,1.6707708254406755,-0.513608526842646,-1.8070045081725887,-1.258656341560763,0,Tier2
-0.5812391970261442,1.5018842359931195,2.8011583170415557,0.8037925647354831,-0.767842078543896,0.9906997107779816,-1.343420531994565,-0.5929522137108749,0,Tier2
-2.001736131354037,0.40793250790404456,-0.3193571487877639,-2.4178150810085484,-0.9943290777789866,-0.7720410475962783,-1.8457899983251442,1.4448139037511423,0,Tier1
-0.737015875785262,1.2499807814004742,1.4279016591151699,-0.7975691579093986,0.47309003346265954,-1.1854354826466693,-2.4103665347824967,-1.263149749949012,1,Tier2
0.5628109699500876,3.7764470433751596,-0.50271649264697,-0.5986790996925837,2.735998343889926,1.9659829633761465,2.117321699456469,1.8806552724614238,0,Tier3
-1.2818521573795725,-0.4362267845339207,-3.10616102318452,0.6479875526802298,0.959035447453422,-0.17966797807957935,2.983518380137242,1.9306083715640432,1,Tier2
-1.718203895546123,2.2594055980787306,3.529808188848881,-1.0168938327142578,-0.25175138100451,-0.8929695103237812,-4.224658071104069,-1.8076023866466038,1,Tier1
-0.06542809442218743,1.1036414569218627,1.4594208505091482,1.1927436062107133,0.11004268946732854,-0.005729555243886297,-0.5764598216075398,-0.7039554204901548,0,Tier2
-0.7162669418890676,4.262328128937735,2.7346304929162626,-0.5734409506291912,1.5252813503614582,-0.5689027282470998,-2.73615786685808,-0.8108128394843281,0,Tier2
0.692857874596972,1.055605248159209,-0.972333542512628,1.661765550542344,1.136857463476322,-1.8966302879380477,0.4700241257096941,0.21747124101323212,1,Tier3
1.0337971915140716,-0.31094518039406127,-1.4414932020369315,2.1552324710733854,-0.07753111730413109,0.3351907541003435,2.557184787375231,1.4266200149107897,0,Tier3
0.5083650441335016,0.5643811339505165,1.6745595192541134,-0.374675100060055,0.39887135020390174,-1.8847215015903305,-2.9151561138763395,-2.3001691034660836,1,Tier3
0.19771537465791925,-1.494765783070659,-3.560111732712706,0.8207673559644183,-0.17428637025788407,1.9112658949883008,4.792417073843205,3.2746949501185414,1,Tier3
0.4587228452020665,1.296692992235903,0.6510383879917502,-1.7338475680346779,-0.6762269370778906,-0.9535112828975965,-2.367696520020494,0.8175934303828776,0,Tier3
0.2420656213543121,-1.152143425782682,-3.8102214414703806,1.650659018312744,1.7627796643541354,0.3205676608934598,4.67853931499562,1.4186185643814817,1,Tier3
0.8332556325987531,-2.5419216573410504,-3.61277396147931,1.9556028410150037,1.853985500281985,2.1838365459288682,6.15380176298152,0.5011280783233565,1,Tier3
0.3929540631734413,-0.8053684327856032,-0.02218282523346793,-1.1087394988792634,1.5692858524158337,-3.78682012172639,-3.0357820114678478,-3.4668256666968746,1,Tier3
-0.038826288656095734,0.22057545384741994,-1.0531555641050923,-1.7655705363272434,1.3982467686904023,0.5470896172827243,0.6703606213657691,0.16049788405046483,0,Tier2
-1.4338636526151392,-1.9714647693406948,0.3274720302406345,1.5842983132902417,0.22226667149376989,-2.7022492143379093,-1.365953223934763,-3.232874521010211,1,Tier2
0.7704267719063206,1.2885177161833854,0.6144218561141579,0.827671373816667,0.4133738010155342,1.0320193309383843,0.773797046179566,0.41672576505022474,0,Tier3
0.3549299233926498,-1.1526136386055164,-1.5101437151507953,1.92710557450786,-0.48063978786298556,3.7045244115224216,4.97530967420153,2.268794275964032,1,Tier3
0.6715419334514876,-0.16962525755626445,-0.8105678421684206,-0.8143905353840588,0.12808491400005417,1.4488087007840305,1.3662502298590244,1.0821174978103916,0,Tier3
1.0331737607434923,1.3327356480932335,0.8903478276430655,-3.0763388165571404,-1.7913968073590212,-0.03320578077934255,-2.839069563528715,2.0029231664203864,0,Tier3
-0.6887323175867517,-2.7775821763349695,-4.271716306218943,2.3991547928227583,1.6318499758053218,2.93683771765443,7.450364029335053,1.4580599834682546,1,Tier2
1.5056888493420801,0.43861158343390105,0.23025694456689627,-0.7165364647796661,-1.7365650328170286,-0.8651211515037636,-1.646787362216869,1.55742730600387,0,Tier3
-0.4190255848402959,-0.7028970701250936,-0.30227110616470965,-1.6737089395125084,2.6819855416637752,-4.033157513928326,-3.0298236997780337,-4.23682987653236,1,Tier2
-0.002662187982655652,-0.12574426940960315,-1.2664624338160562,1.347053802091307,0.9208262627077585,0.04185094985239557,1.998032229300188,0.3422774866771343,0,Tier2
-0.698273796231372,0.2557185977913826,3.405943245676486,2.3474519925808757,-1.733194575327616,-0.13273696161415982,-2.0662271648363015,-1.7953100168382492,1,Tier2
-0.44444133933559726,1.8046118150286712,1.3613615697788706,-0.919703892507033,0.6266863663025624,-0.11094153770900572,-1.587244564893589,-0.4911126161525208,1,Tier2
-2.054754692432885,2.3875548548596424,-0.7096533984408555,0.24205455437161638,2.371735860893936,0.21049324840266836,1.3559707520372162,0.6313379646939496,0,Tier1
0.20932685149187039,0.8264209345010008,1.3078494328333692,0.7464106671526787,-0.6815265466757621,0.1008467083436494,-0.7864275649469358,0.024673295597061662,0,Tier3
0.45022163322274883,-1.904458878052853,-2.9755239590742777,1.5125590524604358,1.3371223310947593,1.9492602880447572,5.07979862989289,0.816874317851429,1,Tier3
0.925017468122467,0.25023617461338477,-1.0064070748317346,-0.8869702217784379,1.2447006522634592,-1.0507158391354754,-0.15277385704977742,-0.2547943993152697,1,Tier3
-0.3219769900741795,-3.8142130019652267,-5.6581131241399305,2.278053754956068,1.6006031849374809,4.191547708738566,9.493986206367055,2.469096975416404,1,Tier2
-0.0709694698460463,-0.5919678011065841,-3.0300951274892114,2.2509322041062707,2.195591773557833,-0.32903515043193643,3.9508756249306956,0.4367497914111147,1,Tier2
1.3647647548555963,-0.6840741712385965,-2.978333028922809,0.35786664401864154,2.069676816885595,-0.5452134685286265,2.721107975459236,0.3728816387527367,1,Tier3
2.545035523403604,2.461283647669242,0.732783726737315,1.189896019680964,0.8821794549653047,-0.25571581510576635,-0.03244910583423177,0.4414076585757296,0,Tier4
0.757725176405555,-0.11989697731921334,-1.0906165565494061,-1.2725309779367584,-0.18941722003151273,-1.8779157202515242,-1.2427761512282014,0.6349241645553493,0,Tier3
-0.45152601692168154,-0.9623617430620348,2.5717041572774226,-2.0487071453312575,-2.5529335302014586,-1.2702000825429587,-4.717902726444561,-1.5113901130826783,1,Tier2
-2.280986931002761,-1.5915377210299884,-1.906895243065647,-1.487794521871519,3.325957491461743,-3.58919168675112,-1.1044983999984384,-3.7927420965531646,1,Tier1
1.7522111572056083,2.623424240832351,1.7729498826012042,-1.7404476598593401,0.31120911325197165,-0.6580128198734398,-2.8702427023354256,-0.06904588636719855,0,Tier3
-0.15520391286675808,1.1078181557820024,0.5588113975337766,-1.1067321975365034,0.9997977945433709,-0.7662212789104281,-1.4162310312757542,-0.8309759195145303,1,Tier2
0.38999838747385573,0.6305664319154427,-0.01829530900747861,-1.8917144262323249,0.3477704971687482,-0.6461968176733248,-1.407385694384189,0.04739541120016999,1,Tier3
-0.6388206348223144,1.3005510635623663,0.6846866843014588,-0.18499809641321807,-0.12620725036510105,-1.008184817989057,-1.4905418848672956,0.2123024546005572,0,Tier2
1.353650607880588,0.18571830073795947,-0.30355027298701764,-1.5909484149297828,-1.3949875974510335,-0.08578805614284757,-0.9919152494353916,1.8398243201816191,0,Tier3
-0.9665753971147637,2.5793993521079686,-0.2887091624415927,-0.46390100675550017,-0.09256668594864093,2.909103144240687,2.092804970701749,3.659977474299221,1,Tier2
0.5481383805825634,1.0905369844437023,-3.059070137191032,-0.6228896903487484,1.7228682945138876,2.652355641206208,4.5549570297252435,3.446325366201174,0,Tier3
1.6550683418264938,0.006495197683474618,2.4687405328929435,-0.7854144758202515,-1.5917138485265236,-0.2279046376998688,-2.98093528025053,-1.1474331011603667,0,Tier3
-2.4495920378914326,-1.7563040436524,-3.6212482251102145,-2.0982400271980883,0.5368384721326515,2.8206082937334145,4.171289772625675,2.751033907818718,0,Tier1
-1.528341582162881,-0.7365258900132808,-3.13952356552379,0.440898594066927,0.6236797364207479,-0.5107590236440283,2.5806078228986458,1.9192330706080192,1,Tier2
0.43099121927838796,-0.5766657981873362,-1.1884981058112478,-1.1904122772229815,-0.921045716661678,-0.8058999092799908,-0.4673564374236936,1.4030559014796466,0,Tier3
1.21972587292093,-0.41750746247366255,-2.017640797006375,0.4558017200261453,-0.624480008589166,1.357120271313177,2.7803316323288456,2.840924549325471,1,Tier3
-0.11705532308526423,-0.03121598686892657,-2.5686512986373056,-4.684118831287435,3.0548181489370623,0.3805150414566565,0.6468316864403443,-0.07950010129448182,0,Tier2
0.8261618320092936,1.1721217513718214,0.03363465818464287,2.6988712344810195,0.18288809138911444,1.649059259113825,2.649525502167383,1.3421178727171703,0,Tier3
0.5099516667426873,0.9815627128135633,2.3069507775879723,-2.7071430596968877,-0.3220601007688737,1.2583490795864996,-2.4635007103106052,-0.8308770080875396,1,Tier3
-1.013597550510733,-0.3859565806534927,-0.09274020345388971,-0.40435904579322113,0.14084502371497631,1.4610923750179798,1.0148820252251707,0.10967698762539546,1,Tier2
-0.022333817718137108,1.7793492545070886,1.0031937396642574,-1.0438483150625881,0.43672883077609503,-0.10684294639909486,-1.4013163822712995,0.05739115416798968,0,Tier2
0.12125475009869426,0.12054978480441592,-4.100216409977794,-1.400399501398655,2.1038334188678878,3.2769746366530765,5.589658687539093,3.543762675503642,0,Tier3
-0.25688522910376554,2.319458242856197,1.4697080017385211,-1.2150547549751598,0.6761432725593092,0.12389980768984987,-1.6576014949758329,-0.1167957734939934,1,Tier2
-0.029634337083576892,2.3224623723861066,2.5289768121925085,0.7022461583711301,-1.1870195197811095,1.6885981617569588,-0.7710725120442659,1.0680354550353006,1,Tier2
-0.686344286648976,1.1925425635110167,-1.141841965343961,-1.4638338240438364,2.0720617027714097,0.6242560039038361,1.0900575818150668,0.4827551571524321,0,Tier2
1.2169820392052504,0.415136542944768,-0.7950746954365837,-1.6050330522696727,0.9120647022007583,0.3129613606607087,0.2452081798825101,0.45168415815849516,0,Tier3
-1.2117769192049808,-0.5760959644528649,-2.9370008754165253,-0.18541907905810606,0.4601310225060842,0.6800192420170633,2.9434574792423525,2.407726779028869,1,Tier2
-0.742279685508737,0.612855202410928,-1.0213670263120853,-1.5115091796866595,0.5208449136317346,0.4024249516438908,0.44793849738300107,1.2791622990930427,0,Tier2
2.138367241978551,1.7260453019205082,1.1755922114586195,0.6763105684220774,0.4244043009948615,-0.6952853948885301,-1.0834035264686672,-0.37796224536936096,0,Tier4
-0.01019412784890688,0.7005474159362255,0.38321018592763,-0.0271035567190967,-1.4962395606129013,-2.4146654982907885,-2.5333278578928065,0.8688791715503936,0,Tier2
1.1977419366271709,0.0026007391471645214,-1.8835222037045325,-0.8799708123076464,0.7216618571102571,2.524899181131273,3.1587750433822146,2.1614204876911725,0,Tier3
-1.1060684529617113,-1.8058881982697401,-0.7856148324791149,-1.0394340252292458,-0.025293722165114607,4.652524603536934,3.668106560327587,0.8205567369052845,1,Tier2
1.9849209941538246,3.313354202758696,-0.5334431931160808,0.7323768959449184,2.6615630844105445,0.40090879340065244,1.654561438218276,1.0393577552788518,0,Tier4
0.8232475017125183,-1.3253346172251133,-2.5577704030662907,1.027337456771373,0.12875987006056833,1.911646767498583,4.149537892379653,2.0557801188474696,1,Tier3
0.07429896277471433,-0.8906339467203404,-2.661243352596078,0.4472866153963534,-0.19789136988698086,1.556297644963498,3.5684172672008665,2.759365143604776,1,Tier2
1.7831584515836283,2.784949583167119,0.4984960319177203,-2.8342095567307175,1.254092859075922,0.2787696188164599,-1.4766531022527618,0.8412940182209985,1,Tier3
-0.10872911346889559,1.6917343084653202,1.4613840270062115,0.2829201327315056,-1.6453646719139474,-2.575291279193009,-3.4385582803534103,0.6842941393605622,0,Tier2
-1.6068579463628425,0.0597756069902915,-2.6076360316955958,2.180196988727423,0.6653179747758402,-1.1388389678235535,2.57142023424589,1.7874678835022988,1,Tier2
-1.2525161922076724,2.861382459924849,-0.25693117679274247,-2.87982159258984,2.501922468818658,1.6253041552612093,0.430299619935925,0.9478166817333631,0,Tier2
0.10518365956392356,1.9403037553458418,1.5660393525792686,-0.35523078214771364,-1.6916967107713528,-3.864602341877757,-4.855232186918313,0.41715185254845266,0,Tier2
-0.718633930052811,0.7060564291043561,-2.8288334848844054,-2.7999941045114882,3.356566752929993,-1.076302084637132,0.7968088003418838,0.052220438977273576,1,Tier2
0.5955383221999349,0.9564494624989535,2.7798871827094556,-2.717915883944885,0.9264244096208811,0.9785901900099883,-2.769891784790957,-2.6690544934388525,1,Tier3
-0.2367438476519242,1.4930372786500576,1.9643262172962643,0.4481680841276652,-0.5081296690690815,0.1565145754725652,-1.4169610499467402,-0.23263175571894268,1,Tier2
-0.7161685164733763,2.0212964830000812,0.12317242557548114,-0.8677218591718074,-0.46684790286399136,1.197973670578649,0.17620360846020172,2.5255122891670694,0,Tier2
1.266843064300445,1.436715616657568,2.3387173262661847,0.16306790839356,-1.0111380229732583,0.13985125094839068,-2.0032531105110545,-0.19446396234010932,1,Tier3
-0.7452172837276045,0.3332392566166986,-0.46673554409828055,-3.280102874785798,-1.2072099611561684,0.16376700982277037,-1.5189251420601464,2.064833437206405,0,Tier2
2.336746454024997,0.1977492385597348,0.5626545010532209,-0.6447417104337254,1.5471363920248047,-2.5037241073250063,-2.333770506421395,-2.7592802346529095,1,Tier4
-1.4525254463122808,-1.5619118512048324,-0.8542300088406064,1.2964029408672435,0.6961091588854627,3.5884034857285894,4.311884176463265,0.02575875212511125,1,Tier2
-0.4048836100592911,0.7110993830899994,0.073673784697802,-1.656698154359828,-0.4775998752272397,0.25830228716259973,-0.8723467938262526,1.1232959698702605,0,Tier2
0.928717832228207,0.7875313960518844,-1.3369624067740902,-2.1247158572834133,0.8167472930143838,0.9538617712321917,0.865385952013205,1.6734287648345474,0,Tier3
-0.46405062626332033,0.1179023594820322,-0.38352993737604124,0.05023384453586588,-1.1251851117268876,-2.1537161262254685,-1.5624796446281186,0.8954436931260763,0,Tier2
-1.2323125260226988,2.137495260351985,-0.5520850160869153,-0.7289997140848364,1.8229283546800963,0.6543090460270491,0.9294983607906425,0.9351347470066305,0,Tier2
-0.811268733480996,0.8050528457282999,-2.9106712933809566,-1.7913727840826972,1.9550878216141907,2.9122197099966014,4.079392538417183,2.908025084352281,0,Tier2
0.3022240447578436,-2.025410975079446,-4.943099939789984,1.9236098051168053,1.967164937197937,0.22454040325806224,5.7504780931535935,1.620269342578271,1,Tier3
0.8209033054358575,0.8181907185880593,-1.2325832045690661,-0.7415557790608309,1.1438301110636961,0.8318226662264576,1.4927083696548396,1.2132758518637938,0,Tier3
-0.12714041478611238,0.13684587708933904,-1.9358716044980107,1.2795259514623651,-0.5279565441612968,-0.5246470096355842,1.727777891948226,2.516173856419117,1,Tier2
0.9035713920356012,2.7641479643628672,-0.4891235714451654,-4.699588668996808,2.7097236468906485,-1.3646883502009461,-2.5503005110744734,-0.06528420212360064,1,Tier3
0.72509972869941,-0.6278568470532293,-0.7527718192047994,-2.98699920667669,-1.0561830316712513,1.393134154128064,-0.1341877816677597,1.7756494037694623,0,Tier3
-0.8298567681375087,1.2039355570725705,1.1401414491705684,-0.008659179520667748,-2.5226452107026605,-2.757298363366224,-3.660863583023195,1.393288343932042,0,Tier2
0.9167248643158379,2.3496181756526084,-0.12965425913743722,-0.7349092683583032,2.5206651830181945,1.3357933007315697,1.2567082613860459,0.21795578541696092,0,Tier3
-0.5437411103659249,0.08872101861747694,-0.48277521010760227,-1.3625103782128132,1.5953009712017427,-2.112819369905932,-1.5469170902006875,-1.6471494235594832,1,Tier2
-0.03478006986894213,-1.788430263787367,-3.2558257365621923,2.2144781836421568,1.6328687109099964,1.7001446660828947,5.556302671806767,0.8399970272316257,1,Tier2
-2.017902276462043,-0.5953889390661598,-1.2004633356083017,-0.6689814596688788,1.5165591848410411,-2.5780110795154796,-0.9453962446824666,-1.572999066502081,1,Tier1
0.933180772362211,1.071140880789084,-0.6795289386991223,-0.4018131415583861,-0.8930081369120235,-1.1417027837206817,-0.7666589933496888,2.172930817136635,1,Tier3
-0.1781954217106992,1.2547281192759836,0.7439373648679455,-0.8563868848540797,-0.3408721041836338,0.3466209614343474,-0.9159194499335115,0.7758235482382927,0,Tier2
-0.05688614954256105,0.9837222187425037,1.6344567941636328,-2.669634357300568,0.7293601411443914,0.8261776677889567,-1.9720268320651977,-1.279524550402173,0,Tier2
0.9600391808954257,-0.45440081930318743,0.027821172315820153,-0.4545539664878082,1.396758485346453,-2.700458723739034,-1.9613012728831265,-2.687229712112469,1,Tier3
-0.3489217264410125,-0.8091209829620394,-1.3753282808824947,-1.2152189250881311,-1.3131723121629997,-1.288721732235944,-0.7794590240368908,1.6187160024435492,0,Tier2
0.3344932083453429,1.7200513447764707,3.4324900504662956,0.8077084291286649,-1.7048474537918734,0.7482888099121285,-2.27002219778444,-0.24107206353907573,1,Tier3
-1.309210352534179,-0.822038665429268,-1.2850234797251479,1.6049496350750156,-0.6024155231070283,2.070503004867346,3.345071240302492,1.9009388163826642,1,Tier2
1.7150881953325237,-0.7009967038805829,-1.2810117572426654,-2.0045885868755895,-1.7591331268100894,-0.8368379542741593,-1.0391771018041007,2.208201928800936,0,Tier3
-1.2662226643379593,-1.1833015456963083,-1.5992628253791232,-0.9429227297319615,-0.9026411479326926,0.330153065904531,0.8820544032574836,1.6605730064164779,0,Tier2
0.528468304969544,-0.8843872273432813,0.01617852233410244,0.38903916615706047,1.1477287115649042,-2.3553242314163887,-1.2920769908319172,-2.7086775636076936,1,Tier3
0.2985247053435757,0.8548550293968191,2.408978558489423,-0.8173646871567853,0.24924015089552332,-2.0828866022773913,-3.942733703564983,-2.742204081286627,1,Tier3
0.7432521056230499,1.7020627989555146,1.268239369338189,1.801539268025532,-1.4786909740129914,1.298711917096238,0.492089901707909,2.0071027598401434,0,Tier3
1.2041277404634543,-0.5353931978113823,-0.8320553347970241,-1.6385347953408993,-0.3784309119613878,1.8176369822525447,1.1202190438286823,1.4067485243290927,1,Tier3
1.018318594558966,-0.001698208997657158,-4.344436105270998,-2.5881107281270235,3.5624823369220167,3.449290342944425,5.644697811636052,2.345116573995147,0,Tier3
-0.665091948081787,0.012851068349592931,0.8277710688934348,-0.08115040727946232,-1.0468841878291935,0.8128186644444227,-0.352373397352598,0.4185895014498311,0,Tier2
0.4561661270135527,-1.3053305017369934,-1.6265014642367568,0.35648924752732825,-1.892175796660633,-2.3694766773898603,-0.6875198398547873,1.6338632928827774,0,Tier3
0.4667492341202872,3.0799090033861622,-2.846069012676294,-0.35220132038779006,3.759597039507994,2.245159176964688,4.637341148499586,2.8591575472400343,0,Tier3
-0.47482378421047405,2.6612995235234003,1.2672539158098408,-0.2939806517632968,-0.32694678746236105,2.26649170948053,0.36648057677397194,2.0824291853227397,1,Tier2
-0.493357969058513,1.3599724289823723,2.4044063069231045,-2.8141075978905907,-2.2554827442048775,1.6925959878376309,-2.74168596079852,1.4317560492109704,1,Tier2
1.1650994130651908,-1.2282612411180345,-2.4402895919478955,1.6599539260595824,0.377220756721498,1.5972940835732503,4.204602067572442,1.6621278985090244,1,Tier3
1.0261759668603714,-0.08221509660389259,-0.47952906322522204,-0.4459835290634332,-1.2841603945106481,-0.9549401376147707,-0.8689785692280945,1.379780579496933,0,Tier3
1.3875896801940337,0.9755222593000293,-2.921664189849201,-4.2766596077199,4.432561011645068,-2.739000614039899,-0.9168008782408439,-1.194004801830089,1,Tier3
0.10861135804182094,2.9033570904241466,2.2895370457096043,0.90525369791156,0.8147954427870603,-0.8488578882394937,-1.93277414260182,-0.958462057589605,0,Tier2
-0.016094437156061972,-0.02375187979160942,-0.5629401448303277,-2.9382686731820833,-2.1694731018264006,-0.6209914421996213,-2.072298962474404,2.5244455929439895,0,Tier2
-0.8970953004816778,-1.4940048464301383,-0.6528231372912999,-0.3832638644036668,0.3704994410901207,3.875520312257735,3.4010114762177373,0.3034237190417657,1,Tier2
0.3038877592858257,-0.16520151896665303,-1.8811762811373693,-1.6669697685022604,0.886887348632575,-0.9042242975599115,0.18985348631752041,0.7184296181119487,1,Tier3
0.09802958244366852,0.5850438418686645,1.118611518547312,-2.1205271994794233,-0.1562171242406174,-1.1639120791666344,-2.9668895019581787,-0.8861640481691788,0,Tier2
0.013988115887712862,2.752726230798091,2.516222231465226,0.23574509892313222,-0.5903534608609248,-0.5075318926084497,-2.5411239144631788,0.15716480066208205,0,Tier2
0.2674330349504143,1.5608027621275986,1.3912059097230125,-2.2517043839013375,-3.1023405528178403,-2.0378872650569146,-4.650848255593007,2.2723558683092655,0,Tier3
0.8159059889844836,2.0690520478388037,1.0719951626719897,-0.6620697020858585,-0.007755282930799412,0.9402039363432418,-0.5781077088197543,1.017875664816721,0,Tier3
0.4892874738498093,0.6700987607721235,-0.6655682259819615,-1.073041104311239,0.8895833325481803,-1.0695872097884116,-0.6408280428720924,0.09565023821090479,1,Tier3
-0.1236721460180847,0.5623819091428692,0.2040183931300301,0.5572483210275245,0.10925376769074557,0.2969357906762111,0.36015824403207786,0.2665344130985905,1,Tier2
1.803648596287526,0.9199568493079757,-1.1249661486806715,-0.9165934866220745,1.2059551266902209,2.550815031877395,2.626171082889042,1.7013432130513988,0,Tier3
0.3588856151710838,2.1010113312601657,0.5292374421800883,-1.5331894363091179,0.5411087972811666,0.3254509792678324,-0.9296145250008259,0.897073828731398,1,Tier3
0.7974841151321669,-0.22775283168092597,-3.366665019176988,2.7069923954772444,1.315962100713294,-1.6804103443421239,3.222083673870552,1.5229924187877293,1,Tier3
0.3626279925145258,-1.7056026759029648,-1.5615850417661945,1.7460763718807275,1.3440468773515877,3.194998469228643,4.9868480685670304,-0.1135307211465908,1,Tier3
1.4094266295635078,0.22870888336627027,-0.6675726346254717,2.7737906438886624,0.2886561333766844,0.5858296148306168,2.510838678591113,0.7971386213013034,1,Tier3
-0.49589815629597495,1.38315853814589,1.0368454552643633,-1.466044648525065,-1.4863075009367825,-0.4523529909292896,-2.357421823913193,1.4353162930079826,0,Tier2
0.407456296175835,0.9224305227872569,0.6298928333773948,-2.7024814623444158,-2.4834529926208457,-1.0208490274046862,-3.329227801971021,2.2594898739709146,0,Tier3
0.3283623953335297,1.2821583434883264,-0.3349154823664382,-3.9262548199357443,1.8641800530827193,-0.8790755051145562,-2.0562362603439936,-0.5682570499745423,0,Tier3
-0.3492294754153675,-1.5021181311681184,-0.43322182884056937,1.0931874732960583,1.2082682761493073,-2.024983812727151,-0.2705450181501652,-2.733951999127761,1,Tier2
-1.518523795229399,1.3050513696582284,0.6761401928331475,-0.7406759670347525,-0.12596995014136736,-0.11366717408848415,-1.0987285581952202,0.5290346949695581,0,Tier2
0.6159550890440554,0.26241530103340316,-1.00159095480414,-1.115056196916568,3.3191055872727677,-1.7458990437781008,-0.310769675834782,-2.5004398196193045,1,Tier3
-0.2517702752648782,-0.8236792598184197,1.456493972077005,0.19527834779527575,0.8009374430430735,-3.3336198143339915,-3.3957133376362982,-4.179084200180288,1,Tier2
-0.6575902822898048,2.922363325421082,5.102821929915775,0.08745684322176084,-1.1932333266994024,0.2837052756323033,-4.281104966769826,-1.6045521952408603,1,Tier2
-1.6158441299088375,-1.0835331623186033,-1.9976907325606432,-1.3036778592772138,1.6573975909764889,0.3784977325749873,1.6593677169426537,-0.30121814912010536,1,Tier2
-1.3205892995098218,-0.9373706244297073,0.8201358149217854,1.415818479775182,-0.7339450488867154,-1.3161923936857287,-1.0665886186707296,-1.446777341073517,1,Tier2
0.9870843417498008,2.3209608574429494,1.520144768555682,-1.3267386786622712,-0.238981089256179,-2.3525950306724175,-3.8507180214812977,-0.09873955207982799,0,Tier3
-1.0198484874835236,1.6663499624519105,1.202772883288897,-0.3832314252866239,-0.1001687483120588,0.3092498477874823,-1.0254441332728321,0.39789348186922213,1,Tier2
0.12488728990101115,1.0997365922340863,-0.8430775740919341,-3.3876433310079888,2.12057097925654,1.6128773564890386,0.5963074131094923,0.38493449860678375,0,Tier3
-0.6949127775561155,-0.08979571067828562,-2.061821396711993,0.598537140686968,1.1447614322263853,-0.05134020089945501,2.2350753344483607,0.9838001809122955,1,Tier2
0.7863963530491347,1.9116099200448877,0.79211796843939,-1.8131958578689866,1.0125535538642705,-0.7097933239789799,-1.9579136475163688,-0.352518764691401,1,Tier3
-1.3317689903878926,0.3970307475305993,-0.8353756016348095,-0.1921271423761558,-0.24991542617517792,1.5204729248174982,1.661009979787672,1.9965702719432035,0,Tier2
0.5326311343770632,-1.5904832400167903,-3.6673055791655242,0.46189581989198514,1.1226850629814318,0.6220322369608613,4.025748437569656,1.6152801687445257,1,Tier3
0.12817519067067903,-1.6088736168195057,-2.680297059342183,2.3453406167031985,1.0831719364265096,1.6683484071755386,4.994859075857796,0.9080765431619515,1,Tier3
0.11877840680279592,0.9475502170218459,0.6807719429869751,-0.3922928697412238,-1.514877307163259,1.0678892422577286,-0.34314776973150507,1.9499176814517933,1,Tier3
0.3559512148443263,0.0003213413048379632,-1.8152874795050782,0.9427185550350292,0.914700566984093,-0.1160368857452454,2.1084646854025686,0.9990416017127521,1,Tier3
-0.17976763432824605,0.21157197570156572,1.125143218408234,-1.0019889137058398,-1.1386375990484061,0.019100627685351368,-1.7091861270735498,0.11354861644010472,0,Tier2
-0.3442030790233886,2.2131791066549704,1.2293624372502836,0.12439853396457412,0.32358189513735214,0.5751304888525801,-0.49479984460253107,0.5238540632058539,0,Tier2
-0.713501774997195,1.8284788610679237,0.8143385767327984,0.19471545381900635,1.9512700503375928,-0.08293176968079741,-0.21849407486529682,-1.1807128670347709,0,Tier2
-0.07196565296958614,2.179005386149015,1.6943952970636798,-1.7548308748723227,-1.0954499642366298,-0.7535420860750925,-3.2064631107860606,0.9607522186022202,0,Tier2
0.27683914813024113,-2.4387386423560695,-0.205123463701552,0.9116737127023513,1.6349789806207797,-3.99963067830351,-1.9174998011193343,-4.879148309399748,1,Tier3
-0.32682934551661674,2.2971131727003162,-0.919183615449082,-2.8134046286196597,2.1274962675837132,0.060016401493168337,-0.25079093087497517,0.9991356841471364,1,Tier2
-0.2834620453258333,2.2855048447671162,1.9332672952598848,-1.0148903314859739,-0.6017768660017399,0.23370030170459577,-2.1502772611418357,0.6379180946661909,0,Tier2
-2.032973548237199,0.29064138631064607,-1.2135538010328653,-0.9964219591407422,0.5715424447719099,-0.2873036770360442,0.37576830584167764,0.9139533699631508,1,Tier1
1.2600693961701763,0.24578031210509044,-0.04918642916152538,-0.9578751793632923,-1.7956883180919174,-0.9644853051712843,-1.6289335772578484,1.7124947245020434,0,Tier3
-0.3685729093066381,-1.2704161837398629,-1.7165463177605895,0.5320947620917851,0.05715617086518465,3.17088431495527,4.136699097293662,1.6994759128557329,1,Tier2
-0.2776701970863062,2.24428478355357,-1.279243655082627,0.9697569721108494,1.1264588078378965,0.8252086049149631,2.378442485016748,2.523193150588383,0,Tier2
0.195140049758993,1.2909232242148234,0.8642627043242561,-1.8127826457647052,-0.9985699836979769,0.9597467207119306,-1.2107808230319654,1.5357202919565118,0,Tier3
-1.6524045853927698,-1.1795249640342491,-0.1661828667988009,-1.4006012126379161,-0.7946692380844131,4.201672423031442,2.4283068618241552,1.3189026163917497,1,Tier2
-0.2910193172430512,1.7761441576550017,2.4965316274361133,-1.772554959944495,0.990084017776482,-1.6759319487821192,-4.0614853579734165,-2.594285478690204,1,Tier2
1.5686021064379236,1.5801616320394165,-3.129490105456684,-1.4361110544675628,2.5227272944084245,1.587210263496442,3.552470755827885,2.831587792624239,0,Tier3
0.6837091504024939,1.457936551114079,1.577200981452681,-3.734155296106631,0.10995479861617952,0.20035699775311855,-3.121606721543293,-0.3889913543629866,0,Tier3
0.40517254459739543,0.5697507277747148,0.2783773082814342,-0.7307216100167253,-0.7778128396815223,0.9342515694370526,-0.10702024139733535,1.2856016376363022,0,Tier3
-0.20049376535647676,-1.3917800303259533,-2.3507602929270615,-0.8619318778099636,0.10768542710771045,2.0594053835633197,3.0947183156048617,1.8674083817511513,1,Tier2
-1.4400225578501806,1.9955404111350088,-1.6000288386165702,-0.13764018336712058,3.6594528146868766,-0.21818275129773435,1.8767704840253714,-0.1585401068200294,0,Tier2
0.33569658215474196,-1.672840413203183,-3.670199741631403,-0.05706555788487533,2.3726547081363814,0.24951630042463502,3.7723156505455337,0.2086313023366284,1,Tier3
-1.3357859623848647,1.8991654641277806,3.4863966565570323,0.449276794994248,-0.834633224891171,-1.9441003000284196,-4.340681205523129,-1.8790189806459048,0,Tier2
-0.6348391242889239,-1.888010469319969,2.0813272478537335,3.7193855375551976,-1.6394294489780181,-0.8360314240829507,-0.7058603356224911,-2.6228947082234964,1,Tier2
-0.4707974897078709,2.27467117431571,0.021548093957819203,-3.0879934269709977,2.0416523841688927,-0.7023385071742794,-1.7608073324248394,-0.19278647401327853,1,Tier2
1.2123844528897523,1.6222440814866073,1.2072020217181916,-0.7316601221980789,1.3967774578377954,-0.45807455316379686,-1.43658985608512,-1.35671404235609,0,Tier3
1.08504181797306,-0.2570979638647881,-5.252544512994644,2.488453360891203,1.3283221923425843,-2.2288929742876205,4.235789278829643,3.321037667823767,1,Tier3
0.9674163511946909,3.131813766229798,3.9001609134392607,0.20216464242387588,-2.219886506214722,1.6292942426100878,-2.46975761983404,1.313906893916863,1,Tier3
-1.2498039072751423,3.205654825041495,-0.3558293544238318,-2.8770300930509647,1.5640534143771,0.9736828111876665,-0.21450829098025936,2.057003800020831,1,Tier2
-1.7539828207421797,-0.6632377825652018,0.5530615349128007,-0.2098519429193526,-1.3687791398050004,1.161526320086181,0.012828933466364045,0.5436391565261822,0,Tier1
0.2684125798529064,1.2225481808458873,-0.114068782439114,0.38552117571465727,1.5315814661043077,-0.18351388587777784,0.4831548395286116,-0.3523710849769519,0,Tier3
1.086863166074582,0.9178142992971665,-1.6968027725332706,-3.7887132509268904,3.154900025141754,-2.7222224735210205,-1.9494191357741184,-1.3086960628281148,1,Tier3
-1.9003008344173675,-0.4448708721742095,-1.260238335884491,0.9986989703008642,0.24010667531676821,1.416449920051234,2.698770771260581,1.1772426264129046,0,Tier1
-0.028526458109744773,3.5843716431149337,0.54908528322933,-1.7718410367658008,3.57463107789054,-0.12043308640736283,-0.7343826752048299,-0.9115573200341087,0,Tier2
1.937562720390904,-0.9425283626178351,1.1483927159421836,0.5967492571487885,0.936243881006982,-3.015714117181919,-2.6560805035721806,-3.986212661340855,1,Tier3
1.7692977462631747,0.9116167933797007,0.260469919787532,-1.3519328380867388,-0.6732978851935355,-1.0310126019265975,-1.893667967280749,0.8602898580260463,0,Tier3
1.8279434714648592,-0.7101994948325063,-2.976821575155208,2.747777375508174,2.1571299404619393,-0.8927429990071114,3.736546731458759,0.11920699031223436,1,Tier3
0.5794330929655631,0.6642616562837194,0.06133749888448725,-0.30522380082061784,-0.7122608958108059,-2.194908130864589,-2.0630131681986104,0.4925218483435698,0,Tier3
0.8580582255459638,0.3148700482891217,-0.29693558453033253,0.3223348909586006,-0.7604334245350575,-3.1558783129324968,-2.1683935108405636,0.28567556650148807,0,Tier3
0.42883829780528115,2.454756712640611,-0.3217960656715555,-2.5492245830270894,1.756336935536761,1.2293756420426456,0.19292680171780874,1.2479502907829605,0,Tier3
-1.1564402736314159,-1.5314884420815176,-3.014822312910386,-0.04019539113800219,2.0653836652341395,0.8612510454735206,3.6318184113294585,0.13627332694834926,1,Tier2
0.015077038782823729,0.04594166699882973,-0.9124601688716862,-0.015243207186393937,0.30224367869122837,-2.334234550554186,-0.9602456125094426,-0.054259770436515975,0,Tier2
-1.4250143355638836,-0.011790796324917974,-0.549412389046465,-1.9690573743192052,-1.2390204977768084,0.7383232823717014,-0.32283192942347916,2.0536277998531696,0,Tier2
-0.7134700492892669,-0.8566127923399013,-2.6541673820846685,0.07778257274251099,2.473456418508774,-0.11810220557133766,2.733655460399916,-0.3752383065906817,1,Tier2
-0.3805397280510515,-2.664263810550737,-5.263679994333419,2.2303906349624185,2.3197594291561794,1.1877412731042885,7.006941867207431,1.368754747672265,1,Tier2
0.2697489374919197,-0.6083411436496722,0.3263382194496438,1.3944691014477728,-0.3070643034460905,2.6945862742140347,2.4543585802379777,0.2900064265843637,1,Tier3
-0.8051319883859205,-0.27745972599587154,-0.9483659201623149,2.189561055262705,0.20132026550937687,1.6069830428411418,3.2009275707000167,1.0795767194624233,1,Tier2
0.04043983951099896,1.8418297156166243,2.4728851208804836,-1.9753818950202584,0.8075093038943786,-1.336516396179039,-3.9373179682244017,-2.2174873618048756,1,Tier2
0.8882573990374616,0.8002159284137949,0.31507628926311426,-1.5613139980730897,2.290159871182519,-1.4669072162868946,-1.671016570906386,-2.3292680397501937,1,Tier3
0.014667372685599258,0.8397575241758183,-2.987663932741792,-2.911426699918089,2.5890938279391253,1.481801146919532,2.6187852015502595,1.9405912061930737,0,Tier2
0.6116357854983389,-1.7081595879600426,-4.113320430574891,1.521050864646014,0.3813327447965348,1.7602453762650885,5.637226901130326,3.0764272214459485,1,Tier3
0.9644174581203495,0.8012096499721253,-0.9041746367059641,0.6705198633598086,1.9640826921450456,-0.0048743875697376815,1.5296781781445885,-0.24741813340175955,0,Tier3
-1.3759751853157975,3.7174849219592376,3.0200049575169805,0.4316628380312195,0.8362954487431271,-2.5385691869811424,-4.078630829794232,-1.5938768574052804,0,Tier2
0.7783255241455084,1.008672035829612,-2.3159688663450124,0.8022381264400991,0.8891489554498728,1.7887590001262008,3.848719563679574,3.088620380988817,0,Tier3
1.3006633667656036,-0.13888375342156345,-0.7453350495995558,-1.1366193988035587,-0.6445409486974572,1.1733850062043596,0.7501755709928632,1.705367438594289,1,Tier3
0.8182179165456491,-0.771254510822251,1.8992748023575776,0.37039314115692434,0.6711936918862801,-3.035267873876163,-3.471656888066301,-4.382238610010683,1,Tier3
-2.643825437963495,0.3481793071231618,0.04805682254201238,0.29449972392492474,-1.6836431233382068,-2.4924149471089434,-2.182743652219049,1.0675999799433051,0,Tier1
-0.3546774435728737,-0.7248005209290235,-2.392807513763228,0.3284333754550426,1.6598295337623736,0.06046437322145448,2.5899728302430747,0.3121892249145588,1,Tier2
-0.8196567616334733,1.6287935770757402,0.9519632981728767,-1.4012480409584618,-0.2506140512946067,-1.0667009183354919,-2.4332656140642746,0.33402801833063145,0,Tier2
-0.3624418210905925,1.7893549404322746,0.9333091069600512,-2.0771595239114884,0.3675652728549439,0.464192054871011,-1.472536446120241,0.4103532703885454,0,Tier2
1.6343692945319386,0.48783495203428584,-0.16524589601870232,-0.05796466194688865,0.9810735347638535,0.5277877375910529,0.7221634959220572,-0.17112725932529882,0,Tier3
0.992107421151511,-3.830656772202412,-7.242543484837064,3.6515112685939193,1.7893683568023708,2.8158296488946553,10.514659271308792,3.4906829669324804,1,Tier3
0.4964009969786951,0.013472617326694802,-0.7132647526628558,-0.9363594857372117,-0.011410569064185028,0.44827768043129956,0.42595941118155217,0.9455042349125231,1,Tier3
0.3124849981973039,-2.0977802122745333,-4.391611668183893,0.2559185187929637,0.479330700501269,2.0420920334102366,5.447269406855012,3.041156749539919,1,Tier3
0.30305042362014967,-0.3326439720457022,-0.7137818687612492,-2.6044436105957893,-3.1532113631365934,-1.7223965364520288,-2.831677838278885,3.000935271919632,0,Tier3
-0.003975671286582807,2.0210563395536223,-0.10192777881034765,-0.8517176410942728,1.79111791181486,1.316510102578482,0.9947992768202227,0.6031851249153359,0,Tier2
1.1426674988225407,1.5031036227267955,1.0936982169421776,-1.7432342394542537,-1.0672252614256146,0.7453860319065222,-1.5468062885793685,1.4736331962720404,0,Tier3
0.7812571909962575,0.3185066263725329,1.7753566358201271,0.3503041323007434,0.1458201202536734,-1.4325254953752415,-2.3258020932117933,-2.2375402384859093,1,Tier3
-0.24359950775306205,1.4061632908498614,-0.8593577274545846,-2.0350992883601062,1.8421271669764536,-0.4532739536964384,-0.31879182687401264,0.2431648336665584,1,Tier2
0.10448654160568759,2.8325312840964982,3.231411091369915,0.4278195281512893,-0.35071465203479346,0.36374861194852637,-2.3097907766303964,-0.4828744977820323,0,Tier2
0.434267269143753,1.149466051276752,2.2934707907872847,-0.40755023410864166,0.3222858124146747,-1.0106502047018502,-2.8123270001724237,-2.0769972730809148,1,Tier3
-0.030578532411292016,-0.9822892659150568,-1.1897332285555922,0.8062509815525913,0.37287772881668024,1.7696072652177093,2.8555546610762836,0.6151735927103106,1,Tier2
-0.14511856333613612,4.030681747375359,3.2406515440270405,-0.7350100384428276,1.2632537298716047,-1.2014807140972164,-3.7686961041477045,-1.5100778662262382,0,Tier2
-1.2181484120692732,1.1761872236823947,-2.1485014919973873,-3.437467785212411,3.6968879431258106,-2.192395454857072,-0.8735111244982918,-0.9531757305216664,1,Tier2
-2.3836212600507434,2.5792001278437033,2.217100497312215,-0.6385276188517826,-0.8308985207544274,-1.2745447264734597,-3.3898032557980273,0.31285454137828406,0,Tier1
-0.6951026620765272,0.956493810491098,1.7194461731637438,-0.6720848364827221,-1.0910806847908696,-0.02709802158503738,-2.0677001576119514,0.07366360578630626,0,Tier2
-0.7168080980752114,-0.8348779888993774,-1.3867507288005068,0.3649039661970679,-0.5303095186335354,-1.2625600749340138,0.2684419818475252,0.8347575347968217,0,Tier2
0.434971472673564,1.5424758759297972,1.0397066845823126,2.6275485982186284,1.0504886119716899,-1.8832606088730226,-0.6903607098760205,-1.4239170296016228,0,Tier3
-0.5808206468277702,-0.4467228873899929,-0.5255894242100234,-2.5717770316249076,0.07261012706940828,-0.20404592270568167,-1.0481840400140419,0.057026747084367724,0,Tier2
-0.9525190612762426,1.1201877278986925,0.8520927824228114,-0.037309222260338726,-1.2382180314938398,-1.097551633477548,-1.8758357966623622,0.9262968348875285,0,Tier2
0.8214824391716363,0.8337418636420247,-0.7452373971753794,-2.2996532823993743,0.535652514068646,1.1376320707603764,0.3609352941702487,1.4191771119513512,0,Tier3
-0.5582410564333905,-0.4061844511001633,-0.741249981398816,-1.0863356203530623,-1.7998649576900703,-0.7016586862570905,-0.9130203239276717,1.9666893712251754,0,Tier2
1.74032396241713,1.2753566931726361,1.2877730477239708,-0.870133849350648,1.0768005755618277,-0.6723364385197156,-1.802848839255428,-1.50818887366493,1,Tier3
-0.9831431262668516,-1.1868521301968178,-3.2586447618505083,-1.1199066345897586,0.9074021075364482,3.781326588632358,5.188224357083065,2.8151676006346085,0,Tier2
0.7903916101860035,-0.4802913299032372,-1.0525161525593885,-3.429038228497127,-1.9810120404607978,0.5672311721034695,-0.9719489628455251,2.8595696486150413,0,Tier3
-1.9836314728963822,-1.981711214644077,-2.3128660869594255,1.6154654323386866,-0.8099324461074346,3.9777092785086317,5.621248841022413,2.8067446051676654,1,Tier1
-1.473964180376095,2.7152559625976562,2.27064053634311,1.31039372594516,0.3434610877904496,-1.9760136505864856,-2.6638686652456607,-1.0249170483017949,0,Tier2
0.5076500985507231,1.752712064662321,0.8212892139918089,-0.46602379113898096,1.0172220924694608,-0.3162554566807889,-0.968358644119266,-0.4142837242757973,0,Tier3
-0.3993263833797075,1.2040222486033705,0.5518313296490723,0.38511222662951394,-0.7871409730881913,-0.842540622482737,-1.1104665090777677,0.9615494800837685,1,Tier2
-0.8873987088908116,-0.11246613197580368,-2.180710046326927,0.35169014014621014,0.7983053615265482,-0.23189598838077563,1.9838462510656047,1.3715177495984263,1,Tier2
0.9608916750154606,-0.902158139010786,-1.5858191751004518,-1.024825417554645,-0.2056948869247388,1.3985970764933056,1.7940433805177924,1.57208931931563,1,Tier3
0.08524997629284713,-1.6805101281448955,-2.3929248624257515,1.919075089955545,0.31737998192309247,-1.526383495337707,1.9363757786449134,0.22732352029020386,0,Tier2
0.6062097760176023,0.40483413971184035,-1.0302819301682233,-2.7172860848233844,1.10479055551359,0.9469325581023578,0.3779807131909869,0.7297981791641206,0,Tier3
0.3713790976173894,2.9690121768511557,-2.3541704294216874,0.12694161923906377,3.0062044275272917,2.5216695548632657,4.521686571749209,3.055921857654136,0,Tier3
-0.9529710249382074,0.5990427401624161,-1.9743626816559847,-0.6290025402090107,0.9156745737086598,-2.471775747300268,-0.39163303000298133,0.9349062365087677,1,Tier2
-0.6744922294583658,0.565773643366962,4.554196793501331,1.9816695021819002,-2.3948388366849156,-0.6945353310640111,-3.7889950906764573,-2.2847817571564057,1,Tier2
-0.5794930678011466,-1.155138050848937,-3.382911457503656,2.2487846554367636,1.6459712815535,0.6403284060877755,4.85895512419837,1.1723556913065212,1,Tier2
-0.7351735618733791,2.195339939604115,4.07944669648891,0.15066267538157874,-0.6588811104446226,-0.16437910252351706,-3.601805127222608,-1.8265106204335195,1,Tier2
-0.2594680999879023,-0.24436779885281235,-1.8458428839625332,2.8247404453646703,1.6026715136091394,-0.11858648316613851,3.2934429079555083,0.1207169777673125,1,Tier2
1.6149059259718217,-1.1550469804299048,-0.6852881826582242,-0.49272666750755945,-0.24243736179058661,0.24454872143756434,0.4637440170173358,0.031108873052777986,0,Tier3
2.3613010227878575,-0.36930040255568497,-1.232879798539951,0.05113204360785806,-0.4283048735665067,1.3195002315905289,1.9429324277935498,1.8457944404771445,1,Tier4
0.8220484403720753,4.011145683001443,-0.1660813933887786,-4.726639553132411,2.7145302431966,0.09412828750759927,-1.7610772577405833,1.176388965004226,1,Tier3
-0.5708890002192526,-0.7086720468019805,-1.2519958583495492,-0.34438186298815543,-0.9152434368327579,-1.1421659862289488,-0.2192610041745886,1.2264337059983539,0,Tier2
0.6403199554944988,-0.4355729464185274,-0.32901197531814563,-0.17464608392987468,-0.7461512081846531,2.4090423850882146,1.8375281906955627,1.4955579378207224,1,Tier3
-0.34100666379425365,0.32391910490857245,1.956602322667681,-0.26077292010193176,0.34723619526450267,-2.259097930557834,-3.3738998022734643,-2.8904335760887365,1,Tier2
1.0429936246590428,-0.4146322705386907,-0.8580667428346309,-0.1655541516597019,-1.601956308662866,-1.6309554920868203,-0.9893489616365125,1.571378700732312,0,Tier3
-0.6072104429957799,1.7761751949621267,-1.5691463020878342,-1.0710956006657466,1.6873817695162248,1.9518526234042362,2.5418099195349417,2.2691465524985754,0,Tier2
-0.45630339249623575,-0.6618091092904079,-1.5347813811989226,1.4869539007251644,-1.2780535193733122,1.1752989710156116,2.643424572593257,2.6728151669654534,0,Tier2
1.0077935711396466,-0.21557846533455183,-0.4132773532037587,-3.4037763057572334,-0.15024190235853152,1.4019852615472974,-0.42173027485136066,0.9029593410449477,0,Tier3
0.170414268811586,0.3153482447469764,-2.8711423818483155,1.0438908082632463,1.1536000418815466,1.0621292533733586,3.9634195077486343,2.564620681311807,0,Tier3
-2.4235828128312282,0.07331943613410807,-0.7519328797127489,-0.6715127937192427,-0.8845059356283016,0.9198062691875843,0.7447867215957402,2.044977909328556,1,Tier1
0.19010406145054135,0.08061518112126997,-0.6044506315619392,-1.599296444364696,-0.8292034270214534,-0.5014333998691944,-0.9276414062251159,1.378411457144578,0,Tier3
0.18593029505716607,0.8279717884906679,0.48427405474927543,-2.535984086002674,-2.016080982474797,-0.25306043140220236,-2.427143387020008,2.1287818871112263,0,Tier3
0.9561290412932573,0.9720466590682776,-0.21617980572242912,-1.4633984198173622,1.3821213717795584,-1.1836707640802655,-1.19213374013583,-0.6304316014006021,1,Tier3
-1.1389482066999677,2.1016652241847313,1.6346967128919987,-0.32858684434110874,-0.7217850101835552,-1.95540184203367,-3.2258481616172583,0.175330913353265,0,Tier2
1.2760988288178194,3.230355885534127,1.4240516626654824,-1.0665500118399074,0.7076526290917587,2.3459692425238607,0.1200310395333134,1.4463308698224069,0,Tier3
0.2370049658786637,-1.7249056488634245,-4.766434746153871,1.8367790274917883,2.85016642523477,-0.5772015230021978,5.153744292803802,0.5715343001059141,1,Tier3
-0.22134816838867843,-2.0463470749100026,-1.6195016420496429,1.6325042978258952,1.292270631612063,3.990544431495069,5.5751489511600845,-0.03773804855099683,1,Tier2
-1.1833941744295695,-2.253427613026382,-2.3271377157954154,-1.3511048918110564,-3.509932351381739,-0.7754459620334928,-0.1620322045972924,3.6689986081993924,0,Tier2
0.10651657632390796,0.6053806518022117,0.7027870311116182,-1.5390178255372615,1.980115231826352,-2.2147013148717676,-2.609930688773458,-2.8630336205473172,1,Tier2
1.4046883313272998,2.0383040223590836,-0.04513300829310296,-2.280822280580234,1.6665306085932368,-0.5708395388824048,-1.263576012955223,0.06878814313266024,1,Tier3
0.38205067755333055,1.8836892140586459,1.1756121101608952,-1.5384369753566034,0.6556830877798214,-0.4667419450371886,-2.0263304024573006,-0.3616528130403599,1,Tier3
-1.7168575228553693,1.677814485467643,-3.0457825687829225,-2.614093743729189,3.2335151866571414,1.9720419261723547,3.3212175874867285,2.2773581113840917,0,Tier1
0.33719442250856185,-0.2534899081027786,-1.0028277788105735,2.2227699903609173,-0.03171325500746658,0.9979710262811555,2.745530600996308,1.1835096448456455,1,Tier3
-0.5006813998088716,0.25431888655242385,-1.6645626331583983,-2.582312568186339,3.4803720237835982,-2.491862057084057,-1.0681880549910185,-2.1869073002636985,1,Tier2
0.9484257707181705,1.5406368717299281,0.23295606031014016,-4.304026566273691,2.317311198939294,-1.072599522144205,-2.7658695902532076,-1.4476818735096622,0,Tier3
-1.9062206815931022,0.3274536887082631,-0.5912588192806416,-2.034750450111739,-0.4578945169996753,-0.8556570323717537,-1.3553908907725958,1.1086285924976051,0,Tier1
-0.8635221330147131,0.06226533471003237,-0.7966359799950893,-0.05926748198662324,0.45463441390512915,0.022901808897792142,0.7429035964791493,0.4717487100822646,0,Tier2
1.5828800453236225,1.8220353359769246,1.0369168502532715,0.0227214427173974,0.28479834430065587,-2.8652240579732866,-2.9938518629253594,-0.7219366346549205,0,Tier3
-0.10552482732608953,0.45014592923811714,0.04356275536619847,-2.293258112812824,0.31710004155622806,0.36983414284655325,-0.9015006838113494,0.19350099696836875,0,Tier2
0.3112916502664342,1.2799659221728221,0.786747114557115,-2.171761272899232,-1.256930899716196,0.0023895930851687286,-2.1225962855977833,1.5468356372427317,0,Tier3
-0.86941543155261,0.9454870250404553,-1.0156869981114054,0.9151253696205539,1.4042229108166293,-0.1653637242352881,1.4904841198247758,0.48955380905532864,0,Tier2
-0.34996441550588114,1.44399320020122,0.862821912640998,0.21347228240582283,-0.44408218261564036,-2.64106452561581,-2.7429195541671456,-0.08823424099921873,0,Tier2
-0.9445876907683202,-1.1626697508688124,1.0484283214299635,1.4399026029474449,-1.5466361658758605,4.908460589883175,3.28787859061744,0.9703640617859719,1,Tier2
-0.6595915038863804,-1.8727322238905835,-2.8025004152012714,0.6334518549085568,2.3408105548015667,2.1589708564281485,4.871965575216127,-0.23867441705378556,1,Tier2
-1.0745147516033553,-1.0898860713365544,-1.8689362885239618,-2.66524049911032,-1.2870619907869472,-0.15801555564291525,-0.26845553286770896,2.2645992999981033,0,Tier2
1.9116989388605339,2.311250052063606,1.9452053653491062,-0.4627929754354523,-0.6331979326966046,-0.8473170893160433,-2.6963434774591235,0.31286474799784647,0,Tier3
1.3219920032027368,2.7795870883537583,2.4823445234004655,-1.3952074904907181,0.10639488292910204,-0.28136923797534596,-3.036137317998915,-0.3679114142783384,1,Tier3
0.029211015710739783,1.1842847877799765,-1.4136433376996203,-1.792549378086274,2.1642697312499033,-0.2588621035676618,0.4923057359558207,0.3863912073809992,1,Tier2
0.3562005887321266,1.1233487558417372,0.7527676531644054,-2.321184267017638,-1.57325073539865,-0.37298128633620864,-2.528112801771035,1.629654406998649,0,Tier3
1.76232165216181,2.9178844661017096,1.7542028005351227,-2.9763134402860247,1.6890730870984225,-1.332571406929936,-3.6982382361477493,-1.3410716716701936,1,Tier3
-0.31249134783963395,0.7174585204351718,0.31216247741182496,-0.13904545567216497,-0.13862657269279288,0.396602633839935,-0.08299728952853416,0.5715787633286387,1,Tier2
-1.1535709971018095,1.0144854112751713,-2.101837513835772,1.1776014648432662,1.3090102561647954,1.4336533581192783,3.702092868950669,2.333009833394808,0,Tier2
0.5517911190550536,-1.3982174636467928,-3.4289285542155357,2.2640510959368987,1.5379317675420376,0.9779652232872911,5.14216430856272,1.22325065284943,1,Tier3
0.5785853082125527,0.9186904129411377,0.10542847973136811,-1.305214614939655,0.11583505491064239,-0.8882243866227997,-1.447002384968222,0.30965054271889547,0,Tier3
1.3015113634798892,1.6678354556945347,1.2845872261143998,-1.9312856854594846,-1.145528402422847,0.3044267748172438,-2.1594142196678257,1.3477702159064422,0,Tier3
0.1779210100791577,-0.737321803587665,-3.292586792775643,-0.1174304953144889,3.003048194311137,-1.5417531933046442,2.19622311717451,-0.5742902437137118,1,Tier3
2.3508520262346253,4.444078906310981,4.4060337590035905,-2.469822430616964,-2.4215668334701483,-1.9982570013051024,-7.1257806138495,0.9599930601855367,0,Tier4
0.34322571871700347,1.7680510618374203,-0.5995816385540391,-2.5620001426685377,2.3296212024985934,-0.4055510598833837,-0.6676297161980065,-0.16674735734667934,1,Tier3
0.2830216194483871,-1.8013462857473606,0.794426346826004,1.8497706518404184,0.07102386555554263,-2.5703251236716596,-1.5488752982672458,-3.3928464813805217,1,Tier3
0.19358699506569838,-1.3309984406941622,-2.698957887873342,-3.301079133975134,0.29059122958932737,2.01402060143827,2.1021031906081054,2.1287542844052747,0,Tier3
-1.863472815908306,-0.944480087642715,-3.2808313553393775,0.20936636426015132,0.741288220697331,0.2693980357437282,3.1993872140825963,2.033082947566669,1,Tier1
-0.33469496850826597,0.7813121880313805,-2.9964261507302647,-3.453190206464876,4.114405191727896,-2.0680369718946507,0.016414295354098662,-0.7628314738065683,1,Tier2
-0.3256632213160001,-0.03312089279930497,0.5854970500560386,-0.5302899326424328,0.5975458155070575,1.0677495556036594,0.19428389358198073,-0.8768480512479164,1,Tier2
-1.209418667715089,-2.51765198435989,-0.24562387199996194,-2.2496468978102246,-1.5581150184291368,0.33002641250126596,-1.0259913272656944,-0.3158455799252087,0,Tier2
0.9173182278766948,-1.1552911245864281,-2.698937777592432,1.0859056357894494,2.115794915358773,0.7586870738735774,3.889335261313293,0.03594267500298953,1,Tier3
1.1094661819546467,0.6308088513361202,-0.07307763708058856,-1.0319822681570434,1.4359568522985797,-1.1468988711142594,-1.0306438622057463,-1.1315350596736138,1,Tier3
0.5780705978080088,2.080954853046035,3.557461185288032,-0.22647914810127967,-1.100152518314438,-0.6990404618526956,-3.8802716416458067,-1.1129909667151592,1,Tier3
0.13987822377301146,0.061006835515472924,-1.1561635212724442,1.0258588308455057,0.9294016978267416,-0.531507978551522,1.3008324500530528,0.1949348984468604,1,Tier3
-0.19291717253005522,1.4684994642731342,0.9887411845279889,0.34149492734762577,-0.6746069446396615,-2.2107123116197993,-2.5079631679579424,0.165245490429081,0,Tier2
0.3141158493773917,0.6858191561105763,-1.186106639666111,2.7313776775206047,1.286258958426039,1.581693224939326,3.889131881144719,1.1156559321964443,0,Tier3
0.2604186067710959,-1.1160962395228047,-3.0098258166767806,1.7491802311284306,-0.6910466629920815,2.0644336162963617,4.813236772342573,3.5664176226207234,1,Tier3
0.28398781971254555,-0.8708651720734214,-3.335247394976321,0.9394213751587926,0.2343736462427901,0.3729952529794188,3.5839330062393877,2.6767580127732438,1,Tier3
0.2577645534085519,-0.18299244199146592,-2.970487886565425,2.0780779233313025,0.8400613443361205,-1.0788353302138391,2.908519199439162,1.8106504324180945,1,Tier3
-1.1883818721560526,1.3189415765149257,1.7770683741838569,-1.0898579340816854,0.03218930802960296,-1.022206439437028,-2.8327251358992096,-1.0875450607850992,1,Tier2
1.3554955328750073,2.887273872067731,0.48917805879973164,0.17672843836061936,1.268804956189555,0.2754670978550493,0.1140397368672188,0.8912173207734183,0,Tier3
0.8866387211137388,2.474347256273751,0.6471674751215644,0.8563018440422221,0.488286005716278,-0.05047193279701934,-0.07671390496206781,1.0007724241738942,0,Tier3
0.08752634984501938,0.5574326882485613,0.017888204052013856,-2.677672131811248,-2.1757755804893266,-1.5536970882361802,-3.135429604962259,2.1123713962376445,0,Tier2
-0.7288229905018216,3.2341199590051772,2.7491982638867327,-0.49183766058038225,0.3405668534654964,-0.04605114933186383,-2.558705949926038,-0.41060655912633814,0,Tier2
-0.4447625813337491,1.7346814141765685,0.32510686186099425,1.1281269407508807,0.3939693522319673,2.2742679219222603,2.0906783209740283,1.5501433156416182,0,Tier2
-0.45440651239148844,-0.7901133141252386,-1.4261736277857875,-2.868669567377818,-1.2554402930925748,0.9848303537072756,0.12657534307433216,2.4087084441332642,0,Tier2
-0.9203904278356327,2.443843911443024,-1.9943032147630493,-0.10146925996340972,3.5445580602556803,0.5493965505813347,2.7579759281746847,1.0274346482863383,0,Tier2
-0.6980016553104355,2.9463819321929527,-1.1776824423054852,-0.86807359969209,2.5636009269866733,1.9923278373299835,2.531517791633313,2.0456460451435374,0,Tier2
0.2586560299831514,1.8218004430263797,0.9745073449918684,-0.783519060642675,0.10266149692936599,-1.3461050006143762,-2.2601002723833243,0.03655716350627736,0,Tier3
-0.8831310532587847,2.4231851209542783,1.8033845381988765,-2.5222565818720364,-0.8629296738275725,-0.5474031482383154,-3.495734325815477,0.9116997722973436,0,Tier2
-0.2157337077705497,-0.5865013580278486,0.012758354515983783,-1.8122199307024132,0.25732435354278493,-0.1224959176863849,-0.9779891034480581,-0.804409628584954,0,Tier2
0.3213331813140992,0.7557868281793494,0.3017791691802254,-2.1251698665957495,-1.8432424018506612,-2.093939178462881,-3.4127113128581765,1.4745865947255414,0,Tier3
-0.3821578620523226,1.3295893364272109,0.2265280881351046,-1.6012335991316573,1.6375860829783209,-0.4629041446668487,-1.0307966930870323,-0.7943460385259988,0,Tier2
0.48839956236244525,-0.5491247809986939,-1.008718283161475,-2.2944610750670433,-1.6160484294314785,1.0032305614716632,0.008704996523177355,2.527342751468404,0,Tier3
-1.1910931621995946,1.4347798564032463,1.121209736419998,-1.137362336208691,-1.4429091922674082,-0.5513479665435477,-2.3195414747627523,1.311855545155998,0,Tier2
1.2842937430602945,1.3869928841617545,0.032808565510491716,-1.53400930390315,1.2124944590745883,-0.7076308799167131,-1.1253183071955275,-0.20392299987221163,1,Tier3
-0.5318947428632855,1.063616823966551,1.7863568623755324,-0.7734406890134178,0.7358257608540907,-0.9899791829556637,-2.474191451014086,-2.0032149238805395,1,Tier2
-2.0343390357733857,0.44147807583961374,4.39282500131185,-0.7785003064913103,-1.337481130124996,-2.3688331104475373,-6.123385197981193,-3.77773291667084,0,Tier1
0.22519232749093304,-0.26613904436208635,-1.0227025843140232,-1.0649772424842352,-0.8319584284528547,-2.0475343065704923,-1.4655742121236377,1.0003481437358692,0,Tier3
0.01781292268083246,-0.9085255819482865,-1.3703902501788099,-2.415689567394736,-1.9432251015774584,0.5610652057399033,-0.16119484344296708,2.768560977407149,0,Tier2
0.7142993841007695,2.6351998380749646,2.327758420826782,-2.3735012563716413,-0.10685804229775142,-0.6982025900908106,-3.786839223129398,-0.2498696369709832,1,Tier3
1.184700008269008,2.510158938106332,2.3144925520168083,-0.6702901337107593,-1.5755240026386823,-1.3027550240295351,-3.6822321964851623,0.8646337680782248,0,Tier3
-0.045759969161904605,-0.9318385391209885,-1.4509953810445553,-1.1741685785083718,-1.1511705535201697,-0.008025804492649447,0.3162195352534165,1.8578985815856748,0,Tier2
-1.7397453324806809,0.8646278727017103,-0.1959512355812742,-0.7230046299826174,0.7472387964370039,-0.13017868139220812,-0.16848001950076608,0.2131983821808534,1,Tier1
-0.9967184101416476,-1.8132725626920954,-3.68470375229935,0.7517182896085568,0.35759374327325544,1.8014371463018435,4.910910521771019,2.5708809920232487,1,Tier2
-0.4167152562281471,0.20721962668695282,-0.4855483522669447,-0.5940779811690009,-0.7959451653738052,-1.7871682542173362,-1.4653110272042909,0.8920762013914509,0,Tier2
0.2703320831613331,1.8494106241042787,-1.5018753245932421,-1.8112144457241455,2.3016019762420648,0.951520225730251,1.4832466856679316,1.339469008866018,0,Tier3
1.2119540526648163,0.2140116993178629,-0.41664613124424876,-0.3062327807741443,0.6165542154268786,0.17397314046754175,0.4506966075503131,0.09542762175870656,1,Tier3
-0.7930683907128941,-2.5736662965650856,-3.3703602290511245,-2.1430018803868136,-0.8795873301955262,0.028575080523777885,1.516995742068854,2.211424806407101,0,Tier2
0.7310042450668561,-1.076177044915762,-0.14585581361648237,1.7875255462371347,0.8773287834041749,3.262603036310692,3.773122609684676,-0.5912135146651893,1,Tier3
1.5697275392410768,-0.796412396265004,-0.9702044807508485,0.6779963860080058,-0.10217207663689898,2.5095673453356953,3.050501229066371,1.2561518858812954,1,Tier3
-0.4467774296361395,1.8997467970243909,2.007604895981948,0.40422485310567224,-1.8664728438649203,-0.6330972547593919,-2.408859244669579,1.1447083285948212,0,Tier2
1.0303287322501544,-1.1126116287018206,0.3130225802590645,-0.40317802808159386,-1.7734085296701285,0.6969659873609664,-0.3269499536982017,0.6439402685891684,0,Tier3
0.5591949907086667,-1.5248901239768609,-4.0648956896205295,1.18390364711875,2.6205645335520256,-0.104182304207455,4.534498273327875,0.38791247998644107,1,Tier3
1.1439455703891357,-3.318898073838551,-6.68596323180941,3.921709548240081,1.955584006710624,2.032503328732165,9.632671845038413,2.9242225525501118,1,Tier3
0.47371502653892616,2.3436571126606625,-2.7221735409284253,-4.428991747054247,3.4902474275238475,-0.6706805165111202,0.1401836300686954,1.4148914038826574,1,Tier3
1.333961392289332,0.2807001664693598,-2.3782327287928173,2.4366110690298504,1.482594883866336,-1.7083711729722535,2.2750511649479743,0.748982972796441,1,Tier3
-2.647112108055182,0.14095104929368896,-0.3984958435417958,-0.8959371594314156,-1.5504923249674494,-1.5432113218724388,-1.6878133835002493,1.560675903658509,0,Tier1
-0.6545419810780835,1.6680530492262025,2.9769324067284093,-1.1744009548083805,0.4146348296707315,-1.870772374250626,-4.419881193702981,-2.7143273534151184,1,Tier2
1.551122589466414,0.3644928669167701,-0.9835188860103432,-1.2698446072167036,1.5230633464535073,2.198646736980475,2.150517603236851,0.6351330385145939,0,Tier3
-0.03672313763077546,-2.0539818086366273,-1.1552349955667742,-1.5278896962439616,-1.6186725537992324,0.3569734485663316,0.08858778998177197,1.1274159350966453,0,Tier2
-0.02876037551022778,0.31162979283386705,-0.0408278659243162,0.1173184454038867,-1.1146858232798926,-0.7675922278950617,-0.760774052148765,1.1506886516011483,0,Tier2
1.579819244832888,-0.024967497085014223,-0.6013205319373831,-1.3447012042481272,-1.2697323685267106,-0.8004815304447394,-1.124044794180735,1.6085926474443897,0,Tier3
0.5472504430673867,-0.8684865801979534,0.662826878168995,-0.9857189315915549,-0.29200825847285805,3.161764468656186,1.291830073958373,-0.13194462155201991,1,Tier3
-0.47627302276737804,2.2181256992736778,1.7582373549888477,1.6010403610818935,0.29394385181558125,-2.1553849909610316,-2.2245210767913397,-0.9330572035712343,0,Tier2
0.9091983490293388,2.865389679429839,2.760657102049239,-1.056840760556247,-1.664918831366973,-0.9107555633047023,-3.985538754689201,0.9249287274433113,0,Tier3
-0.3586388907881295,2.6552334674117106,3.156934853651674,-1.4344734219626831,-0.039879939154539246,-0.5510872391634147,-3.8429693236411975,-1.1458776185329311,1,Tier2
-3.3307860143946333,-1.2000142373478166,-5.3588882897151375,1.1187936632152646,2.335629188498011,-1.1477225411539265,4.688975931090962,1.9911616434473112,1,Tier1
-0.32388224088105777,2.316247867366426,1.8618426858440473,-2.3731893235438655,-1.8108627946081217,-2.222550165627074,-4.955630892980581,1.1202280613452913,0,Tier2
1.406260179174236,-0.5361302512590934,-1.2913188796689814,0.6687853888889571,-1.177505343171656,1.4383746286225914,2.2330440103913283,2.5230893111134205,1,Tier3
-0.17660171886594317,-0.8590503603666937,-1.6339851210592322,-2.845014006096871,-0.9611557106994061,0.3131657364278937,-0.12786930392129092,2.0591771743993146,0,Tier2
0.996186671095305,2.1237690255226496,-0.5619470175178845,1.0745033479286636,0.09895083431248253,1.2577741594707916,1.9349255059864168,2.7940694769123553,0,Tier3
0.07638440758894635,1.1327114742221176,-1.7903330192105615,-1.8741707622028674,0.24684569200270146,2.6669627717378703,2.518919759182271,3.58652172576702,0,Tier2
1.7368727731524258,-1.8056341982876867,-3.76518222136492,2.6020771820575064,1.0597563961596037,1.4338467336591556,5.839065710671257,1.8350241182076317,1,Tier3
-1.308035777360805,2.108021483020929,1.4357274242285192,-2.497156230563343,-0.5400300861436114,0.49050358193056853,-2.309643887900312,1.0548232419759194,0,Tier2
-0.09624754594503522,-2.259453214193081,-5.269121252224632,3.943957059422477,-0.8771311504327466,2.2059888846849547,7.9125749132528345,5.169623423516759,1,Tier2
-0.34995827823602044,1.6901060923419298,1.2172357276412518,2.283395384307428,0.6088567182331726,-2.486337435543902,-1.5828300371372408,-1.2484076839382086,0,Tier2
0.3762977791910654,-1.6671580418126921,4.419068419720641,4.931374629265294,-2.9103897235617815,-1.0913462743510802,-2.47935834213894,-3.785474448632204,1,Tier3
0.2165605471382922,1.5125959482866627,-1.3755714480781913,1.3869356101873183,1.0389550016886586,-0.27496940999348163,1.8454325442694914,1.6916848175612278,0,Tier3
0.477662138095501,-2.3636277231346776,-3.2045316269942106,2.302989016966189,0.6419045241996668,2.7635004729971557,6.148739182650817,1.5935335737927685,1,Tier3
0.9175108270821316,2.5122408704674983,2.068369986819315,-0.839806630848803,-0.452700426367723,0.6665756813870705,-1.8122077535019785,0.6911288055823261,1,Tier3
-0.576838243669509,0.397881075076467,2.0867541140544072,0.7328224299250063,0.3449841921858413,-1.0536525580833318,-2.0469356820569233,-2.572764484381543,1,Tier2
0.476579396547265,-0.8444579377901299,-2.7946776705218777,1.141505945752102,1.2524531393432268,0.052129088957418634,3.2468907801365425,1.0205247961031692,1,Tier3
0.9002590232205655,3.216716510958612,3.0358894643630996,1.111707623499726,-0.2902173866146276,-1.4948213012580096,-3.1951980843453445,-0.6177311458242076,0,Tier3
-0.2828072651121267,0.4258672588925241,-0.41611482022995566,1.1310657400586672,0.4913364082238778,0.8395940325283604,1.6747963630392468,0.6092904571538291,0,Tier2
-0.6370871999386887,3.5371334161881394,0.7491667757446896,-4.0660738448784866,1.2633671053688067,-0.5474837811643924,-2.9768849622348217,0.9715971140969641,1,Tier2
-0.7348740666403528,-1.3712179567054443,-0.986812446288356,1.5341741671533822,0.6429437916944458,3.54153718848853,4.491315078421522,0.37016233644625407,1,Tier2
-0.8301641222853287,-0.3651433726564943,-1.2102546869163384,-0.7127149257002571,-0.45392087349289734,-1.5230757330368916,-0.6368119047733675,0.914491059095053,0,Tier2
-1.0223952908709855,0.910726668547325,0.7205615370796773,0.5873242288150606,-1.6247630297844302,-1.8021997989900114,-2.058565578991147,1.0164471781661182,0,Tier2
1.5783366953387015,0.2696749415489419,-0.44364799142754874,-0.6350671504184088,-0.7223833087020299,-1.9380110711932719,-1.619816824174836,0.7813168592398431,0,Tier3
-1.4053404471049296,3.686373913959051,0.4688032366324273,-3.0125950086489763,2.401030286832954,0.7006489292275825,-0.9822388863038873,0.6967267093485981,0,Tier2
2.4320269751801242,1.264583382941109,0.8958289300209838,0.04607785533427977,-0.8375585232267904,-1.6176872739747328,-2.17086653575555,0.44310093481295687,0,Tier4
-0.8352383651250496,0.7994609931989365,0.8157941853034101,-1.312189579488992,0.24900791616524431,0.640958361422825,-0.837376596046874,-0.1770162748105153,1,Tier2
0.06111730269761683,-0.1261538752922603,-2.235338680936738,0.5231386003768119,2.2188409074485937,-1.7515596649255762,1.3057531524060844,-0.4746152918996165,1,Tier2
-1.6675689759482688,0.1127044418330968,-0.4026398437366905,0.9238772563216693,-0.7775826410165305,-2.566368290797069,-1.3166699027176407,0.4248632627059864,0,Tier2
-1.97181516773194,-1.6139783755584605,-2.6044269304207828,0.18347386308844982,0.17137984979304954,2.084358049292443,3.893239672780251,1.8752892242599268,1,Tier1
0.8209775618249165,-0.22450313805035904,-4.667391067521922,-1.1196743204876296,2.5515363608656827,2.455753751320346,5.69582987243537,3.131018899314804,0,Tier3
-0.6685311764253546,-0.43101007694436566,-0.726825654960638,-1.7694236740135114,-2.3269217352203655,0.021710417981845698,-0.8610575085445431,2.6916701302012784,0,Tier2
-0.3539424825269719,-0.4840085263185703,-0.6570633198935676,-2.1505511793024326,-3.488122210569947,-1.4676910176030078,-2.521006515765716,3.2119181212757932,0,Tier2
0.878412979507654,-2.073509230794107,-6.110532835417912,3.8422756786400027,3.3349069533490114,-0.36360767877686206,7.595223887097931,1.2736566739522237,1,Tier3
-1.0756904249224142,1.6903315136361752,1.5147010729829031,-0.3387654842192078,-2.062433005465198,-2.213332175503054,-3.634346103656203,1.1603851895266064,0,Tier2
0.18152549674664747,1.136418697528934,-2.5813588061503783,-1.322658335690687,2.2376759600678735,0.8821469502823492,2.5765492815058746,1.8942397893122611,0,Tier3
-0.4271030163021271,0.7807923926721028,-0.40471490031464125,0.20449633164056724,0.919362339541793,-0.047756392922481794,0.5962864733575081,0.21060223919065435,0,Tier2
-0.7954994046001439,-0.9973217770303289,-1.0424770831227483,-0.8442960231905686,2.470768633879059,-3.3590378448497322,-1.5190565093832586,-3.286576214616841,1,Tier2
-1.2575669298603165,0.026378530347214157,0.3687773195060058,-1.0751057850276917,1.7184149542838991,-2.249208108835991,-2.163226492926847,-2.781480902535997,1,Tier2
2.5903744751954325,-1.3357447638438016,-0.9417008553723928,-0.6758433883370458,2.0359827540825974,-3.2716551725071663,-1.5393079132991447,-3.2435299728343177,1,Tier4
2.097543915047065,-0.5166229550827777,-0.5592660550552369,-1.6613844451557922,0.386052362629981,0.9803356148639314,0.4323082527907973,0.10827970313438795,0,Tier4
-0.3938585671692143,3.015974398113923,0.7454430920907409,0.6653955666684839,1.2915835864162406,0.9760241740142441,0.6940153361356821,0.936370772064587,0,Tier2
0.8211067539633902,0.22576420699604072,-0.25924201179482786,-2.4794151670542712,-0.9090494698516813,2.400371716778531,0.5012849058020296,2.19086356192756,0,Tier3
-0.8114652006233829,-1.8258067735885775,-2.7625891087526195,1.0896803532807247,1.3774309684039154,2.3435615228930735,4.989004116581346,0.7557655582290126,1,Tier2
0.2213048939765561,0.23252042212513346,-0.5395891776994469,0.3033302285179189,-0.2345551321795054,-2.5007277227109332,-1.3565036267864503,0.17712427193983238,0,Tier3
-0.48787760068237834,-1.1871580428353457,-1.3988220123851571,1.0358676110827414,1.1518258978124623,-1.2974466870531605,1.015777159427182,-1.1248036672032478,1,Tier2
-0.9145649199926179,1.200991624035278,0.8228758106418708,-0.5603352333368061,-1.1402586689624596,-1.306536630798271,-2.264855495317475,0.8703867313132053,0,Tier2
0.24245270339136704,-0.7663451657658051,1.771069512366625,0.184725666088156,1.1636766452258251,-3.2457739017360456,-3.507258118546326,-4.788885550784506,1,Tier3
-1.2976255371808256,2.6387928830823704,0.12939502071734565,-2.611700417591092,0.9377085235666748,0.40240229419011264,-1.0350401501613509,1.4531560855183736,1,Tier2
0.4237396768413433,-1.7043153814213547,-1.318795973589211,0.16456486344058696,1.8475179744565429,-2.813371869177621,-0.4750897675217969,-2.8412589679129105,1,Tier3
0.2785740264381559,-1.818038544925788,-4.368047877218649,3.32607549665932,3.369754606150922,0.26343918753955253,6.375500639467501,-0.181752492260717,1,Tier3
-0.1771848754283862,5.263701533908025,3.3021917972706483,-1.2998555952920454,2.0519601837490455,-0.654273020167754,-3.552760070891047,-1.0623943147866823,0,Tier2
-0.5753908793371463,3.405721429231865,0.02439771249791578,-1.0769419809539602,2.248754095852837,0.973841358885868,0.5792926793880537,1.1392794182996222,0,Tier2
-2.053829440163577,0.2537356269028933,-0.8706889733281953,-1.0097481568525695,0.34901809577674114,0.41846632722339727,0.571510191055618,0.966439888764785,0,Tier1
1.4094980979850957,-0.3509449919805102,-3.2283046883892346,1.7763944076967046,0.25402659019003204,-0.3083412974830526,3.4097671385080344,2.768330655900149,1,Tier3
-0.28593314473347575,-1.6762969968077477,-3.027606468318216,3.1461905785140023,2.2640088968054766,0.9271030810208768,5.421460279590752,-0.18781321767493475,1,Tier2
0.5463388555557811,2.7595425510581357,1.627080847604817,-2.7311341771345523,1.2300439679575774,-1.1019269251763624,-3.3947991059074436,-0.8242738013182911,1,Tier3
-0.1964474910457107,-0.10888018850485848,0.5194245378667528,1.5316036823445365,-0.7463225368995268,0.16304131600203275,0.3316642750426442,0.11215355900118884,1,Tier2
0.18290515945825367,1.0397324753424333,0.7574163255097912,-0.3895778660330065,-1.1196260468723713,0.20092317706655494,-0.9698749409593149,1.2761637903000929,0,Tier3
-0.1381681462798993,-1.486166433434477,-5.805581434631361,1.3988775420000072,2.5868802271647495,-1.3845329435107079,5.09051146040864,1.887717240690718,1,Tier2
-0.17554791863099908,1.8874521852371913,-1.5839740028125895,-1.314144436744599,2.3937846592416028,3.0578994569894604,3.4280431668836555,2.065325494751077,0,Tier2
-0.06362406685235351,0.3123102456628477,-0.8137369672651675,-1.1681877385821697,0.010892031785343814,-0.5007955254029295,-0.3368086148016689,0.9836074246827584,1,Tier2
1.1984651733852207,1.3286713254281095,0.235762875652086,0.08968536867283472,-0.436568009584023,1.2225446452054962,0.6356141311543378,1.7579621383059263,0,Tier3
0.38858528903260314,0.7902658720573557,-0.5681783371364132,-1.9810415727391602,0.5242325973221975,1.3779760794133342,0.5647335840168106,1.2786100588701204,0,Tier3
-0.47586306313645077,0.18082613224899835,-1.8065614836732191,-2.654452243642784,4.234686003458512,-3.121805347805162,-1.2857718190288256,-3.0444518442905313,1,Tier2
-0.06008556737978037,1.0042859071728318,-1.880128060046008,-0.6566636170855087,1.4138854751758905,0.774800839515756,2.0815064571052333,1.7872760190063182,1,Tier2
-1.7121923601223947,2.5422315587153017,1.873139068943881,-0.819724149219641,0.3339494114361956,-0.6071690845997555,-2.4208816594115388,-0.2642837654068453,0,Tier1
-0.4794804554303609,2.466546028406526,2.3939048797473337,-0.13227156128910111,-2.2831332247774254,-2.333743105495925,-4.4114529038635695,1.0821152074567053,0,Tier2
0.47402952815930655,-0.3109971077417488,1.0889046046507007,-0.04640267990984348,1.271976701108134,-2.8821100655186975,-2.7847438779561613,-3.6376879304510705,1,Tier3
-0.7662030903453688,-0.4881414794683627,0.38882830027203735,0.08117334799098863,0.53895088082595,-0.6002280413251315,-0.5862293728558525,-1.5747944020368685,0,Tier2
0.5048666322952801,-0.8903692028944152,-1.0159246687565902,-0.6511714099039596,1.896885610771607,-2.790983005985494,-1.1485183563483237,-2.473883472973626,1,Tier3
-1.0485724682482491,-1.4169778419021366,-5.015550805229051,1.495328349103838,2.135441758623175,-0.41048728516986355,5.124319173974293,1.8674659394301922,1,Tier2
0.5073768827634214,-1.2891521382656213,-2.572214196935845,2.957814376288463,1.367500168632257,1.8833230117555435,5.449505359411182,0.8632195407288927,1,Tier3
-0.12044699536116532,-0.8552896734678281,0.10121773476024343,0.6455073589606024,-2.114486750118219,1.2871821129224503,0.7561614461617263,1.6151279498268327,0,Tier2
-0.42974708628784625,3.2918099307763544,3.0869088253299655,1.1431397821155187,-1.1856475571821203,-4.0048081951072465,-5.336409196939386,-0.5670176144769707,0,Tier2
-2.6717142433836316,-1.7012093587727541,-1.952996260453428,-1.1367364702825373,1.4214132945802074,1.8227718480460187,2.7676988539662783,-0.18888485423219148,1,Tier1
0.7821156049763861,2.6410968186864885,-2.352328705898291,-1.7735456025139633,3.5608582175699377,1.936166467592891,3.218100461388231,2.0498311359622328,0,Tier3
1.1786959847192626,0.7148078025171413,-1.8164875684258652,-2.698475000770358,3.0301957025656607,-1.6661592979999442,-0.5011550535892995,-0.9011029468517888,1,Tier3
1.0679596745340911,0.11971083269449811,-0.5507519458628869,-3.4639253236865493,-2.171197678156771,-1.7562793900805014,-3.2237072119096597,2.269248443889551,0,Tier3
1.7963707747586768,1.6018485047287885,-3.1113645982720888,-1.3684378090669551,2.6876635736239076,2.4545213538521415,4.268691018138423,2.9580788752894787,0,Tier3
0.6705966261110702,1.5580071725694542,2.3515566580367846,-0.3138420861804537,0.21790123147163465,-0.48005636429867526,-2.4460555954056087,-1.4995346215244467,1,Tier3
0.49018927413981556,1.0761248930466072,-0.6277507236014286,-2.2419363137769017,1.2136805319897663,-0.13348831282212803,-0.513754083179311,0.42431080179205916,0,Tier3
-0.610248829249581,-1.11043529692128,-5.286736783278851,3.464390819633417,2.282374661697775,-1.0159731442766962,5.9493541901919595,2.0616769131097206,1,Tier2
0.4279666733564731,-0.4174430951426822,-1.3848782316371642,-1.6673685824959688,0.584230103132328,1.0003131488458545,1.162633742432604,0.892252038838794,0,Tier3
0.4467118992709157,0.7972843523465863,2.6567689697895913,1.2429562157417173,-2.2448978570749087,-0.5450425464664352,-2.4865057198389517,-0.1390005071654845,0,Tier3
1.658931254979496,-1.7863274444454333,-3.819688076477208,0.9879034492765388,2.336481858331529,1.1484631110239956,5.12035174718447,0.5894929647154679,1,Tier3
-0.0029312185062886987,0.5360583593411881,-1.7977674103915886,-3.1165348438626834,1.9111050595814576,1.5391869831030365,1.4307110464150157,1.0818496745050639,0,Tier2
-0.30593985378884925,-1.459849507141812,-3.951577031771389,1.2756357438558052,1.627609109709063,0.39919717677407607,4.633523743419902,1.459038843331534,1,Tier2
-0.3684207928619764,5.780252971364684,0.06894154986172518,-6.0368787691296095,2.6601017853664546,1.1896540849661092,-1.880983619633834,2.9275322481565818,1,Tier2
-0.5023907477200587,-0.04580519061888144,1.5579149308530351,-1.0766229780017755,-1.8386406970486986,3.185695001767141,0.13798299772125655,1.1585381039760727,1,Tier2
-0.46059347032672304,-1.4612702602125012,-2.107451390736172,0.6102806229943425,1.0951630948305513,1.6710642883195148,3.6137931221259976,0.4363209516240798,1,Tier2
0.2126424823268253,2.2856544426020635,1.7601511668490903,-0.8967745449404597,0.00018823884355745335,0.08752565162301518,-1.9143693529718182,0.18609946946654998,0,Tier3
-0.24193362930049625,3.508349395258454,0.17837583441338611,-3.5187471596342745,1.4653406426144804,0.668188841148218,-1.2529138498012806,1.7568382656131174,1,Tier2
-0.02529319310900609,-0.6884870564935832,-4.303982412783161,-1.018085443686023,1.704339115324071,1.4515559756053915,4.505034268040256,2.8220808171345495,0,Tier2
-1.1897906460157648,-1.3144992245891063,-4.088129561409404,2.05553027716208,2.2298808436313777,-0.12783067988680674,4.89511577440407,0.9623188176195099,1,Tier2
-0.2369591399441459,-2.1934089143158286,-0.8185568929841993,-0.4668955861135675,-1.3009604298349524,1.0382245367570437,0.9679942751212514,0.5479386345436262,0,Tier2
1.165877811457279,3.788845088390177,0.6525725559227049,1.1758457517664125,1.4314672544980245,1.0157331471353004,1.0779546520031489,1.5922172046051322,0,Tier3
0.06773039361612657,-0.6246355520843249,-2.7172623046955993,-1.608468255638079,1.3500670768644745,-0.20831752548835225,1.5549155043188752,0.9833936761341068,1,Tier2
1.8493687915666626,-2.5412680830449874,-6.744181394558187,2.8114920218538675,3.204955628264721,-0.0819342496362947,7.767023840594463,1.7683836540151758,1,Tier3
0.5811209451637238,0.5830289164316755,2.010029257361356,-3.0771438927721246,-0.3833023042053827,-0.21530319362545014,-3.5340783028273335,-1.292835321989973,0,Tier3
0.923178305622918,-2.392831407884291,-1.7719049325027032,1.4690036391045793,1.1274401235054556,4.450794592040914,5.933707312856711,0.13335673265879944,1,Tier3
-0.14999045077976747,-2.9546247254693996,-5.373948976701483,2.872271590002955,0.9859764815259779,2.586601562847799,8.186491572639524,2.9870509318447596,1,Tier2
1.2696292205834045,2.077575601324497,1.4335081942846837,-1.818081028384869,-0.4331368095319519,-0.2357617523973491,-2.47400488393553,0.6765746835028847,0,Tier3
-0.3051622999429823,-1.1433530775858145,-0.18432611924831654,-0.9791833396701808,-1.1045238185062147,0.7512085654700598,-0.023025462618945225,0.5208015013787195,0,Tier2
1.3577845520580714,-0.0005723709286133971,-3.9043274064304754,-3.2574111633615384,2.7519071273739883,1.068350390104953,2.936949254486298,1.8826659002877397,0,Tier3
-0.33313433015792104,2.2224520822822833,1.6812563312958426,-1.4291212653767311,-0.8826176863671795,-1.1640882909922745,-3.285956076911212,0.6655188483189951,0,Tier2
-1.7213539671940445,-0.35058446917218544,-0.0840699689074107,-1.1036158116213013,1.1966795992553534,1.7705231602922344,1.1237816579720201,-0.7867786114520183,1,Tier1
-0.40471705118231993,4.4740953879265595,4.00312687252501,0.9956000598036507,0.7147498431118098,-1.4387788011354476,-3.8041067523905663,-1.4959689737795054,0,Tier2
0.5066156599231009,2.79361034311303,-0.2704537130498861,-2.4692862149280157,1.0746904780759505,0.7222700040729055,-0.36347171203890505,1.9889933555804031,1,Tier3
-0.6645614074647973,2.352574347166965,2.469552132913649,3.082025192173564,-1.094077428895369,-0.4223161604481094,-1.0471734797428907,0.33808139036441287,0,Tier2
-1.1791732187363086,1.287110692107113,0.9664127405378452,-1.6684173994629963,0.8515309910911368,-2.002772351279278,-3.0221950191733127,-1.3673739037967985,1,Tier2
0.5392101339846195,1.9656352548283604,1.9253209438532792,0.7871536226018376,-1.1842383725230659,-0.6284645904378311,-1.9764650074689465,0.6228615034450247,0,Tier3
1.518026291570467,0.5799747450472101,-1.3537191259878285,-0.9695136033947624,1.3323805241753608,-0.27103562958387917,0.6885499367775508,0.583644330994189,1,Tier3
-0.7854119933226567,2.457278159523685,-1.5006599977194128,-2.291176463588292,3.4780396160504328,1.7904643117188244,2.1256262700842985,1.0147752064164073,0,Tier2
0.0890737697140614,0.9025868805105065,0.33694947500685724,-0.8012186368165792,-0.4241348427092875,-0.3834677087319265,-1.1162653240520246,0.7362930212335431,0,Tier2
-0.7959547802024568,-0.32013015175703785,-0.4387961507199176,-1.8073947082822288,2.318334871021328,-3.0313071330679433,-2.3282144003140806,-3.0620795496088284,1,Tier2
1.1282334261578777,-2.754164984070087,2.28125676799093,2.2739067163986775,0.022481006235616552,-4.1988909574505575,-3.755359573221391,-6.3265390227538605,1,Tier3
-1.094436049068404,-0.8875826436138077,3.7148198058046624,2.631202568921029,-1.5765523170958384,-1.661121112623374,-3.2539706990227923,-3.8040256685781646,1,Tier2
1.5920027369828416,0.4003064489971132,-0.05466738201462351,-2.0086708352319675,-1.7723474353517157,-1.0518021089946854,-2.243081570047948,1.816036045835913,0,Tier3
1.4236655802423905,0.44893247599866926,-0.40191233464872167,-2.6860706893116406,-0.8661241515889508,-0.904071458119595,-1.990402898103029,1.4036866954370635,0,Tier3
0.394598935358264,3.0399629074459935,0.17556636600943643,-3.3569862070742165,2.2495879841430124,0.6278749618100979,-0.9951009261750658,0.5641418418196862,0,Tier3
-0.5238126045090208,0.6841456266591224,-2.0264576636727223,-0.6548204355977228,1.058295389669966,1.1201035493609772,2.3889548209932308,2.121132997445112,0,Tier2
-0.5771548375561611,0.5117073556483358,-3.429117257489649,-2.6810988294053617,2.6960885977590565,2.467699850985012,3.882910252376278,2.342012707163186,0,Tier2
-0.8643615024257507,1.9761886303908438,-0.7730037887371686,-0.496513893580772,0.5533439832351927,2.1026386420859104,2.032593184338711,2.744868341690795,0,Tier2
0.35083947442464103,1.1065759130002941,0.31579657843831516,-1.711797086522849,-0.004044463302883883,0.4504915354904746,-0.8533014727669452,0.8181209274771921,0,Tier3
-0.28353987807492004,-1.3662568291341692,-1.8385135568843514,-3.1510829929724973,-1.9904355170540216,1.244640879213469,0.35467127980108026,3.1446692757346546,0,Tier2
0.07383257979777495,-2.080755955963544,-3.5268556609376227,1.533443584344793,2.8781405192827667,1.0007320879784305,5.1943591513764265,-0.568507566872902,1,Tier2
-0.06457787865275445,-0.5136775893443419,-1.8706287828672232,0.14580877775603884,1.2016185363189682,0.8024379325064057,2.513841906063455,0.6369461014066526,1,Tier2
1.0387347441445698,1.3797339260123629,1.0083447533018384,-1.3213283072296966,-1.414800395282164,-1.3685761402485848,-2.9347727444577854,1.0867909348460774,0,Tier3
-1.6232176949497985,1.4849779519644057,4.4498255200561925,2.1915364871256284,-2.5800490173864583,0.7821544448013698,-2.547381346559132,-0.6886378433285535,1,Tier2
1.1446661572756716,-0.794411896980664,0.062364503091949824,-1.9714524767848811,0.2587991350493233,-0.22437379036218408,-1.1726998363325734,-1.075346621505104,0,Tier3
1.137453907923797,-1.5022182714955967,-1.9290553516690339,-1.3337696512770303,-2.095271905822024,-0.45886459575117433,0.07456348474139318,2.635504594544005,0,Tier3
0.6187727395848064,2.874001176338785,1.463119740950197,-1.9092747146265006,2.188249442005877,0.1481754434020982,-1.6572458452798307,-1.0760509587432154,0,Tier3
0.6248388021620401,2.0435045599397084,1.4081025434025054,-0.7685237715790963,-0.036152771223534996,-0.5177642474450956,-2.0188541847783337,0.18030331379061937,0,Tier3
-0.6427153221102642,0.8593938669154797,-0.6760168022436515,-2.05517548124599,1.9157841524793244,-1.1520118155918386,-0.9738451573754556,-0.7418036649448676,1,Tier2
-1.2815334474735183,2.0620626191213156,4.202712215665806,-0.19624063820516824,-0.7874573788081147,-0.4409498469500531,-4.121012508181149,-2.0389914946563135,1,Tier2
0.6931615178029368,1.8177464467832054,1.109660117730977,0.3238118196194508,-0.08069235872071445,-2.1670030692244633,-2.45264364882306,-0.21855401079385994,0,Tier3
-0.9159978695561506,-0.084026144384584,-0.6956182318688879,-2.8522755592341866,-1.588403123974241,0.07418649485931494,-1.2522068766627446,2.276174138890969,0,Tier2
-0.4477896183634996,1.9934773869061795,1.5488284600568702,-0.815314058601148,-0.17604134330215904,0.26945922601609373,-1.593897588775941,0.38409825714720536,1,Tier2
0.537995649068834,-0.13939510347022321,-0.81968788240983,-0.8806602184048271,-0.8992843932464085,-1.3937006098886235,-1.0590828072953515,1.1766027953385112,0,Tier3
1.3638251736003766,1.2618298443512888,2.8814854026461743,-0.2789271732071539,0.1930982302020351,-1.3207857312793427,-3.49394858570082,-2.5844444790414505,1,Tier3
-1.3664632710364661,-1.2129138359405285,-2.4680726882795887,0.7330188366829685,0.3566576851904437,1.4848534593217122,3.6487404206797,1.6990201160707894,1,Tier2
1.296638769919316,0.7812703430525036,-0.30948198242629876,-3.8522439124825625,0.9712545451071901,1.4114138250217922,-0.4999272768541362,0.5912767475992181,0,Tier3
-0.5707074527238175,1.8641591170548757,1.1477771117736297,0.5225518304261847,0.426003452875668,-1.4960519611945402,-1.75202140168163,-0.491574910188886,0,Tier2
0.8223340695724903,2.0008618354752574,1.8634710614873815,-0.8444238734814739,0.6868189022644141,-0.30191678042155956,-2.094155445687884,-0.9766903076893119,1,Tier3
0.7367754089031674,-0.1721940319611579,-1.62180439044634,-3.5779368436350905,1.824695275643047,2.2598669506989166,1.5913259107889486,0.5945223532069547,0,Tier3
0.5212773722162125,-0.252240208859553,-1.8065398294116124,0.4960217909358221,-1.6348902889485362,1.1288301232037743,2.21096840018667,3.670910452114386,1,Tier3
0.552644714466308,0.7416250395089447,-4.720059990807874,-1.9777749500081665,4.576724721137865,3.4290751272681512,6.475465236223869,2.403233405521381,0,Tier3
-0.08659437663819446,0.182142567840486,-0.7423027023600988,1.5409409156339788,1.6966938209623401,-0.1873764806481537,1.6731943553839195,-0.7798947624236989,1,Tier2
1.3190761913682747,-3.692785856665589,-5.172635094334538,2.116274429307309,1.9906350589068222,4.359403450807561,9.228326595393815,1.735239321307576,1,Tier3
-0.5486495621405001,1.3655042626983012,0.6993876605502022,0.046612391712911316,-0.14982009774124894,-1.978047533319188,-2.122777362720909,-0.04781810439318668,0,Tier2
1.9749868235409183,0.4211270114948018,0.8767337711640107,-0.5412127274948222,0.5468393817800504,-1.5148707722790844,-2.0314823060573866,-1.5938810850380458,1,Tier4
1.062631673678995,-1.8580032090492602,-3.8855636460538747,2.818542724707064,1.6844417204139541,1.4373384232072435,6.204064003013317,1.3066659745173723,1,Tier3
-0.027135232619142746,0.6259219161029093,0.11174744972873771,0.30524564636501395,-0.3728009337563398,0.01957417857061583,-0.02373907429166333,0.8024164501481358,1,Tier2
-0.04465130112862316,0.587858735901518,-1.3917653822165463,-3.784326541546678,1.53537106282328,2.0052620719487813,1.009612310465298,1.2229929310828633,0,Tier2
-0.7830847248349347,2.5987327795852444,-1.3459198313373735,-1.7972624413395049,2.399802814524717,0.9125860723827485,1.3338104006054943,1.728789641489339,0,Tier2
0.10567472528083996,-1.1885069799511707,-2.196363968910657,-1.7186488509607072,0.638644482446402,0.9223865265930338,1.776263672469617,0.9971223596824128,0,Tier2
-0.17951678623153824,1.2815513886914827,1.9500396321232327,-0.6217662408559694,0.3053497685861476,-1.4873296353312473,-3.0137542403854116,-1.732089050782618,1,Tier2
-1.1298710165326669,1.4283226110855414,-0.5582399172479819,-2.0352471062365405,0.8709482517077994,1.1777389583181226,0.4390117479055411,1.430124863560839,0,Tier2
0.15195187794363502,1.4252556346780607,1.3166519233802594,-0.8391951414898341,-1.5510770673317409,0.8051691713929172,-1.3202079489987912,1.6473261867610958,0,Tier3
-0.20312173627250116,0.06421515466510863,0.23440471579319255,-0.724964517039751,1.2632134571057372,-1.7171508862538993,-1.5754989491669562,-1.9876461257233804,0,Tier2
0.2256709659631877,-1.4171598653544277,-2.5974352135184526,1.8064991886262471,1.633407893149379,1.6832176952208042,4.779538381592748,0.4643083741253442,1,Tier3
0.974609111422171,-0.25576804250931784,-0.9886286916124101,0.12883095565669622,0.14898641591867157,0.7612125697465151,1.4951660612454476,0.9360148258174747,1,Tier3
-0.37953889742192626,2.6371482478824637,1.1500284160140175,-2.048114401802014,0.4970817900607314,-0.12943093624722923,-2.0793750772009583,0.6070243220296117,1,Tier2
-0.46486996957351817,-0.8658492933654647,-3.2466399153728003,-2.548203070875772,4.078458061552255,-3.428704355517364,-0.29070650919230534,-2.3847582201422717,1,Tier2
0.23016532200719958,0.5376926472100416,2.2816473367799106,-1.6723747709757992,0.9929594170414215,-3.554542490106261,-5.216924960379978,-4.091862605641779,1,Tier3
-1.0969856920886976,4.759740818067343,-0.6913182305348307,-4.825676666974887,2.499994409567489,1.2042624489702187,-0.6176459909753853,2.9814197367206203,1,Tier2
0.6792531857002103,1.4074209760378935,1.1239916771395237,-0.9007289113448864,0.42332646227347137,-0.4257326409572827,-1.6577899067259314,-0.4963539753143289,1,Tier3
1.126676679430129,1.2802200192585058,4.122021851337328,1.266974426866064,-1.5025275225689652,-0.36887547323066694,-3.3757903998050067,-1.942404896705788,1,Tier3
-1.7642225586347025,2.2779742770565337,0.6712099854057179,-1.9878006070977539,1.441273014686288,0.09702550151160838,-1.2495251149685649,-0.04606540731286046,1,Tier1
1.916408812398578,0.45283677148949775,0.002159342458752711,-2.4472925676030703,-1.1281515470779626,0.9969503192766316,-0.8173240774478383,1.8597761401752695,0,Tier3
0.23321456024834725,0.8914740380815771,-1.6894496957290104,0.3183445464791579,1.3240041190098495,-0.23530755847009255,1.656226397144588,1.2238239991177209,0,Tier3
0.6552668888528668,2.5567839411041433,2.572886669652221,-0.9296116082790904,0.1368889790262693,-0.08329775507840764,-2.7007799822975826,-0.6317714682717978,1,Tier3
-1.0959377796704024,-0.4112041374568256,-1.5836156285231913,-1.7799372292654863,-0.42633663252720866,2.023419104600948,1.8002367663001522,2.437079622946512,0,Tier2
0.49764481186339266,3.0840007610577107,2.5128692981139813,-0.9873201552108415,0.2568496787010195,0.6588758176165941,-2.107896503796294,0.030561036503118588,0,Tier3
0.10164708294847297,-0.19157404235078968,-0.7863522680476431,-1.1092833058561309,-0.7282237852400435,-0.41052335105123905,-0.41978532773189847,1.2573118272790775,0,Tier2
0.12463934394784838,-1.2767101559410956,-1.4382015124737406,0.03718846705800383,-2.3864359497296563,-1.5611372360134772,-0.5155496448306658,2.2123906312532213,0,Tier3
1.5642902635270133,-2.3530859449903345,-4.102419891935128,0.19410753696571292,3.43712189530369,0.7627300165793651,4.920316410484173,-0.8033912966036154,1,Tier3
1.2692806778651264,0.2535873225280909,3.422817111297429,0.20604410073268342,-0.3673390246353434,-2.7507629071615276,-4.865661259780345,-3.9921677612599527,1,Tier3
-1.7850694591464658,2.5300040134033033,0.5153900566882599,-0.2911359419795856,1.1597396043956594,0.8075211863567536,0.23443078001824647,0.8348761016512883,0,Tier1
0.8018504822507189,0.15639562749969982,-1.5563526460637547,1.0950613985706747,0.35526733228409246,-0.2850991833124894,1.7113676928115584,1.3483200281585033,0,Tier3
-0.6763657556359388,-0.6029351255179138,-0.9607322974768162,-1.3827006371899335,-2.286004610473263,-1.5564136893096099,-1.646567634840399,2.220189035487582,0,Tier2
-0.6854355594395208,-0.5598028172210228,-1.2473818910046188,-1.4747142134415694,-0.7459687283013077,-0.21228752499392767,-0.07828490533182442,1.5108642810653263,0,Tier2
-0.15213588679357515,0.634593014403589,-0.5356815876156176,-0.9682982194650647,0.2623706041679177,-0.1664025954641415,-0.15565754535346404,0.8359090206576067,1,Tier2
0.3599926394206753,4.091606236946143,0.377446372390726,-3.652054708028615,1.8371864864188456,0.6120638458410976,-1.457941909678856,1.6818800811316312,1,Tier3
-0.6198526283571891,-1.964199958828905,-3.220259388623867,1.2899017520230633,1.5377564612375147,1.6536925721322313,4.988134565351581,0.7341938320836734,1,Tier2
-0.8016790366677842,0.4438494137653093,3.0217846737082743,1.3315916147398323,-0.8267527338079588,-0.40265147657751166,-2.2821871308410295,-2.1794598852881624,1,Tier2
0.7445896031071664,1.4199757550129086,2.5374122231187806,0.4715026598897396,-0.19330275767720084,0.030839018306010546,-1.8908607045537527,-1.2591063206131627,0,Tier3
0.7504960325257349,-0.6442670453334272,-2.748180968143159,1.8926436170583782,0.03302593202326254,0.7416635650075112,3.83065335509837,2.5579745532814098,0,Tier3
1.0404926377298214,1.386888444923558,-0.10184271732719055,-1.121429632096457,0.14212436931841432,-2.3954620699448164,-2.3307643914503964,0.4179065614129456,1,Tier3
1.560552959916954,-0.47065930353063457,-1.0121781091820583,0.7555525959876013,1.170484106916695,0.889838026399456,2.1911802039814305,-0.1902579592183975,1,Tier3
-0.30440094011850105,1.6228162870940688,1.1108658623015533,-0.1530418529071904,0.2419513470349074,0.5364637433737609,-0.5744530123698777,0.19668757132563708,1,Tier2
1.2854023401596286,1.8202456331514834,1.5998184148087478,0.3185333265134822,-0.8577528957626729,-1.1877058574430235,-2.2987976417415714,0.3430437919768362,0,Tier3
-1.4443302334227175,-0.12195559808333378,-0.5574046538863813,-1.8504026292369276,1.1267865041268952,0.3814737799121528,0.04147518919976512,-0.46268273528186477,0,Tier2
-0.44893645002908195,-1.791633555752321,0.48312095289729196,-2.1878558281198472,-1.9253323510905531,-0.7723243293295994,-2.5333441083985853,-0.4596041449976078,0,Tier2
0.16924826174266294,1.3921380920201254,1.4196600319038382,1.5930053885578772,-1.9049965753870115,-2.4778700129421254,-2.693331447515229,0.7332255759714619,0,Tier3
1.252055091558079,1.4852591224980303,0.9152457762870776,-1.557377744629775,-1.1010137055266074,-1.8171406806252945,-3.251455416674729,0.8276297999913564,0,Tier3
1.9330652257107903,-1.4457789761849922,-1.579400521465773,-0.31555249793581963,2.4699720066187942,-2.7158503935989673,-0.3012749835013806,-2.902239563205708,1,Tier3
-0.26603725114374654,1.2618137108989833,-0.7332825855496832,-0.8529449758920553,0.33424415045624145,1.9007512040388317,1.6296884665588545,2.2192777955346785,0,Tier2
-0.413817636054196,0.034446265132047627,-0.4057460366576908,-1.680034685756227,-1.560973001407655,0.3999568526434971,-0.6222078207649083,2.1391932981125525,0,Tier2
-1.1046309924184885,-0.9807372132399318,-2.1127405992798907,4.05136424223093,1.7223901234486136,1.263933338218733,5.255629240856629,0.08094335783451168,1,Tier2
-1.7990008402114075,0.27841834565597745,-1.5577948093726248,0.36072991176548985,-0.1869194361516069,-0.31817944284206834,1.168246230117573,1.9845048900585796,1,Tier1
1.10566072778317,1.6407244398614331,1.4286538249057696,-0.16788577726288323,0.9246853679685773,0.4600162095201785,-0.7380523548132852,-0.8181405430430493,0,Tier3
0.0254406820750314,0.5351855732696522,-0.12326040503179636,-0.5662136745865605,1.2257529934608984,-1.0584076101899904,-0.724389002195966,-0.9338175194552403,1,Tier2
0.9157398191575445,-0.5280163295054394,-0.945972428487016,-0.24256289719128132,0.010866749942493037,0.4127415037859796,0.9764923824938245,0.6720839906343776,0,Tier3
1.6608549116041296,1.4759671865496475,0.9215838837863235,-0.7446635073898715,-0.7098278530690993,-1.7994817193185453,-2.7221219702194124,0.4274480051424846,0,Tier3
-0.643084132454357,-1.0480660618037363,-2.1757299208935077,0.5048992350831532,-0.7477302042824414,0.9619104939871318,2.6262614340343546,2.4386603895743457,0,Tier2
-1.4863533019065733,3.4434452539487603,1.3042567254136597,-1.4695899291909778,2.1688478504053164,0.9088822383027542,-0.7421389140153103,-0.13437230785551701,0,Tier2
0.9240979409662279,-2.832650881771675,-5.059295734089099,2.2692678015746037,1.4987828569491128,2.2802621917084283,7.49806581852077,2.164130278760615,1,Tier3
1.8955024193925007,-1.0577723007126547,-0.7346607631952224,-0.02381370047828013,2.002918833390666,-2.4153764692270556,-0.7330781434870359,-2.9090127977824003,1,Tier3
-0.36081014917830184,-0.0634914043382846,-0.47365946333001996,-2.022178130014226,-1.7958657765265547,0.3879850767737165,-0.808720230799048,2.353991464068333,0,Tier2
-1.076931746256939,-1.569631680282399,-3.2197826964254728,1.469495046574838,2.245363699435468,0.3004709403755078,4.213308673713277,-0.058124532527675354,1,Tier2
0.47448269625052647,1.3035666296646293,-3.4721974439931023,-0.23115877366821058,2.4439613749654177,2.531306125291631,5.171687593926512,3.3289177641393586,0,Tier3
-2.105580831204928,-1.2960299653949643,-1.4890381735628313,0.23408491156270994,-1.1510821057695617,3.268502778589903,3.5816052610671614,2.6477640723227855,1,Tier1
-0.22556247838096438,0.7688520772169055,1.7403675790145603,-0.8643088101475741,0.3264074590717736,-1.7981227871039913,-3.1846742268106554,-2.083877800132729,1,Tier2
-0.003604518113449724,1.104182252494863,0.13743650218400838,0.2602464498562007,0.07289494492098125,0.429021158522072,0.33275576032377935,0.901307006354946,1,Tier2
1.081948177713248,1.3462190813948096,1.699031000064158,-0.9997547218483418,-0.13782698888397293,-1.1287709419173233,-2.843501300314067,-0.8506042609871254,1,Tier3
-0.08857025731884294,1.1461955874138359,0.7856857776473325,0.38244802941569267,-0.962464538886579,-1.9734385160714187,-2.1992479918466397,0.4554020564398489,0,Tier2
-0.0011495648046663729,-1.8667141729198713,-1.0531034049379837,1.2682084495332835,0.7122615972005579,-2.018252203053238,0.22645339228627148,-1.9109814792127762,1,Tier2
-3.1202495468984583,-0.6847613214130444,-1.841798317097457,-4.032281961599193,1.2621650479741677,0.13399180129911592,-0.1960417577539022,0.2222155870840925,0,Tier1
2.289746384473335,-1.132962654252398,1.057581315626839,0.5490931644321888,0.9281557762378776,4.1569168170936015,2.8293250538788968,-1.6657593966652886,1,Tier4
-1.780103237122918,-0.7654836397019751,-3.86767407283544,2.88542967305234,1.373195235319686,-0.626238427238115,4.5539211042354575,1.8738474476243612,1,Tier1
-1.4436185572670992,1.3478559755072557,1.3855693777933045,0.7877805553822153,0.28579416753944253,-1.1127451410412745,-1.5335904333226198,-0.9428769388132139,0,Tier2
-0.6469530541180206,-0.42164392899197534,0.1992750363292114,0.02434983628648002,1.0712847509018588,-2.2044855270578325,-1.551914800205191,-2.3648230030617485,1,Tier2
-0.8443312450806665,3.1261629224922998,1.9362368096080234,-1.5064742217692177,-1.096568684069248,1.323561949356471,-1.729747649554291,2.2312034491861765,1,Tier2
0.6190988310119043,-1.6061276954154056,-1.4601331514938758,-0.7049079077293539,-0.9417252476530444,1.9122618356261278,2.0958073568082494,1.6978191192953553,0,Tier3
-0.4298727342120928,-0.36852010751967357,-0.7911573725041277,-0.74269901442871,-1.8289307375539883,-1.3100583521691396,-1.1601915647039427,1.8755538892872405,0,Tier2
0.5548823050956851,4.497686327134899,3.8313091022123036,-2.775763906900207,-0.5334469134841627,-1.555604575027355,-6.035204769531769,-0.06865479021781185,0,Tier3
1.7888664942840682,0.8249918091665036,0.40508003938415227,-0.709522783209485,-1.2784772290280293,-1.1495709647335477,-1.9044569510897171,1.1720561143613466,0,Tier3
-1.0425125371315882,0.12220996880788915,-1.7573395751782583,-0.6520389331643297,1.5628253405665153,-0.29630730567798125,1.235185326330959,0.37203998862391785,1,Tier2
-0.9812987632552502,-1.7305382434585819,-2.2381375032986117,2.1107717909949337,0.08527808290919581,3.204978544952345,5.440673316940837,1.8140925515795403,1,Tier2
1.0973012889525897,-1.481250207370096,-1.4098994922329158,3.0036615117986285,-1.0175665677633963,4.272495139186285,5.7730193285082265,2.5697559081385966,1,Tier3
0.6744654244910979,-1.6247694180571444,-2.4828779046733027,1.5294835498262356,1.3558607148034802,1.8270195333466899,4.58952552031472,0.47934802955064926,1,Tier3
-0.33257312833496894,-0.5020287459905171,-1.5149418712396363,-0.34085431002855526,-0.02344291970040846,1.1051134996285474,1.904880295045233,1.5680611283158088,1,Tier2
0.12620050557729662,0.2168372199532953,1.324884106879615,-0.4022397663226791,1.0520573321007025,-2.119208672397515,-2.655667730126561,-2.949366414786585,1,Tier3
0.9404565783741969,-0.7600637387242297,-0.5765463593417799,1.2244335114278546,-0.10322198572716856,2.101073129209858,2.7059154759448365,0.7264475041321049,1,Tier3
-1.2034524246244487,2.8567979692433796,-0.3577934109323535,-0.4612228631293027,1.900631044441346,0.5734161427742284,0.8466718929663248,1.2599007113338927,0,Tier2
0.24521470470437323,0.45493661300467503,-1.5766671170161664,-0.21064698418027605,0.7157549104457781,-1.0569024839365384,0.5323570744717834,1.0422229584138956,1,Tier3
2.3599002133108433,0.43576735773893605,0.3452368901867185,-0.5638601861284604,-0.10609149148836083,-1.0863911355348865,-1.4403813508467427,-0.23335376202401925,1,Tier4
0.010704326716246944,3.319859269521638,2.7839239740803468,1.6725061678658646,1.0390266546205735,-2.062402486444041,-2.811358026416922,-1.7483723613693654,0,Tier2
1.9660342824646067,1.7069734175714122,0.9211041286617825,-1.2862352328516569,0.17374805939880034,-0.5721767787748921,-1.8745585132315954,0.18556242225101371,0,Tier4
1.5274092087643527,0.9634591584522317,1.6088524370001178,-0.30104159358336335,-0.23661207440597676,-1.0597519447626915,-2.3612972591643704,-0.9827820347407971,1,Tier3
0.6947049704670458,-0.1887306227364728,-3.8244687614283794,-0.2978530602961331,2.710387071563537,-2.4201954517542843,1.7837851978544563,0.4765900560223424,1,Tier3
0.8044109709235767,-1.310701542223223,-0.2399234200425423,-1.0457626438070906,-0.40860760225755133,3.723286545347296,2.40884829765729,0.7416791885544002,1,Tier3
-0.4043653256803252,2.2255064270624576,0.29313049207739406,0.6779148824933201,0.608455172345407,0.638436825701658,0.6765649713987197,1.2722848026919868,0,Tier2
-0.7773887684381586,-0.40320973964987417,1.8553822952678207,0.04085445078113281,0.20852581276137294,-2.7841096348280985,-3.5404469462227524,-3.470208594289761,1,Tier2
1.213008142942167,2.966847300267456,1.0346781329415793,-2.4337652357877944,1.4103052892484997,-0.3810066565698397,-2.1719744153709444,0.05323077993410008,1,Tier3
0.12892331254997774,-0.3213322686285125,-2.9163707182868963,-0.01785475667925107,1.501037328908113,-0.3212595181872324,2.4959240978315345,1.2618986128757874,1,Tier3
-0.6226729773168778,0.14392441030733805,1.2181499100628206,-1.8889144192047254,-0.8564750151880118,-0.6701185643259993,-2.704966807655724,-0.5397018391013308,0,Tier2
0.07152204427778032,0.8412638910012269,-1.086814298930705,-0.09397584935803982,1.4867687634665148,0.47167021912172846,1.52260423676528,0.6161919567442014,0,Tier2
-0.17202404701473895,2.003609285424004,2.1245391027963616,1.586555443285774,-1.7466657808121295,-1.5169976658801407,-2.5260630592373308,0.6873690648506466,0,Tier2
-0.09401224410092489,0.9995824517613896,-1.1609989804323,-0.9699279212505245,0.9868296862099738,2.954812361688427,2.8789579104654544,2.15910212247187,0,Tier2
1.4445480754794222,-1.5615166446502728,-2.3098174666331364,-1.954503026497694,-1.1818475154421635,-0.6978058644825006,0.096658685711136,2.027014731750529,0,Tier3
-1.0948903856770922,0.9813738974167496,0.13759017080850955,0.3567890608224076,0.5038271779816448,-2.0923582740131046,-1.4199506465522693,-0.4672141251640012,0,Tier2
0.29881422490814685,1.3141272691425983,1.0169420241428466,0.4613280648564435,-0.2345413538372032,-0.4597871415752104,-1.032448647212482,0.14950943082434065,0,Tier3
0.14942137069267467,0.04130417284395027,-3.2242642467393314,0.313208245164871,0.4428079767393096,2.936512998146013,5.126341524803184,4.023632084058826,0,Tier3
-0.2489711584511615,-0.4260460419374935,-2.0798112894685046,0.5104442492549691,1.6885690749269622,-0.8199950021363722,1.7608825114417332,-0.08008453467697363,1,Tier2
2.0318814020301676,1.045784085468989,-1.7612917091397162,-2.5702897073732385,2.664843844528784,-1.5082710514158475,-0.45625079928414225,-0.25916316499837533,1,Tier4
-0.12951692306300036,-0.783720647958779,-1.428937920169603,-2.081432371266387,-1.1352429028775322,0.7152152558315734,0.3674785944574699,2.201258495175438,0,Tier2
0.26294077876109573,2.707476269443405,1.5907252680234378,-2.629851792690757,1.3136562314134272,-1.484289456292296,-3.5798866362063158,-1.041423078552206,0,Tier3
0.17778455640450103,1.7185053955970222,1.532997572391986,-1.2707555368676429,-1.8349207754016488,-0.7835936449094522,-3.003955702190435,1.4301050463684857,0,Tier3
-1.5473356864655803,-1.2889510494650644,-5.807396838983188,0.2549564076816089,1.3797407575550773,-0.8351644867177246,4.612837544412848,3.437872511318411,1,Tier2
-0.031991096536398415,1.4578905992000522,1.0951864011687817,0.5199440459780247,-1.1525470057329592,-2.7734439344784585,-3.040384297345632,0.3190026810661857,0,Tier2
-1.1247465308643787,3.395758983448148,0.34602536860166055,-0.5168092572963994,0.6784575663319029,2.9477879494190264,1.733696639042766,2.967458309220944,0,Tier2
-0.6025838131807076,-3.026999295138431,-3.5927040306463214,2.7046825392807055,1.959961803711253,3.928759034769246,7.89358565664911,0.5170483793570465,1,Tier2
0.7373477600580713,0.9426914185312425,0.24924477468083694,1.5862544361824047,0.6217478249627553,-1.9971259398882446,-0.7624850877640533,-0.7186813605142786,0,Tier3
0.03922723036183155,3.242549239187989,2.9360955637717963,-0.3463885908765013,-1.479127707843489,-2.341881789424513,-4.806224768525059,0.40687855924585525,0,Tier2
0.6204598024623365,-0.40622485284620513,-0.6554271144234662,1.6481123722541744,-1.1038141780169846,-0.9750630658148184,0.41489910353872017,1.073128728038741,0,Tier3
-0.05578622690702294,3.115816846269285,1.4974515624215083,-4.369824372332446,2.57737979730511,-2.2573564857724353,-4.717686632395064,-2.048243939314778,1,Tier2
0.4345363395234831,0.2378510501601523,-0.31623144919695845,-1.5594509093432392,-1.2078752445977483,-0.5119032307305303,-1.244857625634757,1.5751740197371633,0,Tier3
-0.492276373398045,-0.023664506202616176,-0.43960060037949744,-1.0716865779361102,-1.4825564026885547,-0.9224490450594023,-1.2553754017594163,1.6006793742513288,0,Tier2
1.0643735818970168,1.2690754367547536,0.5993809136131061,0.9264108987590123,0.271821385977711,-1.7259814098293718,-1.283791588506574,-0.3642243715255866,0,Tier3
0.6754472964345897,2.6304951925179214,0.2180373418419872,-2.658848793136112,1.4936191704664377,-0.18257874553150977,-1.4429598098636431,0.615053081950844,1,Tier3
0.1986435513874016,-3.2185158285205677,-3.00508073105797,3.5656175721841703,2.875220175534471,3.7636349252722576,7.965281109339726,-1.2385620482613864,1,Tier3
0.3560225035862777,1.2438488470505,-0.9502464281983938,-2.01801098044634,2.0814787758829905,-0.9014857243154709,-0.5131120071772552,-0.1862900139108442,1,Tier3
-0.035662653621835405,-0.881681089089025,-1.8112608578599971,-1.9203762121714072,-0.5051621628237821,-0.22947607145141768,0.20181981383455533,1.592691024414217,0,Tier2
0.28183150156650727,-1.5439456273194594,-2.7629545746809905,-2.3014130284529353,3.5838664315334503,-4.324914873510277,-1.3310766795853222,-3.3219227394516073,1,Tier3
0.36539078436214323,0.9398374278845824,-2.3056276983030575,-1.2187462190589518,1.417637098352761,3.201118776879791,3.9736156421161457,2.9942807557629587,0,Tier3
1.4033611573730884,0.13653352839479127,0.6988752788243059,-1.7920325591999857,0.3878101621544703,-1.1108353303091545,-2.2677250041746024,-1.3522209935721894,0,Tier3
0.5722653729016526,0.4514769451853432,-1.3907835813550353,-1.507117124641797,2.863801014641707,-0.9944735523057336,0.25574248278934064,-1.2183021670618857,1,Tier3
1.2522006555545784,-0.9715911083100567,-2.742859024597841,1.7727740680223811,1.9544188452661757,0.34568959898747176,3.9300082369282894,0.25792743863522083,1,Tier3
0.6002250417454383,1.3779902786130704,-3.800379595893535,0.9582907663018361,2.074501965986201,4.192571018492732,7.234076161111048,4.644212348431422,0,Tier3
-0.024023127365470052,-4.013837576454955,-8.580011474641314,3.1975266044294273,2.8572824018414074,1.6803023837997821,10.767458909648862,3.344308290492854,1,Tier2
0.6461510893561248,-0.6758214041448178,0.975060350811241,0.18635162498611013,0.9931904801343214,-3.0140184951747466,-2.7240427097650803,-3.614423707508682,1,Tier3
-0.5060102892035697,-1.7038104680017705,-1.0607104520159507,0.1500954830422716,1.476932521719772,-2.6438931267041426,-0.6532185765358993,-2.698796602860713,1,Tier2
1.3755683911973327,-0.44088086147374317,1.7387455460793895,-0.5615468460961279,-2.023556799902007,-1.2129959804246515,-3.1016445306123384,-0.6730028743008107,0,Tier3
-0.3251592339758745,1.3161586840560633,-3.1907550203966375,-3.77700112827745,4.735509231681727,-1.2541751430307007,0.7520338582176933,-0.41191439412703557,1,Tier2
1.244147403639742,-1.1477778179342395,-1.1529261741485053,1.1118565341887037,2.507843341353662,1.1334555590441235,3.0170304468253226,-1.8680276181705118,1,Tier3
-0.19785795186096838,2.2070182067053103,-1.6912135089046219,-4.535937119614404,4.437002459778433,-2.2730041369151888,-1.7425246691476781,-1.2629291168011618,1,Tier2
0.4493766390248095,0.16975803231706654,-0.3862049916561072,-3.226402423929721,-1.4747480361850012,0.41607914577192906,-1.4238320257681603,2.177818514617136,0,Tier3
-1.9045245195686462,2.073716289685956,2.727887466090303,-1.8538002624748526,0.7744869499568846,-1.5695020656749756,-4.273080456251025,-2.330968205040868,1,Tier1
0.3102185252548131,0.9087821877745781,0.6712488447131644,-1.013888163424436,-1.715686343139623,-0.31550026135637055,-1.75689130960812,1.6690424924754184,0,Tier3
1.3797500638776827,-1.7632328318804174,-3.997400898679947,2.7950673811174727,2.8700454631153836,0.7932849890368732,6.074041618580451,0.1403356743679094,1,Tier3
-0.70616220682207,1.5488863954606928,0.819803162117398,-2.3894277220219564,-0.16872745790184274,0.3124349029669804,-1.779145837540991,0.7945256484901848,0,Tier2
1.2145474420049598,-1.1452657577000704,0.9769761185369529,0.8444606237814223,0.8326422263245018,3.3604141945137442,2.4251106103658526,-1.7655707450601725,1,Tier3
-0.9948042414019207,1.2287466753991623,0.49783216248906914,-1.247670776982206,-0.13358301776916137,-1.2596023985299012,-2.087364697970169,0.28444249165905977,0,Tier2
-0.049173784270552794,1.8829500193775712,3.0358380868212738,-0.06670070378713655,-1.156676594358772,0.16797064592620004,-2.720742731360131,-0.38970444638398816,1,Tier2
0.46280645918185465,-0.8437392059657685,0.008972826010497509,-1.0884506926167001,-0.13318257922894117,-1.0556196788123784,-1.3853619148057998,-0.966441719815728,0,Tier3
1.3269940334879096,-0.8606769967734555,-2.9787727992472,2.838335189326119,0.48194621247099434,0.6418721550369567,4.554707595632902,2.1303709082647075,1,Tier3
0.1705878131532736,-1.4800781361843987,-2.4566967776838466,-1.2638058227439073,-0.4612473110961054,-1.63112671639972,0.042108410887726766,1.2352420931315622,0,Tier3
-0.5074351128366975,0.04737223152687553,-3.3316158371269147,-2.0557325386126557,2.371171266114918,2.6980825821534333,4.244216564045946,2.2118496552010383,0,Tier2
1.2135529453935023,1.156074488924721,0.7519136112687373,-0.35594555320056775,-0.7748410355594054,-0.2406849901454029,-1.203816894276694,0.9018802015372385,0,Tier3
-0.8799683576065088,1.7669774166064853,1.2502270125012525,-1.513539506450015,-0.6286504876953004,-0.9142537450034488,-2.714655566984598,0.5584642717168844,0,Tier2
-0.018306624706789416,0.6598024746404805,0.015164302048075784,0.5597038408388504,-0.3769179046326844,-2.2158104411889665,-1.5059241523977334,0.19378617763696349,0,Tier2
-0.9874439340698364,0.8541709688418169,-2.7988895374438223,0.45874041780313146,2.0072712331995723,-3.120328342945725,0.6147828267407813,0.7497966111552079,1,Tier2
-0.06843836882482655,1.0926342544613812,1.501628539467661,-0.8123387161317828,0.9505479692575345,-1.555534630843066,-2.6403282393709375,-2.0700201632188917,1,Tier2
0.12306236652628441,2.1840688280605907,-0.8904124261267634,-3.713070846017144,2.568259176885292,-1.160395266910912,-1.5640289116374393,0.04320279793663939,1,Tier3
-0.5775570245230115,2.7923857370157794,-1.1153698277665705,-0.3356468801274426,1.6563636878644186,0.6714577772712991,1.549761256774138,2.2818541816064144,0,Tier2
-0.7919527600131321,1.8669046622821086,3.227154440423784,-0.4497147267405254,-0.546145053404568,-0.7414412971398486,-3.6218518853411856,-1.5015798032382648,1,Tier2
0.059574110980515994,1.1595055751469039,0.9666777990669225,-0.43482098008979486,-0.015883206309016407,-1.2277112915176849,-1.9880665932045467,-0.391891117457724,0,Tier2
1.7462922006600914,1.3038014415026042,-0.1334262238606685,-0.009140132725783179,0.49562089450895774,1.6592903360827784,1.438177820133792,1.3677909879424348,0,Tier3
0.7319427134575307,1.695864544824323,1.2290976571592631,-2.9101583612976274,-1.077896979491801,1.3017594823386691,-1.858918864613659,1.708982595619276,0,Tier3
1.298344096105355,-4.306895524959073,-7.977168725502548,3.0635990966448547,4.175446726318015,1.5893770973426125,10.458011250769097,1.1257738851262244,1,Tier3
-0.0065804533130177445,-0.4855814528356346,0.9152900282177108,1.1481227876445494,-0.7623390425198706,-0.8991872746469027,-0.990186884411456,-0.9781728891739618,1,Tier2
0.848970296135283,0.5293832534464746,0.9016357537750977,-0.30443271407251205,0.41505801058934844,-1.1388314322316755,-1.6770278306041875,-1.2737308435509436,1,Tier3
-0.607147676627312,1.9469987021788162,1.5278597385959785,2.986539877414346,0.8014147479729574,-2.128505094398178,-1.157534942947529,-1.4296077756870749,0,Tier2
0.5156628049375553,1.417042820510476,-2.52493641696486,-1.9496836278637915,1.8040667644686743,0.7181538786368518,1.9643922710413961,2.4586480192749223,1,Tier3
1.1764015364136864,1.4489388081004835,0.9564391099658252,-0.9945507850935792,-1.3448438863719707,-2.0646608391606103,-3.233047463640748,0.9002679213163763,0,Tier3
0.287435751696084,1.109693865975609,0.8662784477056289,-1.7525974900265329,-2.0673014224230863,-0.6924306451045713,-2.680375795106542,1.8651396841017691,0,Tier3
-0.3776228215973046,2.40036964886322,1.8945751001325992,-1.3727212460493172,0.05880148959046405,0.19310238742825114,-2.184419948783736,0.127724888774283,1,Tier2
0.7754095344039733,2.772281008036935,2.4794810119961195,-0.9330196273268785,-0.2236220041636544,0.3949135198727811,-2.356450540947336,0.16983355272631728,0,Tier3
-0.7866299715542499,-0.14462506491140026,-1.6759815270570773,0.02606752933441081,1.094655028386526,0.9291366548005251,2.3509073821431223,0.9041796132947635,0,Tier2
0.9456606628205836,2.8933868853624287,2.5256962311118043,-1.6562606988042052,0.7483550771697718,-1.2495720337164529,-3.793268550342453,-1.2580306140188546,0,Tier3
2.043042243470318,0.7046825647131099,-2.170114962018367,-2.8702681400994456,1.2583314840652315,2.0229191447788386,2.07051405233791,2.4239422542157234,0,Tier4
-1.248356477711689,-0.5664623857154738,-1.2224598298341045,-1.4712875457502814,1.6045646803595361,-2.595729054388366,-1.3432503091200438,-1.6061002850559416,1,Tier2
1.2856924464791224,2.2905212489126034,1.7876757220827915,-0.6098702612814423,-0.752622078516912,-1.624920090605757,-3.261782408507835,0.322602358807649,0,Tier3
-0.3104110382599766,1.4678564941765906,0.6632632645169177,-0.8284516809326898,-0.9332231150452848,-0.7360196107773365,-1.802645090415201,1.2686681998304667,1,Tier2
0.7023857243546086,2.4000968690908735,2.3672211869158004,-2.5852978168052596,-2.9717235222146168,-0.867414941752046,-4.732185524682296,2.2393626134786087,0,Tier3
-1.2971955754332818,-0.8082527188768054,-1.9525147385483659,-1.8660342390443798,0.619728980231591,2.0061327212526416,2.304001488291719,1.454250473932964,0,Tier2
-0.33921311906995527,-0.5959334061284915,-2.4009312507774427,1.2031859563896208,0.893331241566245,-0.06002390411423564,2.7797804476348116,1.1323724408291769,1,Tier2
0.9087614801144298,0.8346287472673938,1.3015518271462259,-0.7414013630615222,0.5543234638214816,-1.6315373400499569,-2.583270405053332,-1.7247896744459061,1,Tier3
-0.8186210871641832,1.0146655399337083,0.10708077318748457,-2.635475717255473,-0.3449605717215549,-0.18046964287418987,-1.7251743581135248,1.0932729702252726,0,Tier2
-1.8177453874985223,1.020583624439048,-2.74922351809602,0.5579060909986893,1.1177828142230348,1.6838257099642635,4.048430854987846,3.307341653539052,0,Tier1
-1.9196755003382913,1.5053226698997433,1.639870170366346,1.87213953341465,-0.6084010997869571,-0.14374347377056207,-0.6538474149587215,0.10634166508116505,0,Tier1
-0.5470738565215975,1.8986251483220415,1.5182057790705703,0.6225388732656258,-0.8704135229965618,-3.2606788461817957,-3.6475284421878307,-0.18037486318647278,0,Tier2
0.30628765064639657,0.6333035493404691,-0.18612826283635653,0.13545787783011565,-1.8940909324732265,0.11727250956028878,-0.15755751929509088,2.645381755340166,1,Tier3
1.1823501319889367,-0.4873292167079746,-5.344807499042781,1.309172627168698,2.680917899949515,-2.672585173516893,3.6827581043648325,1.7627295214127845,1,Tier3
-1.1259776634723684,-0.050610816214748944,-2.774936133434571,0.9492477147209254,2.9596441457843348,-2.6658979286937954,1.4520164143625216,-0.8621157985843713,1,Tier2
1.208658108376434,1.4140364749191674,-4.415365009016056,-4.004925148198072,4.040385071884466,-0.5290478773737268,2.0132318427540428,1.9055111855291242,1,Tier3
-1.4204972858182259,-1.0547319112591558,-1.6818205779147397,1.9541810269485924,1.0896299940381708,1.3505092151545486,3.717009753314629,0.22514653408641327,1,Tier2
0.8646627678606656,-1.9548397811907274,-5.329588657059316,1.4676787295036284,1.5441181727029964,0.6105806959080016,6.015763606840391,2.6422299304425243,1,Tier3
-0.8746803013392757,1.8905064979791941,1.8968654601283568,1.0469773669162867,0.6544063828507373,-1.2589984154905953,-1.8547488745004885,-1.4190268528092913,0,Tier2
0.5751351036511284,0.2666011938943337,0.723368538916958,-0.11635697398881506,1.2224452339911225,-0.8956233436214982,-1.0482018573307121,-2.02508067649743,1,Tier3
0.9216763194775675,1.6122294782415858,-0.2695929659684173,-1.5065185893984525,2.330245081510805,-0.003905304077342464,-0.07226364649674055,-0.537266677359223,0,Tier3
-0.4719921726233347,2.542061020631166,-0.8304385196557327,-1.7172789487784323,0.5854537742331196,1.6528916205459372,1.0862170150774915,3.1419311265678838,1,Tier2
-1.5670465728060061,1.97608013175355,1.7695545294792252,-1.1257334051843035,-1.0650598373613032,0.9003363044360386,-1.6705142086240927,1.2130087453624383,0,Tier2
-1.0261763079634616,0.15952039578404142,0.3104615066626297,0.7642429561135363,-1.0310659420725723,2.0669639172893763,1.4643088499652157,1.4931674190472342,1,Tier2
0.8303669550428232,1.8898073266065905,1.3343164799556302,-0.7729909949230637,-0.19781597896303338,-0.48105285566984024,-1.966781223624125,0.2927011912844608,0,Tier3
0.5285450937889634,1.0912673782899693,0.6392498970790219,-2.393991568691087,-1.1021486424968951,0.7940667776542059,-1.4769034152403142,1.651855770675795,0,Tier3
-0.1696798284682546,0.21316300525223897,0.06403018043827768,0.7762644179080989,-1.4149688711493411,-1.2075514209776121,-0.9009921054976637,1.0900926358916345,0,Tier2
-0.18863466385217598,0.8656591285746381,0.2596519126692205,-1.4828460968836388,-1.1646747748226702,-1.814960774220484,-2.6709986251242577,1.0405527285652172,0,Tier2
1.3494466825380171,2.082312177987639,-2.8682577085486898,-0.03829840854650568,1.5378312077216991,3.4523258519506186,5.238029446200931,4.561845091942694,0,Tier3
2.4516986759010893,0.701167509713275,-2.2053403710532575,0.23842909307465954,2.1036895559261177,-3.0597229834575073,0.08755605882427542,-0.09172069710229591,1,Tier4
0.7098259885272638,1.0514234198590406,0.01678664785738304,-2.772348097054251,0.6185362567838755,0.6479149288251094,-0.8682916995191395,0.5597500819539076,0,Tier3
0.8797386742198852,1.7434095200144686,0.5231227604495271,-1.7751803549346954,0.3680374501418522,0.3934795807230378,-1.0305352537805725,0.7805313673029657,0,Tier3
-0.2320626885980007,0.2640246873542855,-1.913497704270803,1.2178645883667185,0.03866291375081787,-1.0199822564942602,1.432579170632685,1.8886411497685427,1,Tier2
-1.0137331535651615,2.9894753288514435,-1.2515601498446665,-3.6298116862369305,2.652273982775546,1.6449863185013913,0.8944672524104331,1.9933961819099761,0,Tier2
0.4452323628985012,0.0717435838645265,-1.8621221791612395,-1.090527198867082,2.172099740198206,-1.076895986463316,0.6450488945029851,-0.4091765345151729,1,Tier3
0.861166235982181,0.3602059914547666,-0.019087312633318643,0.5607289102532469,-1.5417437044413083,1.6192248641153144,1.1596461272012095,2.375090601432186,0,Tier3
-0.24144306041634547,2.395647635874724,3.65341892403223,-0.923901118400897,-0.288029009612669,-0.6692484891289142,-4.120066173063769,-1.710200793610882,0,Tier2
0.6063001833470958,-1.997706665050032,-1.5123794692218486,-0.8680796425477845,-0.6170884561377181,0.8454572090850886,1.3338930235099191,0.7369784797546325,0,Tier3
0.5547233026509205,-0.7945641707739641,2.7494664226559675,2.5401615962734994,-1.2554999936105724,-0.9377199526753662,-1.8921512696718334,-2.761182065693676,1,Tier3
0.2788684195580776,-0.9362158054077976,-2.2591761070339222,1.5961818428031402,1.0413124027546137,1.471767935222113,4.076766996360832,1.039086923399511,1,Tier3
0.810893025754504,-0.808639236743754,-3.657460487569403,2.7134944852667564,1.1746337411995,-0.16113993184778508,4.59811072896843,1.9610882648005266,1,Tier3
0.9784597999849344,1.5822275619960535,1.3273542976642891,0.5842052717075761,-1.3505798282988637,-3.452028248360942,-3.7610311977862425,0.1479879605971297,0,Tier3
-0.3716610336843118,2.0175367105592903,-1.032214756768126,-2.4476195999900643,1.315490537153372,0.2580961426087256,-0.00013695413462144757,1.7252741905106648,1,Tier2
-0.028681658637313222,1.953013797142856,-0.1004167364765014,-0.07532250047506617,1.6117631544247206,1.027329264247857,1.1428144717680204,0.6108605837026108,0,Tier2
0.35441226171086265,2.5758334151888587,0.9378082288631804,-0.7213289137040323,-0.13933224025587432,1.5043745990399997,-0.11941118221928526,1.9275098855802377,1,Tier3
0.2816017539623824,-1.99234326493228,-3.217743076681876,-1.4260786769030518,-0.684562948058369,1.908224670670008,3.221699225683686,2.9902257686658116,0,Tier3
1.474971431581151,-1.6117486422456726,-5.6064538147554845,2.137525673569235,2.0630019271283997,-0.6183768713386615,5.776447608736014,2.320271590960741,1,Tier3
0.8950868360643341,3.3268147024096075,-0.7207754764883616,-0.4296325229393996,2.639216527249707,2.4989812858114204,2.7790592098030817,1.9843152304419582,0,Tier3
0.9873207116256772,1.2034809916725524,2.7906021807150587,-2.3431039527910427,-2.9757147538341893,1.6602059920451613,-2.9999492051704397,1.566142329088315,1,Tier3
-0.11898119144995098,-2.523864844708563,-3.6677353252343226,1.6411098934773756,2.1311869272534913,2.322112790244747,6.203145381500661,0.3552308374852262,1,Tier2
1.4601059062478023,-0.07842691482317932,0.4152899057184116,-1.7796587080789683,2.0575242584378426,-3.6880692620730575,-3.5780851188251077,-3.7248337110658443,1,Tier3
-0.451236745566911,-0.4290101352347271,-1.2427173102517095,1.801456995838254,-0.4240341984972076,1.8705015521808939,3.2926950406548556,1.9617239068399672,1,Tier2
1.3438214295481254,1.0564992548597685,0.36441199021140747,-0.8950819643667596,-0.1640745685319216,-0.3647236008894579,-1.116899386657309,0.5972339272175833,1,Tier3
0.47796997759923515,2.2604076344682844,2.1811775112016476,-1.8464319915524774,-2.3438882440553632,0.09461126787056195,-3.309088695580336,2.0130801914417686,0,Tier3
0.9880493146133418,1.5297779909269633,-1.4592243228888275,-2.98262048869469,2.0894907317989033,2.045660278939941,1.6198493553277817,1.5945261381017497,0,Tier3
-0.26164355290069913,1.501038663357234,0.3008014895326063,-2.9576194856216924,2.4165384973846606,0.2604901078520584,-1.0779492366782248,-1.2248606463501508,0,Tier2
-0.1320396864822392,-1.682113685121205,-5.773277337544886,3.6057050603411693,1.4593014767615047,-0.0038094018250940387,7.009890492831918,3.2118810007266805,1,Tier2
-1.0176392518337791,-0.1408434546364794,-0.5062006738903169,-1.2783944193642365,1.2619912329315106,-1.334381943289078,-0.9660087563337949,-1.2430341688594528,0,Tier2
0.07245312981093784,-1.3123870093156302,-1.882018087373893,-1.0215612616223855,2.976060114495124,-3.422878329688007,-0.8451869923618021,-3.180623986947298,1,Tier2
0.6457349470842716,-0.44353322487396496,-2.3349545068633266,-2.1358839707124107,1.7375170198987715,1.1479196920264036,2.078593744316077,0.8145571204396223,0,Tier3
-0.28160380343382274,-0.37345045342156036,-1.3590071444391105,0.04724142522327135,0.042515252818948635,0.8693783724984375,1.8149954336703242,1.3682372911688319,0,Tier2
1.183535444768603,0.7135698860405972,-0.927767518288549,-1.9362104771334718,1.2590997829592672,1.2064807588070183,0.9291490153040708,0.8207713250274795,0,Tier3
-0.36994417856372275,-1.3030087391192444,-3.9822775542938267,2.0330774469351685,0.16863189968244185,0.8068171866226215,5.014567688412546,3.1803750463654556,1,Tier2
-0.9972512344570928,1.9977557336011165,-0.48750123265598233,1.6573033159188402,1.499072188219533,0.8413001618327215,2.2021433200766736,1.0920278698273778,0,Tier2
1.502194217148193,0.8613843313381272,0.17461828207443297,-0.142008849848702,-0.4817332549785328,-3.0285626661482574,-2.6523283412668377,0.042544292207977286,0,Tier3
-0.4589573337942803,1.348586436336549,-0.7905480750770939,-0.7745094171421302,1.3330321351377337,0.711758323060423,1.0518864078822738,0.9873829640789351,1,Tier2
0.23105805323198284,0.7075735857854925,0.12941201012494685,-2.2896452936678657,-0.2724251569513989,1.8370204462200075,-0.006582568366170105,1.3926492850059566,0,Tier3
1.2870681783811726,1.3107516340070344,1.3063205618690317,-1.7457287827616186,1.6832679772200572,-2.17759326392148,-3.276027596995725,-2.5780267793598624,1,Tier3
2.2082504289968408,-1.0049397621541893,-4.40433679191213,0.782446227600407,1.3330231998466857,-1.4341389990807092,3.2710302308648878,2.030399510613581,1,Tier4
-1.076939252665135,2.6975708756093075,2.6420631054817374,-0.8581445168381292,-1.6675428326937023,-0.8108517307794845,-3.703813660851445,0.9362145796317733,0,Tier2
-0.23219199489833087,1.5600288558857944,-2.3377770371311977,-2.762812114698492,2.1060727531564876,0.12422716083572438,1.0009164710315561,1.9031095433338652,1,Tier2
-0.5791240421355486,-2.140718102974697,-4.894723310657993,3.5263174028896898,3.431038945502886,0.43560254762877304,7.066064731417205,0.09000533724827497,1,Tier2
-0.5583904374523014,-2.0884854044468724,-6.9400009522665655,3.4927702658686335,4.857252432111627,-1.7721433120228784,7.384107942748537,0.19839954794183523,1,Tier2
-1.0101667196162418,0.25518069993306947,-0.9640774241567277,-1.6825515309665078,-0.44870900494876653,0.035328664485425154,-0.18622067353679966,1.7260471425306083,1,Tier2
3.1488966450468734,2.0995055615864926,0.043654350849937185,-3.854003078471478,3.3328714378816233,-2.29417538153098,-3.0755272112170817,-2.151089083694714,1,Tier4
1.7240207155655047,4.993272046664702,0.3430805916516144,-0.18319541248847793,2.811550860114777,2.25119031072667,1.84146084632531,2.072514416121436,0,Tier3
1.63364099040358,0.5302522771107495,0.2758180653376019,-1.752810137709802,-2.210444271003511,-0.5691010061737374,-2.1208478580228,2.1627270895254984,0,Tier3
-0.956623632107696,-2.9637236701023566,-3.414726937926962,2.871055463640297,1.7762249112412922,4.121717750316463,7.936334313309048,0.6243049954002788,1,Tier2
-0.813454723728982,2.854451644196816,2.7203169338540376,-1.0026222403781202,-2.0734182988586047,-2.3746979622888773,-5.1295178483928545,0.8695103902695465,0,Tier2
1.8164205713614432,-1.3094764520279896,-1.8039878196240178,-0.3193450188481899,0.8262862815857599,1.9792959167519784,3.041331135983593,0.6222073855523091,1,Tier3
1.3769771255488261,1.0444183459980438,0.5668495566776626,1.262669242941806,-0.21556475759028904,-3.0652277181890124,-2.2033269525582067,-0.5025696880804791,0,Tier3
1.2367718895022066,-2.058980147842271,-3.377653665881731,1.5571656805023415,2.598113401524427,1.110941689919677,5.101240200798253,-0.39924161121694546,1,Tier3
0.07667120561471819,1.1384738634057867,-2.962693455799255,-3.414746940872071,3.2857053680570694,1.639842943952236,2.609346181870084,1.5580750055006676,0,Tier2
0.906436867932051,0.7520978646075314,-1.5509685641675874,-2.4613596684393055,2.566466561752365,-1.5606546909502557,-0.6246216352426122,-0.6673329283000087,1,Tier3
-1.6038669547973994,-0.19976208350537705,-3.057208412506582,-2.046800001576712,1.8467480912813037,1.8345754982123135,3.2538539314923494,1.923548006144419,0,Tier2
0.1285589213693865,-1.2408360212952965,-1.535222144161033,-1.0671138510094407,-2.7382539174606872,-2.1931133100301716,-1.581073946538952,2.493952432725817,0,Tier3
-1.8957461434125769,-2.1288969284257657,0.3458545064351497,-3.1345420345168566,-1.1257548828121302,-0.5999354486815724,-2.58864087165251,-1.3234548999120763,0,Tier1
-1.2095088408167478,0.3616803417375566,-0.3651740233725833,-3.6224155544018477,-1.450847900736181,0.4208739108929136,-1.6461551329765005,2.308576642730009,0,Tier2
-1.3245730745368822,-3.4591591649439293,-7.254743227359864,2.7726763327002777,-0.09738065041834609,2.646725268601198,9.473990660390333,5.627420953523162,1,Tier2
0.8346231822478283,2.158693597609399,1.5854321537515352,-0.9656206891401216,0.05175948177807854,0.2482866869185152,-1.669963142323735,0.26415369589877535,1,Tier3
0.9266967343836623,0.944615762111,0.2120521624172113,-1.603952859775685,-0.3708372212795328,-1.2382942308883158,-2.072953751416629,0.5804394224071749,0,Tier3
0.27545109836331394,-0.08982953123282345,-0.8516006309446917,-2.4519836963311574,-1.411816268836034,-1.3967011342209825,-1.985918032493622,1.7719806720227753,0,Tier3
0.17352802613449572,0.06189161165008117,-1.8099561879863177,-1.1708378778933732,2.358966643381861,-1.4229661110451675,0.3427630052822974,-0.7699869173708467,1,Tier3
-1.5630189012964497,2.256624463753351,-2.8976762706164974,-0.6326287027337834,3.2607655438414964,3.14272471671472,5.118649709734892,2.971865982419339,0,Tier2
-1.564894919035778,1.6663670998169553,0.4931521095974942,-1.6107068057968092,1.7607229974600287,0.07044635954004219,-0.8307999591132222,-0.723219659731172,0,Tier2
0.5338200702519021,0.5878711026998138,2.3486655393770897,0.022702789869740725,-0.8534495123161476,2.5727607967831494,-0.1788604921561988,-0.3018189242411815,1,Tier3
-1.4387297499463698,2.3374977624568976,0.964357175833956,-1.114219065613801,2.179163265381073,-0.9153275122850706,-1.6222538269917055,-1.3729169671660575,0,Tier2
-1.1057054754195994,-0.9021974363718432,0.5322538496165664,-1.4981971684665658,0.01081232145114397,0.31543136634370594,-0.954069582465476,-1.2575819070351937,0,Tier2
0.23016620357939316,1.0555769720911548,2.016927610937385,0.41571622137784825,-0.5052261362650285,-0.339178822749131,-1.8381704273466288,-0.8442289451547762,1,Tier3
-2.6482371713466084,-0.575344044784414,-0.9668563938922008,1.28145025885659,-0.8264995078873459,-0.9949095057605283,0.5323270947567474,0.9832388360996824,0,Tier1
0.8641143920499731,0.9005995933013101,-1.248003337983094,1.2502039375355523,0.9965802753683006,0.3921130469149635,2.1833978408439463,1.2769265786224602,0,Tier3
1.4588832873162534,2.249529442467157,3.1026093194345417,-0.46159220788176714,-0.5878971781136559,-0.5925809684934227,-3.43543150021956,-0.9386058321229238,1,Tier3
-0.09994740187442086,1.86886579727345,-0.8394308264965524,-2.3358433958098,2.6524039924827347,-0.539087764153058,-0.38022306051332855,-0.18272498402077852,1,Tier2
-0.47007371980795604,-0.4834201929621761,-3.9359299974686106,1.4100442210651447,2.0430758484734666,-1.8587309499377387,3.049848308133481,1.151537693917743,1,Tier2
0.09899805762479688,1.2989800604074615,1.0632986139130756,-2.3276856473785337,-2.297910584085318,-0.048964015875793576,-2.7174071171757608,2.268008689914097,0,Tier2
0.029508591268061803,0.018649766415850033,-2.1853878788108916,1.1255286901556232,1.5008531188737888,-0.7165480171866958,2.190902093445724,0.6375704593742196,1,Tier2
0.7453589747902679,0.4194395672206497,-0.6081094261518791,-2.9222821827216228,-0.14701145256145387,-0.27815653291549114,-1.300515524864986,1.1074636753070137,0,Tier3
1.7067523547241472,-2.021304930149846,-6.405421570463096,-2.159033121884313,4.701272480900197,-3.175921369267282,2.8694721959976337,-0.5614429081603142,1,Tier3
-0.34772356153097006,2.3465873756238875,2.434925768775205,-0.7612257640977836,-0.29773850486532716,-0.05653214628985215,-2.57592444390868,-0.24005487349371324,1,Tier2
-0.20535722387881458,-2.0513797924660464,-3.3275044108231295,1.1955245547491447,-1.3815686175716357,2.8782783545674753,5.2625269416555165,4.026476217075964,0,Tier2
0.8952873269005954,0.34704168127770907,-0.11031850167726098,-0.15010241064998375,-1.4972497937567555,-2.1253932806564793,-1.9651746093004578,1.181323159020377,0,Tier3
-0.9305707077566631,0.3406430597851413,0.8965172247685447,0.14585671749090712,-0.20132465940960187,-1.1311470511155426,-1.5705564064667705,-0.8373838047648328,1,Tier2
0.6290379839581703,0.009318765519332528,3.0637135774925666,-1.965539028744419,-2.745778951207753,4.696549941086472,-0.632903949415986,0.9950930215987703,1,Tier3
-0.19252023107088947,1.5417749712842377,1.3624058218062225,0.013220682783875892,-1.7073187399535006,-1.9849743610128618,-3.062693250549228,0.9168171384142845,0,Tier2
0.014040818007840617,4.238616837171809,-0.5610488435967101,-4.017312730152103,1.4911369226583102,1.8068195692056976,-0.06563511513752163,3.5543552651177563,1,Tier2
0.5641996880589301,1.3507732813822202,0.5517232400863922,-2.4652316781375596,-1.2976216777326195,-2.274042855850809,-3.8211173564413112,1.1474175779531712,0,Tier3
-0.22448215446342795,0.3662141376991679,0.1366015506509326,-0.41258104049111965,1.3272709738026784,-0.18649095998287013,-0.16601887815914762,-1.1725357227068787,0,Tier2
-1.1441161886235383,1.0469305998549276,-2.0249931208284964,-0.9331830935683763,1.5659990888166635,2.017230454171197,3.0300406174408803,2.2478132953298178,0,Tier2
-0.6059441628470909,1.2511510716867593,0.38545860658801606,0.21621851538342263,0.32067035882010675,-2.692635313237114,-2.202935604950927,-0.512031641582211,0,Tier2
-0.36962123238004674,0.11416995264946517,0.06529522527835141,1.303345078944845,-2.0200495631636333,-1.3646560511660686,-0.8842092725183677,1.5325574423835708,0,Tier2
-0.18610951475596346,-1.245771176313259,-3.3960411215211352,2.1884986609046613,1.314729905999038,0.8005792075443321,4.883410986877198,1.482961168744468,1,Tier2
-0.06950594997902164,-1.1646959592570836,0.393632806860056,-0.33986358325336563,-1.0950130326316718,3.725564688889772,2.097130804204286,0.8558439893193481,1,Tier2
-1.6223984967559022,-0.5548565889507717,-1.237482465546972,-1.159021708828438,-0.572814371976238,1.4464933245683855,1.3771444888620201,1.883419660313318,0,Tier2
0.9274297691916048,-0.7259580966889503,-1.7519449991239964,-2.5502561539181277,-0.3317455437745934,-0.1117198973311957,-0.052699791082592484,1.5448910951364954,0,Tier3
0.8423977011074516,3.5053440158908793,1.986418063866882,0.7418194677442929,0.5432797822732089,0.02134358445581619,-1.1953749606161468,0.455630178284788,0,Tier3
-1.1765479739412434,0.07137468187568108,-0.4788366157091535,-3.2087168479195816,-1.9193025580188479,-0.3568480789899132,-2.026835542701481,2.365960464253166,0,Tier2
-0.49730722022471474,-1.820461708201111,-6.820281167645283,2.71839937788328,3.917407894939374,-2.2205935413046047,6.307335378667698,1.0848297762133552,1,Tier2
0.33299007977811707,-0.16222998569103453,-0.5926938497046305,-0.11884782448751663,1.633391583362902,-1.1069128127827663,-0.023668264904376013,-1.4697668677256097,1,Tier3
-1.1432864667343514,-0.11718110109645141,-0.5692052752684003,-0.49822884048077687,-1.0498987339398682,-0.4065351042259425,-0.3511460131625561,1.39904582649707,0,Tier2
1.4943366208944862,-1.0364901199575112,-1.5260234312947256,-1.771712183005254,0.9240468453918389,1.6340143171433863,1.8028795480908557,0.37428856136436983,1,Tier3
-0.3820945938345779,1.502985163613988,1.375651026330326,-1.5219730275778525,-2.0389656927690303,0.30736837716734455,-2.2232418809793977,1.9715889679144165,0,Tier2
0.07965422339253156,-3.7225917107213085,-4.293794965098455,0.8730076853290196,1.6044626001222584,5.177700983450961,8.384855612133931,1.4325511186022335,1,Tier2
-1.34000399502458,1.0805588612477577,0.39803859231115774,-1.3162372408977303,-0.24607196768799178,-0.8376122462709185,-1.7444855752727613,0.5103805356948992,0,Tier2
-0.9752177936179999,-1.9049083423694801,-3.404604062962349,1.2042099717822021,2.2638729356846117,1.321289987030112,5.01253062477039,0.16628539821189303,1,Tier2
-0.7958740858336678,3.3603603103310236,2.9131398135561537,-0.6815576748867215,-0.31621343915477795,-1.2186114569329038,-3.840537408622002,-0.2208330670185208,0,Tier2
2.1495550892280053,1.3874276967441599,1.0517953454665676,-0.6980709501474758,-1.4662229322199811,-2.4319104193808605,-3.4599114588651174,0.736581567634809,0,Tier4
0.10264510297377231,0.43322820078280677,2.8442551160933798,0.9305360291016211,-0.9123372133234644,-0.9638276825250192,-2.7933681585999306,-2.097458008198949,1,Tier2
-0.7779230308329358,2.158340188881518,1.7330361239428071,-3.5734382976684014,-1.7478798130596305,0.08355313919558749,-3.715918931994074,1.8369451289688645,0,Tier2
0.7093673945834129,1.8069422847672802,-1.7332779405634149,0.05950104053812888,2.491133587789405,1.511250237355326,3.127459164186917,1.5283558666260781,0,Tier3
1.3886097868929361,2.885163557772921,2.545155682908861,1.107946388034359,0.3993561025520229,-0.40784609365950986,-1.798978804862135,-0.6985184177377695,0,Tier3
-0.4192103396856869,-0.5312052454629623,-2.3109377435368588,0.5118695706414088,1.9819090355212303,-0.233507006169009,2.4675634080263786,-0.017489711246926554,1,Tier2
1.2607253490553065,2.7119239253934615,-1.8680039990337653,-4.029951241705982,2.8686844314286475,-0.4634395634352818,-0.34954060066606996,1.4989504117527277,1,Tier3
0.831857703613595,-0.2375524249422043,-0.9937739259312257,-2.455728678702949,-0.6825724260341225,0.838091783964265,-0.0013370896606179627,1.824530948645048,0,Tier3
2.100916139234912,-0.729166301115042,0.16224205732796182,0.16890094012726253,0.5860855329389827,-2.0368497066414855,-1.4243488945496918,-2.070933637503644,1,Tier4
-0.3455671193606471,0.9114111052885561,1.2459097714520342,-0.2724734485260276,0.025301343114672026,-1.4572839893043685,-2.2870455226632562,-1.0288820989759286,1,Tier2
1.1207586339390962,-1.8572340451159441,-4.3724488156792924,3.1659957473686675,2.095724587606469,0.7913248018305844,6.393102531174429,1.2079204397193264,1,Tier3
-0.9662583876600286,-2.514089802460753,-1.6562032693928246,0.3662524759133341,0.11296870990107544,5.240897353113256,5.619713048053957,1.1669445202459647,1,Tier2
0.742890329541174,2.6850364070584796,-1.1044007264698055,-1.5502927463167144,2.1280710868284998,2.01938314291346,2.037584842320428,2.1771476074109466,0,Tier3
-1.4424544578939948,0.4266398615398924,0.9423805624432573,0.28912679345087944,0.2789370329651695,-1.186204573455486,-1.4628329058437886,-1.2984287144160134,1,Tier2
-0.24489006504943875,0.7323027940974953,2.3272305854090867,0.7052262286181445,-0.8271696562087709,-0.6504277426301129,-2.2413879465994686,-1.25566444394989,1,Tier2
-0.9717275602551337,2.7171048142950895,0.2815520394091291,-3.0113946473683453,2.010908224833165,1.5009318138726038,-0.285181782688108,0.683237276217187,0,Tier2
-0.14704456043989222,1.0067937904715927,3.1720325241411387,-1.8189946214995345,-0.23635532247607172,2.2598474339419155,-1.9243722636457363,-1.4943525030815161,1,Tier2
0.3710312159860168,0.7453689410049497,-0.4549569546681064,-3.2348222748577733,1.3591728936220364,0.8898733673622973,-0.3577441922128535,0.1560325514778309,0,Tier3
0.26154229042581373,1.8601080062841047,1.4067817942824137,-0.40254467791212234,-0.44479809215283506,-0.868954628261044,-2.1824790807108414,0.29646408649110956,0,Tier3
-3.387234583891768,-1.1617885535348735,-1.7448764962472398,1.251466936131758,1.9119436506586385,1.3336214920740854,3.5844592473386196,-0.6017089148872086,1,Tier1
1.9947339527082228,1.6127856456750982,0.005812673425552806,-2.425248015973113,1.7684511133668035,-1.5775217897120082,-2.106237630636711,-0.7955203022352587,1,Tier4
1.003636878369115,1.2928380173127023,-3.4107937466406146,-0.7992272209860616,2.977614208601503,1.462680246598336,4.140238817407527,2.3848562990286837,0,Tier3
0.2321547681635336,1.7629188600516765,1.2461002173167766,0.9328087834064143,0.016495216189634787,-1.803620450761613,-1.9434359407266533,-0.39420707112426556,0,Tier3
1.5959797350372649,-2.452914825136231,-2.548723181373338,-0.5841326982563222,1.5819303171711552,3.7650024367861423,5.077668187294247,0.26338965656405444,1,Tier3
-0.0758367202452196,-0.0947702535830417,-0.5779359715895172,-0.49071554727545863,-0.6942366028202832,-0.6023175363898682,-0.4045230114366949,1.0162680300623772,0,Tier2
0.39514433315690634,-0.4573476105902158,-1.7187394374301224,-0.1923352056120773,-1.2462508733098194,1.586932568920215,2.222499738601184,3.176411312437791,1,Tier3
-0.5985453168360358,-1.100254184470082,-3.437691025356648,-2.7114042057825976,4.381294578061713,-3.7419806993573324,-0.37862200027716675,-2.7860580050996457,1,Tier2
-0.017171438588209225,0.7531424808241892,0.0034602026438878275,0.8605666707360253,0.2264104036939436,0.17435418486758225,0.6127449678791026,0.4916271024130884,0,Tier2
-0.30725048846738107,1.7647475951840752,-0.6862363662020704,-1.291804213121657,1.4356396357363503,0.40472206822966594,0.47326056011787976,1.0491235348509838,1,Tier2
-0.9150829928523506,2.001276128012841,1.6466887759909419,0.17244257477031333,-0.9959621958647196,-2.104125009973978,-3.146523242080681,0.28548974860179355,0,Tier2
-0.42024592587123644,-1.2106954819043179,-2.4864957831837247,0.8424868880036296,1.45169665618263,1.1052327866384934,3.694040731000756,0.5253557642103264,1,Tier2
0.014319507797229505,-1.9123836941297494,-2.3084709710425813,0.8912357664377794,2.0216019454472023,2.701883417339672,4.940748967094436,-0.31323670830970873,1,Tier2
0.9707845542771427,-0.04878409878655332,-1.1148178201178491,0.7261513204893214,0.6384467523643436,-0.5473120270174254,1.031567371935715,0.33532415555614326,1,Tier3
0.24427662897052735,1.0055496277584894,3.249742452308271,0.6148463293075288,-0.8741977677663129,-0.6829846827999563,-3.08676055025685,-1.9631985168689907,1,Tier3
-1.1602170570327905,1.8811383263440855,1.59082303279902,-0.8830611631661287,-1.6457999623864321,-1.4614721504439387,-3.32057683431077,1.098316585167339,0,Tier2
-0.5009905968099438,0.4774650851481894,-0.9021072941156294,-2.4545697580686094,2.686363618763088,-2.171437806923099,-1.576593370586885,-1.9246092288172056,1,Tier2
-0.8139486218500639,0.4322196546899064,0.0973195783011338,-1.0277628209482221,-2.0708352305432687,-1.3931435672547858,-2.1812081552655265,1.8479945561810387,0,Tier2
0.2567472610395303,-0.044807907554142434,-0.6656154591792298,1.7144115706573384,0.6641619204456239,0.7522161779254367,2.1752051531981063,0.253910905915937,1,Tier3
0.9822575212039218,0.120222650018311,-1.6386520005460583,-0.5162535290276976,0.45119329458508417,1.050085249025639,1.9653729531518644,1.7733516261454632,0,Tier3
-1.212079295109567,0.6482743220111746,0.03622720406985036,-2.6773939217017984,-1.4518537402103795,-0.332626980296996,-2.056261759614431,1.8732501328952509,0,Tier2
-0.42652244809009326,-1.8143938475375696,-4.397589105260595,2.551951579536418,1.3728502896750236,0.9196771767151845,6.014454960925343,2.027620523550161,1,Tier2
-1.4822918233240703,2.3621105134900686,0.5912649375390431,-1.2617268606981682,0.5473998401256019,0.8537194126572345,-0.4438626305144644,1.2287025560308544,1,Tier2
-0.27723669854677996,0.10754295851136586,0.325685740192727,0.5791705214186682,0.07069189419922106,-0.2162686564481584,-0.11140993268883163,-0.4003322000322104,1,Tier2
-0.8597876419714956,2.4649888986122903,-2.868007464510651,-4.953853047825888,4.12293389302344,-0.6380504871665235,0.1542414733673958,1.0784641162706934,1,Tier2
0.6948161429230939,2.562434061121214,-0.7737670488100947,-1.8422460600440562,2.286170743450492,0.6104599530016774,0.5881150406348592,1.0959181729541234,0,Tier3
-0.7716545938719451,0.4222745907687756,-2.453750276790182,-3.375255337105984,2.2692632217757884,0.8873100742783055,1.42520210803971,1.1191930881293244,0,Tier2
0.9675318526039591,0.49088615823532,-0.13270681164062037,-1.3878465111410954,-0.7840706280843965,-0.2762766767609337,-1.033095657553962,1.2665327159128492,0,Tier3
1.4712621252058147,0.7784072963760069,-0.5311924330702888,-2.9405123602783543,3.1026821532546007,-3.0954921743660164,-2.745657988518218,-2.761453252973369,1,Tier3
-0.3943916269381333,-2.0550699932865077,-3.6078554688312092,2.9875058579927156,1.2986707049360589,2.112262642616428,6.491816674592435,1.4334864463865689,1,Tier2
1.8978680757991242,-1.06497188930694,-1.2624111301514933,-2.3018459301082617,0.22690168153637424,0.08959148179534959,-0.026016346188353356,0.24000341049620877,0,Tier3
-0.5115211683758064,1.2440470360131288,0.6955697045286277,-0.6352617687556061,-0.4458194492344042,-1.358310277922303,-2.075861987258704,0.3511367347755059,0,Tier2
-1.069785702078506,3.2958292453475044,2.951149118371232,-2.3119736544239142,-1.931823807971321,-2.2884853863216357,-5.92218358020314,0.9203757848033038,0,Tier2
0.23891686709962753,0.898031963543329,-0.11352261616504969,-1.8559452311677256,0.21994573167908482,1.01957923863298,-0.08783735963488004,1.064389552368919,0,Tier3
-0.4681576748475779,0.710689932824822,-1.007767757972045,-0.4516679203862748,1.282128027117377,-1.4490985979679003,-0.22959183151057183,-0.01878909365606729,1,Tier2
0.2948435631526776,3.193730732656795,-0.10598928411991215,-0.541883945803644,2.1837862173464844,1.001255621163649,0.9793998891286262,1.1567270725259176,0,Tier3
1.1711304464147227,1.9007431550249205,-1.1933816255366785,-2.5711637272272507,1.9659788007456032,-0.05464161897367947,-0.01221463568623915,1.0570776494188046,1,Tier3
-1.0180445374050637,1.221941921264822,0.7184883644718056,-1.1241872953290568,-0.8371687435805295,-0.2202048516303189,-1.5823392338869673,1.072672305235073,0,Tier2
0.3149101318319002,-1.0225589705679172,-4.443797676107621,2.571377369907956,2.4666471324162287,-1.5706929959926987,4.4116282851919015,0.885040642111192,1,Tier3
1.3194413356711556,-1.4474522993945693,-1.9243358094150147,0.7616692999111851,-0.9590847448049695,-1.26500129769154,0.8316942262530469,1.278503393703106,0,Tier3
-0.052075163942980264,2.739564424038673,2.326284091184649,-0.7459708909393292,0.051370996432009264,0.6606851931984801,-1.8651972316075742,0.12252388738789355,0,Tier2
0.1818629132550231,2.2924031685002237,1.98733713773283,0.5238181596658937,-0.1727129529270418,0.08364209916628584,-1.3962185331198285,0.0998670902179839,0,Tier3
0.006266239915073867,-1.098602856421931,-0.6604180744477577,-0.17743923105270198,-0.5126972472953559,2.7318084810779126,2.427237239967167,1.1411288459625304,1,Tier2
-0.3997279824149245,-0.8363474746946136,1.4948579119937322,1.941399160046572,-0.524087427000441,-1.3383081937549217,-1.3109788734186985,-2.2965420870922433,1,Tier2
0.6288712544525031,-2.9222685307382235,-2.7941965278094893,-3.1232672820693144,0.16010301352311473,1.2015691871638743,1.6765489732425087,0.6737126907799633,0,Tier3
-0.791786135965779,0.6171675496483777,4.139768433057059,1.6011042387337349,-2.4050027854538536,-0.63102192559039,-3.606778418975235,-1.7606917199194339,1,Tier2
0.559778494786625,2.2983217144395605,0.6872690469239586,-3.4946941339313686,1.8728754300185475,-1.9778851596322864,-3.5255738338797262,-1.1379812806916474,0,Tier3
-0.04912272262259028,0.7007019691626453,1.2300789795737288,-0.9024182992505341,1.9758746803710854,0.24338718230380807,-0.8477166431880279,-2.5284584826104077,1,Tier2
1.3224211821038407,0.606551976749738,-0.10890043002588068,-1.295328080782487,-0.4183186622774152,-1.0249001545583303,-1.4874938988812691,0.7371407757027215,0,Tier3
0.15631269781593382,0.27671240948650244,1.8086243598504783,-0.7728892562964162,1.421555195177601,-3.0552189864204626,-3.8688832473380543,-4.080387438446859,1,Tier3
-0.3825774540460087,1.8044922444960434,1.3607419235458624,-3.720108791436567,-2.3079871365058073,-0.5684539728810201,-4.104986685732092,2.252151318235597,0,Tier2
1.5328290976625387,0.2365492733678809,-0.23010168242321716,-1.0686327180852842,-1.3172413162658083,-0.9741515761084859,-1.4328292598752992,1.4292024827672876,0,Tier3
-0.3832646883357892,-1.7485933511492922,-4.670753579204819,1.3869707252642902,3.144104160253517,-0.4277469025341989,5.022542627699486,0.21655504443603746,1,Tier2
-1.8766951084609356,0.4058865989478224,-0.8141412697174442,-2.876555155950513,1.2611976018477542,2.9819027889339855,1.6959473332088586,1.025387223194971,0,Tier1
-1.1203981119008073,-2.2961673897348756,-5.220032198900755,4.514308156895983,1.6273856225575725,1.2290581899787356,8.029128329113396,2.3108036169644848,1,Tier2
-0.034202591431231416,-2.072981341817478,-4.483654560449285,2.8438353374544603,0.9379356501867203,1.53044426959611,6.605684439172349,2.5138548876232933,1,Tier2
-0.07164041289092338,0.9391414717972366,0.7130203641642325,-0.11824544812554849,-1.478107824597028,-2.0352832075938405,-2.56645376815099,0.8375294931627842,0,Tier2
-0.5011735332008286,-0.01058043045548529,-0.7025348613449766,-1.3783060718381912,-0.2763555677245949,0.3880548482493291,0.07668999634131618,1.1562410754157049,0,Tier2
0.2597377466574619,0.966695868069105,0.8080541366436763,0.45395153603233407,-1.369561978090901,-1.6480637777841007,-2.024605852919126,0.7765149798281623,0,Tier3
0.6704054890594515,1.6888900264199298,-1.156527611953624,0.5192117992383078,1.0841520435130827,1.043172007359248,2.213258104845294,2.0181972076684644,0,Tier3
0.8059371244868503,0.9057780152650091,-1.3024420772097391,-1.283942416862688,1.0975671528343753,1.1061507295181494,1.4582570337026852,1.508334302790744,0,Tier3
2.431672342531423,3.4693398017972314,2.4821841830732936,-0.6848533363499087,-1.1051768642817237,2.5860329746382305,-0.7996100984213768,2.3704727059139956,1,Tier4
-0.007095859572590296,0.5200611565327822,1.433909526976303,0.7375325730588265,-0.12520729605056413,-0.07176320389483248,-0.8830966623516198,-0.9816966349849329,1,Tier2
0.42810739345163473,0.39741283324888266,0.7545244499170037,0.927425306477888,-0.2971509344829151,1.7007241880032258,1.077159306536283,0.3902394261427976,1,Tier3
0.9523204023308188,-1.147549625977075,-2.1100612617627497,0.3227670561088669,1.4620740540218067,1.2748497560475345,3.2419178847392467,0.2313691113714833,1,Tier3
-0.374661562507252,1.7963417452652566,1.2997034725902197,-0.007395023861886174,-0.5615017724286908,-1.711986524983402,-2.551213984192885,0.18331289867480105,0,Tier2
-1.742696701788964,0.7329498967637238,0.15189049612064742,-0.5742791718363232,0.5710417203770677,-0.766316786273946,-0.8938554529913416,-0.31681106807643733,0,Tier1
-0.9231577428076859,-2.28014337509606,-4.245558583822317,2.5154505226372983,0.10222899756961568,3.016325705223416,7.1715324625678845,3.3882082684781496,1,Tier2
0.7348312768652014,1.7080477607991615,1.1855435417136264,0.16691869874126297,0.25092848205296114,-0.5574619643866804,-1.2960059232984642,-0.18360369109982488,0,Tier3
-1.519634186517625,-2.152891851538265,-4.510819142904979,-1.797346137276783,4.126857048491958,-3.7038920467428036,0.9801749662053947,-2.3229577480530414,1,Tier2
0.35972292514357795,3.1285805762273426,2.6791063384643876,-0.4590202191418572,-0.5656011027416022,-1.4117222078289218,-3.7305440898029514,6.810187453987204e-05,0,Tier3
0.7773564295851175,3.0331756262928975,3.4697160208861013,-1.2806928664406838,-0.8507897715042037,0.41746742107089796,-3.4883310251288706,-0.033966728220409026,1,Tier3
-0.4916916087597099,-0.04189113300478453,-0.5702114214260873,0.2983292525083582,0.16179167158830077,0.39938154462083086,0.9650244440691431,0.5437982239464167,1,Tier2
-1.3009334307640588,-1.5930456631316408,-3.876130140402685,2.158121719608111,1.5249500076234785,0.69629666005791,5.241284629822851,1.4486879182080563,1,Tier2
-2.1099078362694663,-0.25517139604719485,-1.0423954527810033,-0.5214252263890806,1.4089058294178214,-1.3679488571980134,-0.11648336024063788,-0.9346505340160238,1,Tier1
0.34699425912560994,2.637029748826012,2.397227650358846,-0.7158408011110088,-0.750573417924111,0.7123360476558518,-2.0555336773154513,0.7545669865087925,1,Tier3
-0.34475201767868985,1.2224901876206342,-2.9848993975504694,0.022640539359727097,2.134383649906106,2.7773554429157987,5.022609419395382,3.116782086145462,0,Tier2
0.4449712931193825,-0.09928430159348123,2.993275522407876,2.369392386315962,-1.6210176972180905,-0.49943521258407475,-1.957678699953791,-1.9007307483090168,1,Tier3
-0.5271602352964028,1.5942647676506445,2.203647857485023,0.11076187110638713,-0.5434900223433001,0.14057021787666568,-1.8136946096440107,-0.36547762580380494,1,Tier2
0.5415324964554455,0.9409577459795088,-2.1867599287215636,0.13601800461670877,0.8565015620125419,1.5948229074226816,3.239882265226047,2.8656312735034826,0,Tier3
0.29407296281894457,-0.5430119400962437,-0.29078403077262943,-1.0393770127008302,-0.15184609927049708,2.4014743526372424,1.4898418894730452,0.7874509523426458,0,Tier3
1.7897906998373772,-1.9050139995603228,-3.8053268763175234,1.6316801481697079,0.8527447499974894,1.8005468305751253,5.592561058262423,2.1249107004458145,1,Tier3
-0.11813638993902573,0.830641950909485,-2.0459123960626533,2.145693038504742,0.8989599880004113,0.1292981793838336,3.0865056578929932,2.065079896356105,0,Tier2
-0.12819824085215326,-0.8446609122094155,-3.1574263321068448,0.7603776810762475,0.8313284046354674,-0.7690351098640025,2.6205217166365244,1.550326373877077,1,Tier2
0.3303788177616823,1.368602460198696,1.0120246155782222,0.8722921304447397,-0.9475440595112667,-2.4806435974425076,-2.513707929845078,0.22192716875208018,0,Tier3
-0.8249821416716359,1.212249193085425,0.001406687325939071,-2.075536045059099,2.4656278313163247,-2.1740044479366136,-2.1921847165495385,-2.0284534375795897,1,Tier2
-0.04841325921206709,0.5348580873451421,0.8210554113077999,0.5971387897916985,-1.6572650080523577,1.6847516498687605,0.5093745377711112,1.7660200430063717,1,Tier2
-0.7594573199836635,0.2901201118510318,0.029561097071163056,-0.4885365878891319,0.8388605414595716,-1.4056834222786807,-1.1556564642200127,-1.053667410289292,1,Tier2
-0.15802448008628092,-0.608448941921269,-1.780349450851511,0.46981976548520976,-0.03405902827541141,1.1907430474452287,2.6141098903766884,1.7866173719123746,1,Tier2
0.6496059135003164,2.525516059004861,1.833449175057701,-3.4382719833876965,-0.9099991577772533,0.27675664931380495,-3.3927386970645506,1.3009510343279498,0,Tier3
0.36019813633321623,0.05743488283601139,-1.344061212590217,-1.544254280047693,0.8623552117985045,1.4010150266144066,1.5489484731163732,1.1305010958557404,0,Tier3
1.1340802960689875,0.5119975344325416,-0.0632269062602979,-0.5376424421348237,0.00645924135469178,-0.6273991894356741,-0.720952350306395,0.3133900626774012,0,Tier3
-0.44416742136371407,-0.031045515503427268,-0.4675137219256762,-1.1883729023449998,-2.187949730109654,-2.8312894916980955,-2.907096159238398,1.6788019115797117,0,Tier2
1.1548665470807686,0.14445913911082742,-0.23714576107894367,-0.5048975631565757,0.2601789088524131,0.866327795612155,0.6413354209739273,0.42181931055742394,1,Tier3
0.018099964323894817,1.347106737412943,2.935442843888838,0.5504950943878748,-1.760535680758446,-0.03432683921503776,-2.593864618004126,-0.24347220883649656,1,Tier2
0.7813434393694474,3.5671780851345556,-0.27887615508725655,-2.5541423641760885,0.6967872354487827,1.8483897332144537,0.3378222797945416,3.4282071877503837,1,Tier3
-1.069443986395557,0.4504193791240203,0.8854537886841372,0.953977522884125,-0.5084041866570106,1.3997898444923844,0.7044395330956621,0.40299995693401325,1,Tier2
-1.078651992451084,-0.7549695056141129,-2.9112812452234613,2.7301890582106436,0.39949336101468447,0.6022852604020501,4.389789696804808,2.22054536556473,1,Tier2
0.21221912837602613,1.091415192095128,0.7061578395325976,-0.8082298048802921,-1.0414286055355793,-0.6947078599110434,-1.809776367432766,1.0078039603677333,0,Tier3
-2.5820591707634684,0.3414043838470757,-5.472483819422772,-1.3251080657043692,1.924142758524077,4.3648341959531125,7.5244845901702355,5.742494604002517,0,Tier1
0.939303383562338,-0.47388453261696384,-0.23756724869355167,-1.0457783913926009,0.377467143840292,2.004123339981201,1.265693104932682,0.14373627263536803,1,Tier3
1.1891600128447566,2.1922869644428395,-0.023543833753699284,-0.15693412853760946,1.5706365240764755,0.7893324103276785,0.8396104724310162,0.7029668617115117,0,Tier3
-1.21329195605392,2.151198433780681,1.7990013072356374,-1.2278546575677003,-1.2347207845209969,-0.63312660481869,-2.9554794749183637,0.9939054891637336,0,Tier2
-0.7713575356158918,1.5629046215422036,0.6110010461767955,0.6164463896003285,0.5779046331495173,1.0254927510057734,0.6910196971803383,0.5037182919442591,0,Tier2
0.7335184624712162,-1.2643751869704456,-0.5679875754196224,0.7524608753292541,0.5331575714319572,-1.9836150383332987,-0.47632877560162046,-1.702828833259542,1,Tier3
-1.5255799251838817,1.4338451289692236,-2.8068848599958693,2.66922050561598,1.5510361544358686,1.6845320948778957,5.297797378943499,3.2885931260129926,0,Tier2
-2.5172303766303354,-1.9117628331135537,-0.5924510243902862,0.7442281013557663,1.2815058235360823,-3.1093910746171476,-1.1154046879091988,-3.354971868360402,1,Tier1
-0.799111924560637,-2.248929950857958,-2.8655081607693,2.4354221346756897,-0.19021518914418478,3.674095743379783,6.4299353854039225,2.4454805404684263,1,Tier2
0.15206265915339834,0.8286231932352831,-2.1918174751135457,-0.7038050561830078,2.3636705120331323,0.7287356884097638,2.5075112493877114,1.0236043584668129,0,Tier3
0.027586351623552368,0.12845970490770398,-0.28354543448641367,-1.9106756422032065,-1.8305653818103995,-0.6263565066503666,-1.6877260423579754,2.016496340638654,0,Tier2
-0.5627021657665037,0.20083465440185755,1.5605560282204416,-0.6259942881333915,1.0126571821623838,-2.1921968348482053,-3.030108454881461,-3.198687795111345,1,Tier2
1.6724060321201581,1.8878897242757289,1.0794359361190295,0.7801512776925366,0.9988747300766485,-1.938947330749124,-1.7606242038902749,-1.1063522747445718,0,Tier3
0.032732477657032286,1.992775735605756,1.3265774729161801,-0.756360954416208,-0.049260835246931034,-0.7037260164446763,-2.0882461363612834,0.17326761902425425,0,Tier2
-0.4216547671935536,-2.3141779921380135,-1.9418920664635326,0.6191557864407266,1.2475881627148453,4.09570622732537,5.382276689782611,0.15965495521142747,1,Tier2
0.01022547425274586,0.3596891116723394,-1.4671450963639945,1.4028683547748697,0.39305944166065787,1.4033852707744083,3.082047150231675,1.9540683366423433,0,Tier2
1.950914171273827,-0.24727774451288842,-2.745128334134839,1.144140006080839,1.2321001390317128,-0.7122605037761638,2.6055162624486146,1.263217029725666,1,Tier4
1.3354317289695847,1.4581404266023967,0.877599530040832,-2.590099700654761,1.0612878638926748,0.4879294224134074,-1.5040032200778453,-0.486584037074294,0,Tier3
-0.07645955083947616,0.4476255702133446,-2.8571692513810376,-1.8883713972209173,2.7892442633821535,-0.3656736482047268,1.711344657156913,0.6319138614063646,1,Tier2
-0.31967310745946675,1.0687649016021576,1.2908474466535242,-1.287912183465441,0.11717974771367157,0.46629884436938596,-1.3845645790812806,-0.3756305049521138,0,Tier2
-0.5924588757834237,0.1054966706930256,-0.6629644676575199,-1.4633734061429813,-0.3447910824506244,0.40992571296318836,-0.0037165072372821184,1.2919478784846126,1,Tier2
-1.6547849517952353,2.052264556547194,-1.122703068182245,-0.5080943922689053,2.3076487621930486,0.9276102341599674,1.8366797578416605,1.085001034177174,0,Tier2
0.04521571709750941,-0.6532211254518323,-1.4736582642260276,-3.200975509122153,0.923571872531933,1.3366434568883383,0.7703760504057227,0.5768253628446858,0,Tier2
1.3154384618571806,1.6990746574514086,-0.07483708511826198,-0.7748900002952017,0.5221596233830925,0.6186721440624288,0.193064386671711,1.2931574218959083,1,Tier3
0.06770781001595248,1.3115610568547118,-0.6815573024340962,-1.8649286460582013,1.7342681362818229,1.986160639000949,1.4504432663657945,0.8831253535379436,0,Tier2
0.6679560449210992,2.1627087087396912,0.6796007433325936,-2.2265771445646614,-1.5154892388135068,-2.0840794197528583,-3.7330000965327486,2.0039716631817335,1,Tier3
-0.6626740519345098,-1.4145247392202336,-3.8326930453740076,2.9945219486851347,0.6979353926011463,1.538629345123072,6.0820782244152225,2.637286559651522,1,Tier2
-0.9663882593312797,1.3996280219830266,-2.2377209349457905,-0.45137624227761775,0.8703991174209336,2.8813216652880627,3.935668788013612,3.748029945178483,0,Tier2
0.46427464682496516,0.16717113839382203,-0.3777550281138615,-2.2042589981193887,-2.1323531623208463,-1.7600178272936482,-2.696863334939909,2.0725125689011166,0,Tier3
-0.48523912503814143,1.6414613731308703,-3.2409879527940264,-3.2133068609315183,3.4148168058722876,0.158388986384699,1.8357697936311517,1.6812105237851647,1,Tier2
-0.5587182538539862,0.2687682369993606,-0.10902197551892012,-1.093914121371566,1.2585461082740608,-2.253039268666733,-1.9025735886207749,-1.6082646184988272,1,Tier2
-0.38668632198399133,-0.7702237880992611,-1.20729831996873,-2.808901333973283,-2.7235331676893257,-0.8477165015052097,-1.7581046608465463,3.014288255470458,0,Tier2
0.16695961439579357,-0.21075021621108325,-3.584653700735004,-1.0126705857834992,1.014517561920988,2.105176115375232,4.236657568633671,3.3669610157593213,0,Tier3
-0.4808957088136235,-0.7798810472311466,1.6677766150148634,0.4507120572575054,0.8661869101380574,-3.573433215899514,-3.60127792392524,-4.512403641160312,1,Tier2
1.9975117034922045,-0.8844180237944437,1.0914251534228996,0.6321715055621246,1.4271992034619971,-2.7617021048605928,-2.2836638175520876,-4.268521126913197,1,Tier4
0.10044449685978103,-2.1686868189848068,-1.8132405325636025,1.0346103057401164,0.4612249297964707,4.3117254486276835,5.468174586016795,0.9849991836993699,1,Tier2
0.2942050199296082,-3.505375068433484,-3.093296983573769,3.513655262566009,-1.5571203213790827,7.163705287874737,9.540787372914028,4.05422235890746,1,Tier3
-0.42364400961303694,0.39530390101489354,-0.479640300260316,-0.9892345993485903,-1.6037902275030986,0.5953203415892798,-0.07155438974499373,2.6369467782280664,1,Tier2
-1.3969825943443908,-2.15491976018117,-2.3902640629291865,0.12559684239787705,-0.8182098407346154,2.2466081889519014,3.5923700292736225,2.1860140852186394,0,Tier2
-1.2216478602937484,0.7478966815148118,0.007111041451073996,-2.11811648724966,-0.8297286600173635,-0.6324151279379819,-1.8203344196749298,1.2798711675656977,0,Tier2
-1.690319025877201,-1.7168692039864142,-6.271193899356933,3.5729128248168767,3.245486711588309,-1.347670318274246,6.807013415804917,1.5251494638460712,1,Tier2
0.9852620705038592,1.78313562929094,1.0583103080705283,-1.1518186536352355,0.40096491167864734,-0.2791995188491151,-1.6423336389429166,-0.019303948737503962,0,Tier3
1.1204162316812527,0.7295164406630164,0.4917158677930542,-1.2844012771604592,-1.993391976530412,-0.8753078017259375,-2.237087380737495,1.7898176685547669,0,Tier3
0.8127356647019062,2.4819308113069,1.8874039166895251,-2.1806617355742963,-0.9333319272348988,-1.0118869140593945,-3.7548462083184706,0.7842796619514691,0,Tier3
0.08568111164060456,1.3338641258813526,-0.18282722240051097,-1.839573219764443,1.3090573827898049,1.8826784568597064,0.8763430265266302,0.7497786746404733,0,Tier2
-0.10985363780509941,1.3141515645514183,1.8400094361533,-1.0026240535056943,0.41411391558904775,-0.5194818853267338,-2.3665553899806415,-1.3654609809948268,0,Tier2
-0.3781936851072912,1.3993424176295097,-2.7579475470188273,0.4079433981949907,2.2579264554382057,2.5038904289823445,4.856859476075327,2.815218090466057,0,Tier2
-0.7769898342505827,2.3039384678693846,-1.9474723791061441,-0.9917002650009573,3.186201480349246,2.4746194160361186,3.628314270128079,1.8530331655079029,0,Tier2
0.8512333705208499,-1.2601092232747115,-2.0867047033357102,1.0065992227792286,1.4303088047739256,1.3480852219960966,3.6342902922027873,0.15380626776150952,1,Tier3
-0.7109032877644443,-0.7634648352200684,-1.7678501894905887,0.03362011788228059,1.395094984320086,-0.5516792605922318,1.3989836396782982,-0.33197419629616554,1,Tier2
-1.436742238258311,-1.2509992083974346,0.9145060124650013,0.6835281508112394,0.2106500583467441,-2.5693654459364446,-2.244151783432066,-3.155000734127374,1,Tier2
-0.986707685714242,-2.4310803467446602,-3.4439381840940184,-3.0319206018636073,1.5159019042578483,-0.2523243452969679,1.4611156229230036,-0.0023678169100522783,0,Tier2
-1.0582486265279207,1.1467031942435575,3.7604172361627346,0.6803050828856603,-1.7356394025047157,-0.8615716937225553,-3.813728136330033,-1.6038807255335947,1,Tier2
0.4405071726036236,0.6557601174372601,-2.0587194579495685,0.6431253252305216,0.6680720607524571,2.5358276311584786,4.079059555640318,2.9662505757315194,0,Tier3
-0.2673010743900444,2.5909951055825173,1.8223134829106107,0.1739254533453487,0.3922865135469362,-2.8217514752037385,-3.5211214542425675,-0.9712975342880372,0,Tier2
0.8378411043858961,0.6710557694706891,0.1537294760564364,-2.0103403355160503,-0.9154323205994022,0.4071154143236442,-1.1140141010211395,1.4827752592380843,0,Tier3
-0.5274444556279309,-0.341877437301918,-4.801652847603231,2.0106937726819627,1.6444161868953922,-2.2531179674920088,3.6753675295378088,2.4531540765827993,1,Tier2
-1.5659687963468298,-0.08417014680655166,-0.38525244774964196,-1.3364879752763823,-1.6032642446464687,0.2887419771602442,-0.5486681863524119,2.012276186025347,1,Tier2
2.129155862409928,-0.6763330920616313,-1.9406641405813405,0.865287794599926,-0.2804893597865119,1.0536658003021564,2.792995907142429,2.087854689112209,1,Tier4
-0.8650769226341175,-1.2481089910886842,-2.051499620487503,1.0557336434900408,0.4557332700042236,-1.0230927397163496,1.6035970929821703,0.2885481127074575,0,Tier2
0.3283885415530026,-0.4051842954552014,-4.483360340257896,1.8795208750429835,2.8327168615657534,-3.1801581225122177,2.928546351225938,0.5913627066044338,1,Tier3
-0.989933276576141,3.384605622360465,0.2246452757006887,-2.4316187596190937,1.105236084773054,1.2928977105266366,-0.326922437553427,2.143600479572168,1,Tier2
0.1565737489967365,0.9589134227931094,-1.8012575826767359,-2.542657573012289,2.594281450771616,0.8924000056458075,1.3950659552655262,0.5728541635263377,0,Tier3
0.8754948832617212,1.2345566208857912,1.6202296471059303,-0.7818009472227498,-0.1001533342177432,0.16035557370101583,-1.6756233556318203,-0.4762959226111414,0,Tier3
0.2864986092893359,3.838976316024312,1.8298813215306964,-2.6409400901162123,0.25487299612547387,0.7259593795314871,-2.3937749115679683,1.4741927394346614,1,Tier3
0.7271073735155452,0.5752684747129946,-0.5846119593368821,-2.1228894394422735,0.3712326035747041,-0.9630040535257143,-1.299200663650454,0.4782203571827932,1,Tier3
-1.0935586856554882,1.4740951314391908,-1.4472796996774917,-2.8032744636430103,1.534751959541525,1.5521565892388898,1.2006663994782212,1.9071933153309688,0,Tier2
0.21356693329250903,-0.8610623267294752,-1.541656966798126,-2.4969115976930207,-0.8669840616238087,1.370008266067975,0.8028568986508043,2.2140285512014475,0,Tier3
0.6288061507847076,3.5411742522943563,1.6797821357091103,-0.9977486776324678,2.0734013447567086,-0.4334415720584073,-1.8427788625176333,-0.8076685427346395,0,Tier3
1.3847875073682903,-1.1364445430382952,-2.645150989214485,-0.7128331658960018,0.07212217299061663,1.270378435847268,2.799709079475674,2.1793416384268482,0,Tier3
-0.17173600889506777,-1.8258406772714837,-2.1460250784898336,-1.654042212825857,-0.6123058002624664,0.9567295006770375,1.5177017081267887,1.6083555896223407,0,Tier2
-0.19823793965256276,1.6795505246305278,-0.6621050259523036,-1.6828532155873412,1.3767726964226226,1.316174319109632,0.9266256615596217,1.312665945643301,0,Tier2
-0.48700055589077146,-1.5090796333848515,-3.488134525304992,2.069845488976984,1.607491903260403,1.1493413406082178,5.238035921308551,1.179573745313889,1,Tier2
0.3739578630598228,2.8506475647355276,2.8273550613830736,1.542705687484053,-1.158935256972476,-3.0295566058488146,-4.15538038124698,-0.38763796253575156,0,Tier3
-0.882059272039484,1.5508443664614546,1.1457780717257398,-2.11921638290256,-1.533090822053523,-1.0023372376681068,-3.2231511819928462,1.3381727268387855,0,Tier2
2.008141936137437,0.464598811487997,-0.8510856675852241,-0.042639753733977215,1.1674205868219745,0.385318295078801,1.2275013017985212,0.31211125350760116,1,Tier4
0.15180971381551212,2.4756452469647403,1.9057080818605336,-3.99124919291929,2.4216477215054755,-2.9574182368287225,-5.39916457967338,-3.1379367902251687,1,Tier3
0.0460850135404643,4.601308165849813,1.1014993765674164,-0.6878956971980523,2.1961457573217857,1.0501246094618961,-0.08743657257359372,1.1208989809686927,0,Tier2
0.32423730126634465,0.890900006570792,-1.6883776894037483,-2.0813177047018403,1.925951686568516,-1.2873006449930564,-0.2617716647713002,0.3137176113712019,1,Tier3
0.4779993874469378,0.3893206129105915,1.0282814452272788,1.755597324608261,-1.188187328038664,1.2162421992127794,0.7111904140999765,0.7886030941158775,1,Tier3
-1.4606703825179908,0.9063145316088159,0.8624474050370436,-0.39459146366690145,-0.7652781477003046,0.4362442064800228,-0.7917365622539164,0.7782235105996009,1,Tier2
0.7897857458625657,0.5862266969942356,0.446362130530073,0.6785242511150411,0.4380719277060411,0.3036751988468829,0.30856911470967247,-0.29119928862568856,1,Tier3
1.4457181121423268,-2.13581666636204,-4.7763324146320745,3.212613335002541,1.237969976316768,1.9880263689534563,7.458698094810755,2.626109469321659,1,Tier3
-0.7409566670561635,0.3015277856298072,0.12397926554626726,0.4108785757363338,-1.5639464996900385,-1.3951129700894593,-1.3225275363964522,1.1916569642146588,0,Tier2
0.035775485295785336,-1.5327006074191125,-2.5251361062413813,2.358957550818699,2.216756658470575,1.1880542703891357,4.778533406453105,-0.4554370367620715,1,Tier2
1.6990607523969676,2.0681109379000606,-0.41144390973304257,-1.918998765503581,1.351093344272424,0.43034860622619475,-0.09149287442756426,1.1229105488805278,1,Tier3
-3.112527440092419,1.9869353911216256,-0.02521343434390655,0.09186191524312881,1.1644306705061176,1.0776950165468766,1.100212827035262,1.0115809070276025,0,Tier1
0.9443368547967097,-0.9664339451750652,-1.247439312302257,-0.5815258686838508,1.9414902821310038,-2.354195320168854,-0.5789874665175496,-2.1930505902920676,1,Tier3
-1.2256029509557917,-1.4759492669151668,-1.2368313546811338,-2.76776545163558,-0.28857935950285096,0.1906599495186887,-0.32540566939673277,0.38974678277154984,0,Tier2
-0.35923655034770324,1.3488541548582984,0.4205953048363288,-2.2241856715414237,0.17919236450697307,-0.1749930734050681,-1.6463712884404011,0.5405233501089455,0,Tier2
-0.1248559071075058,-0.9594947740170823,1.6786099275550248,1.5837638107247995,-0.13971588909766997,-1.9463161549085217,-2.0146898242497238,-3.1749408719326455,1,Tier2
0.9967977661275882,0.7365756692144809,-1.0642994770887007,-2.677091206505228,3.20727624466613,-2.380299631917457,-1.6037254129898124,-2.0961117410370487,1,Tier3
-0.6670652825297668,-0.15952245182693625,-0.595606053410014,-3.0898861805781443,-1.707373238810265,1.2839324831470846,-0.5686969362512075,2.6231634508255848,0,Tier2
-1.1286963336068758,1.2073365963015363,-2.3233074401805007,-0.962526837527183,1.9603356125737483,2.5271956765515156,3.7332010659876955,2.4943079024694548,0,Tier2
-0.22824094771857162,2.348160496291172,1.4246886291354093,-1.7529269606679003,1.185999374945943,-0.6902324258821666,-2.400361091415444,-0.8046754053991767,1,Tier2
-1.7591221951140201,1.5014838903748324,0.025723736254247398,-1.1724634608891327,-0.4878732290596086,-1.4661880496722794,-1.911275088453166,1.307052019216358,1,Tier1
1.4465764535017855,2.2195461635380944,-3.928755739540815,-5.360821285321951,4.032520992187558,-1.304915980037712,0.2874237347895443,1.865848125647016,1,Tier3
0.11197676608075031,0.3488505515266733,-0.46307894889975965,1.745978295973528,-0.2154434760078643,0.304193503208944,1.4658573318176267,1.0952209371436812,1,Tier2
-0.21570397772861039,-2.0368257685483893,-2.5993699840505706,2.08094586515302,2.497923176403672,2.3844718771521785,5.681374547666486,-0.6966886360847204,1,Tier2
-0.20830815696970303,3.4953148631888498,1.650876284217052,-2.3238744846006063,0.5893712174605937,0.7577221754610914,-1.9664325073747164,1.0412277259916056,1,Tier2
1.264508281227147,-1.8974846853856646,-3.567918629870845,1.4776738040527673,2.182505857095573,1.6737401698452845,5.537270331421796,0.5407189196006914,1,Tier3
-0.2770011830038617,2.274875426570725,1.674295367027047,-1.3057886197667083,-0.5211808910425583,-1.3866591039987686,-3.299647277039975,0.29158419614547837,0,Tier2
1.2744480525552093,-0.07563998223642399,1.8239859682891721,-0.4597591131758778,1.240281130695931,-2.971502129156613,-3.6853033558307065,-4.208539424407642,1,Tier3
-0.3558188353382118,1.9538928293131255,-0.4605872593676663,-0.02894317402807145,1.3059822264066734,1.1318820095615145,1.4679076050369788,1.3290336850593776,0,Tier2
-1.1235103453834479,-0.4293557671376411,3.4741857339663484,1.8260155775475733,-1.1640738928623344,-1.9296524605001846,-3.6009439155993572,-3.622238708633357,1,Tier2
0.525719805887057,-0.8607307455122299,-2.645412159434267,0.7485974713097439,0.7166253264104473,0.656012174802497,3.2486550055639913,1.5743898578369553,1,Tier3
-0.015510369813372431,3.3549350002948843,2.958946061410148,2.3612841686872637,0.25167812878893514,-3.7238083163510525,-4.038143228431093,-1.6968063342595445,0,Tier2
-0.8310478483110985,3.161617456152532,2.8426684676106686,0.5812901219308828,-0.34461074832535066,-0.7342966269569544,-2.7518634321971596,-0.14803582335480603,0,Tier2
-0.2716279797439698,-2.2161268733685846,-4.847697793392658,2.0809923555919787,3.6429884835240904,-0.0609374586322351,5.943328400439445,-0.3819084427245254,1,Tier2
-0.9408488722060531,0.09285105371104252,-0.6159870598125244,-2.402067812007316,-0.9066424316362822,0.7010573838993733,-0.4489285375148079,1.8862153500831913,1,Tier2
0.4851389993319725,0.36304386254746546,-0.5869311624616049,-1.8454993750331674,-0.056097593564915726,-0.9144511504376049,-1.209443966105383,0.7219905397909518,0,Tier3
-2.9310967637125387,-0.7167887878898958,-1.587429943523162,-1.159554623374159,-0.5944632798790102,1.7764670784809202,1.9124818726325201,2.244589342070686,0,Tier1
-0.2826252795480116,-0.9179688335827445,0.41691567402087554,-1.28294952107942,-0.5431193172603732,-0.7245122746836832,-1.665293906133174,-0.9562695724787258,0,Tier2
1.698553206067221,-2.6491158361665095,-3.7965690193053705,3.312848833447579,2.608027509845872,2.7546685956105943,7.63334169772657,0.04091466475293337,1,Tier3
-0.8669840205875055,3.0353338319702936,0.7428821196972482,-3.2613523231712955,1.6569290763630422,-0.5304624261188502,-2.4260869736077817,0.14545765645844022,1,Tier2
0.4374746644216136,2.329440639909728,-1.5838452556428315,-3.3668686807891763,2.2294398413575074,-0.38529343435335717,-0.31336083117071034,1.4973807830899424,1,Tier3
1.7168459305521968,0.7210068054520733,-1.2130517543013064,-0.18766342919474477,-0.10733322299013714,-1.6114165737011898,-0.37633889898832606,1.50773150901929,1,Tier3
0.15998831789186987,1.4801388310796615,-2.0029942172823687,-3.204518262952902,2.890483503512046,-1.0797610750303774,-0.2280785242857024,0.3144472191869774,1,Tier3
1.273340552051642,0.8815997883259827,0.17228513204425477,0.5582993358643449,0.2014924202506877,-0.32539311429859286,-0.07269014517335493,0.2869045468506587,1,Tier3
-0.7196651691755729,-0.5379902043447728,-2.0851670607954085,0.08946703606297635,3.3172149554385886,-1.4183381460680922,1.4809122420823766,-1.955843564046936,1,Tier2
-0.5181357692550287,0.07283697942450618,-0.23992980693558996,-0.013850027586606584,-1.4077495138046108,-1.193453559138111,-1.0519772139913028,1.297419559582357,0,Tier2
-0.0994724027795285,-1.3961604064600983,-2.820038346558482,1.2568587098884976,0.015279659817879487,1.9176964895634276,4.464407398823445,2.3832568169687205,1,Tier2
0.13289998652542262,1.6646936246267423,1.9859791369552195,-1.3638821436758022,-0.00902963909783816,-1.0232096428162192,-3.1689124426583057,-0.9609765716564074,1,Tier3
0.581920189438312,0.7689022176191028,-4.177212845357743,-2.134277856905558,3.0518428522578325,2.8700991309204147,5.163150340227835,3.150275584785295,0,Tier3
0.386769903030794,-1.7835441582617593,-3.3343754172364752,4.198766630380827,2.120331001581201,1.507682779825228,6.635102599839145,0.3656412810750298,1,Tier3
-2.0827162606895335,0.2535421057509417,-0.5509963233053936,-0.7504731143651496,1.704609719088228,-1.5011088435626814,-0.6848068848545243,-1.3384560770964584,1,Tier1
-0.35837809823226846,0.6582514488749456,0.16357444709987976,-1.1685921397708876,0.05949906349898404,-0.1835773046647209,-0.8941890689684848,0.3039329204354695,0,Tier2
-0.6146877925374229,-0.5136553765506309,-4.187673775526387,-2.1538043674547156,2.6035551511571993,2.9182428837801915,5.131149749122386,2.4768044867670937,0,Tier2
3.513676313065459,-0.29006738911475494,-0.8626097604835176,-0.6043177737730099,-0.18141280572751772,1.140479466353643,1.2160354680825165,1.2277469200921296,0,Tier4
0.5329773658984741,3.505008779152182,3.194115340542394,-1.90437201305908,-0.9889327978955431,0.5656326180183735,-3.5268462928180146,0.87058986567214,1,Tier3
-0.06228182390564911,5.242058692226803,1.088201555577657,-4.557082481245585,1.139428207750985,1.7392617110569777,-1.8627498608194604,3.0086830135425027,1,Tier2
0.1619883436562097,0.7922630768560275,-0.5611383665574479,-0.5677113796159277,-0.3645178025992881,-0.3650991437700477,-0.22829428983968003,1.543611233998182,1,Tier3
-1.4798553430192238,0.8962674407970046,1.4349917135935049,-0.3225775936775199,-0.13271900193413377,0.0752846937045093,-1.344217667055827,-0.5803775307713293,1,Tier2
-0.596758318019291,-1.4321989350168192,-2.6711778429856565,-0.9285927118633253,0.09929034508035905,1.6079840672243066,2.978693859545218,2.032980725142438,0,Tier2
-0.8516928244212486,1.0965342202280184,0.9137844345475925,-0.9871756707543876,0.3645951108483245,-0.40674646832710026,-1.5215439962562054,-0.4829160549723597,0,Tier2
-0.4621951832629567,0.6292463525185195,0.9887180219893626,1.3401118408571082,0.003943284237718503,0.9285173026451397,0.5826631562337492,-0.20950969932230024,1,Tier2
-0.052085761646117223,3.355313667645445,0.2660595875217888,-0.01721096207329542,1.9098250746552152,0.8342213214276428,0.7551454954476815,1.1078925058316516,0,Tier2
1.5975461699369529,0.5240523109832824,-1.242978923683316,-2.449199437440045,1.3915726528106798,0.4186098723678957,0.3571619092306595,0.6045293477538848,0,Tier3
-0.9287565596886601,1.056501040301353,0.8003212317420138,-0.9841822374548382,-1.2387396479787778,-0.17453176812004534,-1.6311603286343512,1.2435401072586327,0,Tier2
1.198300439267942,-1.2921810578845634,-0.6622349827446246,0.7360496733914544,1.501243954561319,2.179530169855303,2.975948385514798,-1.186957595567637,1,Tier3
-0.27900802150803067,-1.8574731261958721,-1.7176248113691466,-3.335436263676093,0.055703995380556925,-0.059041153473571306,-0.32705982730023153,0.15308254686879452,0,Tier2
1.244731167430424,1.010257095029726,-0.03559634020138347,-0.8035663508167217,0.19393849077162528,-3.3200613881980363,-2.8937831802659995,-0.3486672954955621,0,Tier3
0.14138067630132475,2.2395867785971024,1.7181343085773277,-2.5720163630566555,-0.1541992462158701,1.9043168178107792,-1.4213402066928371,0.9642139115455499,0,Tier3
-0.6984224386906184,0.6912352175708485,0.09550812437147438,-4.518299044723178,-1.590610989088417,1.3183427709871758,-1.857827721482051,2.553674110668561,0,Tier2
-0.9907027589334488,1.935634229937249,1.561692920406267,-0.4524113127497882,-0.6936469499233248,-1.3266873831837662,-2.7434075541502065,0.28901918882533206,0,Tier2
0.3464642278810146,-1.369356510312811,-0.2845510788003871,-0.5394447656298305,2.43964509679629,-3.879108001767873,-2.367338716167543,-4.572942164974756,1,Tier3
0.175065046793389,-0.3519500900050392,1.6861666143029137,0.2710810094736691,-0.27697916168422143,-2.2345525550428773,-2.981759208548694,-2.5904413743366392,1,Tier3
0.01768327004313995,2.030815780432131,1.485793766360151,1.3074384703919968,0.7697775614796485,-1.2697692114090606,-1.3669628079877445,-0.9742712303844798,0,Tier2
-2.2936972502275563,0.4078663609404193,-0.10975772313122546,-1.4606396644584974,-0.006373928157985986,0.3444830204875615,-0.4326503707828744,0.6171093580598047,0,Tier1
-0.5696328035424871,-1.2302415949865724,-0.16507761599278348,2.4027654186903646,-0.43935253502320637,-0.4979332096280358,0.956542199560299,-0.6804539621107153,1,Tier2
-1.0713387501580618,0.2043376503973926,0.014357791506381723,-0.6297501198605735,-2.0956364566519845,-0.7733811740462893,-1.4333265454341075,1.9599623577300214,0,Tier2
-0.10398329868709742,0.7615033094132843,1.7103572547019068,-0.04815201969636673,0.7776544271425907,-1.578496836887584,-2.456665005009738,-2.434966653708213,1,Tier2
1.523368553129795,1.631934989945742,1.1961223175414308,-1.2243279590619534,0.8233680217290631,-0.7092278832732573,-2.013699270863735,-0.8547740224151633,1,Tier3
0.04085672131381844,-1.4940226359608437,0.7710632206577965,-0.9047439215071253,0.06730352638462977,4.077971541381241,2.0447550879845484,-0.8495311857503731,1,Tier2
1.8210197732551878,0.31117747984309574,-4.015273298199546,-3.0339876788697064,4.030548747963657,-1.4554663986316017,1.527889453437651,0.18952083839610268,1,Tier3
-0.1443119324167644,0.1483152201248562,-1.024396154845802,-1.632079592449709,1.4209054315527159,-0.4343479770834964,-0.018531579597571346,-0.28422048946133294,0,Tier2
0.8254141182487367,1.4919090285589183,1.0464398970287054,-0.5769632808925269,0.12430841757964994,-0.1742350644366376,-1.3071816690559963,0.03289315928947656,1,Tier3
0.6117685069485765,0.9532112755260875,0.49275858574222653,-1.890530621384828,-2.1717851414874443,-2.0865511472400486,-3.5237565947763736,1.7657122644476735,0,Tier3
0.5438158475517247,1.9494240286138558,4.131605170824557,-0.9189050744405249,-0.9109965694233733,-1.607433345198964,-5.35273852471679,-2.3216586730265605,1,Tier3
0.03215861956518158,2.2332297618829036,0.19886361861815394,-0.697760041205876,1.018149414667214,0.4996584848525687,0.02126871357262694,0.9504172743167899,0,Tier2
0.13394029593058274,-0.4538957509512226,-2.0804919633731993,2.2687514296335403,0.014245589510924694,0.33504671921364726,3.1649996069228292,1.8919364441300688,1,Tier3
-1.096782829414477,0.9611591470979357,0.5433031389752264,-0.26539318712879656,0.23353586211695065,-0.4246480290808783,-0.8794275820104294,-0.09364688158024725,1,Tier2
-0.4873205361087919,1.818676915053798,2.516220418045554,0.10810983867525437,-0.9216653999580615,0.2469670140149265,-2.086631892942693,-0.09628225831647064,1,Tier2
-0.7912495297675677,0.935247410878721,2.594063873348112,-1.1866937631730026,-0.6502461828352013,1.7282960587763014,-1.6181084991549977,-0.720510539596815,1,Tier2
2.2749884135364646,0.2541261052206759,2.4267655957700374,0.596739631473576,-2.0267353154394265,0.431763107377119,-1.8303848762330779,-0.2556039180726044,0,Tier4
-0.26696594618356206,0.5502375267283188,-1.2849813121299305,1.9834701245125568,-0.46546073628393936,-0.8463278939518659,1.3251718948483646,2.0111013436765623,1,Tier2
-0.6538033597937238,-0.03341294445722309,-1.3519446477414159,1.651741166304149,0.9974653110412681,0.23320672228149597,2.388542683404292,0.5008607506397396,1,Tier2
-0.31871610879204393,0.6244389115215503,0.24758814310440158,-1.5430920796076213,-1.7569033936538083,-0.760989553561309,-2.027857700256385,1.7679487242560386,0,Tier2
0.27726029436616295,0.4145275308430164,3.6255368626555793,-1.8217995128993638,-2.270969660174146,-0.8692645085555419,-5.131236005793796,-1.5604857028959294,0,Tier3
-0.3910497259790923,-1.112053370139611,-2.8248283907827547,0.6833509655648848,0.7910341081003068,0.49263621989986384,3.2625864124744774,1.4170713882638457,1,Tier2
2.1003956109556703,0.014672670195228332,-2.186181644199161,0.15614754835122113,1.0961141413425608,1.9172889567459825,3.5799105621256277,1.9163674062896368,0,Tier4
-1.1538036932359073,1.4047797018126005,1.1328486053999276,-0.3182426552247348,-1.1932883602992046,-0.7652762674475084,-1.9995581392709794,0.9486388261772114,0,Tier2
0.376505680977427,4.369109988445024,0.5969935801035859,0.6598553160059926,2.617133624016308,1.3112773701719764,1.3392473223613917,1.1145577300032115,0,Tier3
1.411646503919558,-1.0130498738047562,-1.2155262298458878,-2.318577847289183,1.2382627904008923,-0.94948367008196,-0.6213786143278373,-1.0954599940372485,0,Tier3
-0.504595558749045,-0.7069347137427671,-0.5569145167146581,0.301978044564972,1.113270255696924,-1.5501648995061412,-0.27372141051606524,-1.6363943222861925,1,Tier2
0.23251003365745868,1.5265725359495295,-0.7050007508946958,-2.343574173000424,0.7671320547379663,1.221586074384579,0.4020381100566427,1.7936180608789227,0,Tier3
-0.45404639815968423,1.7322951267196123,2.428439493840361,0.8760898181426995,0.13391736732694803,-1.139949735942782,-2.407497738659345,-1.5784751753444626,0,Tier2
0.21996209981516307,2.3560378416871504,-0.9050271305973325,-1.6632932477864115,3.251753002799785,0.5959866166636041,1.0144240176100658,0.10454782441318655,0,Tier3
-0.45265911659782876,3.221917192542914,0.6525050076356975,-2.713791637904399,1.2732613127613184,0.7426832711486508,-1.1966910385077107,1.1984824598030275,1,Tier2
0.34535686073450617,3.3375665739248594,0.398794728773449,-3.0193285809992694,1.5828705438910098,1.0142132232647643,-0.8747055338482104,1.3642090353041127,1,Tier3
-1.7063994104714486,1.6777220381145073,3.2028109552093174,-1.7055955251011987,-1.4893936082509605,1.0497862771872024,-3.124831327004321,-0.11348488862591144,1,Tier2
-0.847046819168613,0.8446504177789662,-1.881504832153768,-1.9703424590798577,2.1182575263182244,-0.5805959650571967,0.5367641222675783,0.5251612107234702,1,Tier2
0.21733684768254632,2.250704726033087,-4.103312656475053,-0.992988554691043,3.719599431497416,2.071161855105003,5.2112841168214885,3.455987600005235,0,Tier3
-0.7934614696311579,-2.0504551786327,-0.6587481064144505,-0.9015953251704798,2.8696564674806107,-5.050086321818683,-3.015933248516836,-5.581584972848199,1,Tier2
0.24068982229387786,-0.3332582321822124,-0.4152468842480424,-2.447895203985164,-0.11083147245142455,-0.2450983237544373,-1.1512854855863879,0.20354865092989072,0,Tier3
0.14141697257100241,2.261116464646954,3.087616704122898,-1.2495694146895013,-0.4625890619508619,-0.9908307651355479,-4.110263704584035,-1.1575993926566355,1,Tier3
1.1616069404668121,1.5276392604203481,1.1722891619607212,0.23488622471397913,-0.8816210642979267,-1.576143134080704,-2.2844298528331946,0.4355600938200437,0,Tier3
-0.4001376378530022,2.4771594920889832,1.5281565253329095,-1.5821809390908652,0.5068218624760128,-0.1795520414075935,-2.173584840558142,0.029238525154887673,1,Tier2
0.8113055056977589,1.992305512299159,2.993634407053515,-0.047800305529400844,-0.8440837288906136,0.059578007617242745,-2.6875300000614484,-0.5886419798607392,1,Tier3
-0.8417222679965889,-0.4473693107835759,2.0232981076746475,0.471552418786908,-0.025699239320585265,-2.6614384213131426,-3.4122102277639526,-3.4247595005226357,1,Tier2
1.352802149680511,0.15798324797296126,-0.009367701750627733,-0.17078164213212665,1.2564934297501387,-0.6072425320899204,-0.2485102728411397,-1.2749369311992913,1,Tier3
-0.21919922077454188,2.5265421245739033,2.231209351489741,-1.8720004413741715,-1.28201847953578,-0.10184348095351137,-3.268142708186195,1.0952332503036364,0,Tier2
-0.26516177223404164,-1.5660020945674793,-0.488704886934511,-0.2702413380118156,-2.3146647283725263,0.9170927399455607,0.4500388445410768,1.6980465969406713,0,Tier2
1.0872813456209043,2.0121056699908677,1.5158016309795237,-1.9627539838464423,-1.0947796460804318,-0.574066484313282,-3.0287982871218664,1.0650018070997693,0,Tier3
-2.441915562924823,2.5912851971631476,1.795938937525194,-1.055810220587121,0.6676006499562217,-0.5502522073658761,-2.361260310641573,-0.4419165201898496,0,Tier1
0.31562233082838287,1.5114456776252656,1.0102160865878114,0.16532716899589683,-0.27952032903049595,0.7797701163941866,-0.26080605944277946,0.7911088680651059,1,Tier3
0.9457291126502332,-1.2600238634284335,0.6318925817277594,0.3588427373815588,1.2672683760968237,-3.3462063389624115,-2.521275296425681,-4.145692805537136,1,Tier3
-1.6550168940722543,0.4047091597310708,-0.4502105863195547,2.2558965968377276,0.41119944333012404,-0.09442257064365944,1.5690875084004865,0.3814585968462978,1,Tier2
-1.3015463831853458,0.5928031179108337,-2.9843394245740003,-3.0624021630483895,2.4497224409631153,1.5301530128912573,2.547746632977376,1.871666124890825,0,Tier2
-1.4267375640444053,-0.14617823318563472,-0.27971004144188827,0.5165162831913712,-0.12902974299243541,-0.23527940310141626,0.2960864757419919,0.2108406840225152,1,Tier2
0.5868679358583361,0.052377405297184376,2.00255443616187,1.65627130468277,-0.9867705346455731,-0.24508843740377773,-1.185312621993947,-1.2327434645930841,1,Tier3
-0.8461329085490981,2.1178167459943187,-2.132608799652159,-3.7234501214228404,2.5511565100577487,-0.7111800882508648,-0.21669491590417156,1.4783329017207052,1,Tier2
-0.0361435972205378,1.6996115304384587,-3.603386687982308,-4.015043178407264,2.816146584858716,3.0677973452454776,3.769090932055478,3.6804016953880065,0,Tier2
-0.955211809699693,1.7020279833761576,0.47660575622753254,-1.3710817286421402,0.7017422424099233,-0.5471787209298032,-1.411632041301899,0.15072235445579052,1,Tier2
-2.492120701400832,1.0377837474554452,-0.37417483516348815,-0.1791217657132269,-0.6553292737428646,-1.0745329242954815,-0.7904307602524663,1.604857660202271,1,Tier1
-0.8098259570138625,0.3733633934210884,0.06470798000619016,0.12634515045099426,0.9767132490411298,-0.3238912794015444,-0.011136629615858373,-0.7994845724866032,1,Tier2
-1.2131506873002398,-0.43459294182867403,0.21427088730405833,1.3550231662505068,0.1526915266759934,-0.40204811494105763,0.28367902206163587,-0.9131194641820641,1,Tier2
-0.34178037492148444,-1.9233576303964939,-4.060570411934041,3.126093966858742,2.528069724763669,0.8786867728128911,6.288311946967392,0.42376010905798234,1,Tier2
0.5712516986466183,0.9950938541876869,-1.6857931353764928,-2.2870807160186812,3.108282583035367,-1.0280030832156994,0.10187654265413304,-0.6609853959277845,1,Tier3
0.04641633623479096,3.84399303735962,3.6319582504737564,2.1412420219324577,0.3828356776137358,-0.839813575050548,-2.5034463779452034,-1.1490371815703417,0,Tier2
0.2310710744819205,-0.24185926971159422,0.8996614543105561,-0.7198924730891528,-1.2749719207758408,0.10024669623852711,-1.3333650378682704,0.10883582287142446,0,Tier3
0.7698241312706066,-2.259075070197695,-4.199729573041034,3.2696672528259634,3.819436946825932,0.949394402885927,6.848383415417548,-0.9628913298879158,1,Tier3
1.3898682046779944,-1.8197786640192057,-4.243845128961705,2.7049635411979835,2.461610114861265,0.7998926323113189,6.137596904090953,0.7551472969834058,1,Tier3
-0.8930786006049823,1.479042994912417,1.4446465254248428,-0.9845860866972571,0.21497276986801694,-0.5010325858148621,-2.072601643476255,-0.5964153829505863,1,Tier2
1.2705053810343956,-0.5001128969273463,-1.9361142081911726,1.6939192166703267,1.275984928899631,-0.342926068243409,2.5321953446177212,0.24758958372043294,1,Tier3
2.121315929734298,0.5647150836852624,-0.10975263038763505,-0.7854685679451974,-0.954811639296922,-1.8641907402827846,-1.9801919188627446,0.9391685854434833,0,Tier4
1.463417447976724,3.147942160962326,-2.957566185565658,-1.2991152854472423,3.8454670908555855,1.864532905655574,3.9598752680626674,2.8395911525165545,0,Tier3
0.48667668606921916,-1.1153844508853936,-3.164866552109765,2.343707306482527,-0.4027852369267022,1.0847236546361447,4.57935862936159,3.1190612632770787,1,Tier3
-0.3974591697846353,1.6919182506645654,3.571665895430148,0.21856582747373543,-2.138261380097885,-0.3779284347889471,-3.648957973352049,-0.35953244809680374,1,Tier2
-1.6220263782875344,0.5875896358108526,-2.170565437382157,-1.9486621185281714,0.6258456753816576,2.9253225891380055,3.092905806171915,3.2264092127347848,0,Tier2
-1.148276834394577,-0.7996836569714887,-1.6037752110991816,0.3130949022278584,-0.03181526760716258,0.4311335325522475,1.818535009761204,1.1753732885644146,0,Tier2
-0.020473201969290162,-0.7904910982800966,-1.015680921971116,-1.9173010711633767,2.5506034193597826,-3.6629589175929382,-2.323509239784189,-3.297947667699831,1,Tier2
-0.003236870733649335,0.41292181380099724,-1.6717193773913686,-1.2974751784626573,1.1497708129284065,-0.7828078167381771,0.34980070319978585,0.7871714612023288,1,Tier2
-0.710114504684698,0.2518159437458397,0.673177220167398,0.5221563732401289,-0.11788828054966416,-0.3652883418427939,-0.5873968293388998,-0.5087148194484307,1,Tier2
0.8756049308219175,2.1118342723444323,-2.893367412666743,0.5492841349372557,2.1783430757326334,1.6882949758505852,4.3831571200434745,3.3970592577391745,0,Tier3
0.10115429469956397,1.744807000800405,0.46970010762087644,-1.1987914127755297,0.8338710585905371,-0.01771853600879758,-0.884214460975539,0.24116041221859685,1,Tier2
-1.4988247789067888,-0.3428533690819755,-0.4010641978324843,-2.210736770007173,0.7495085080126089,1.6932215501056882,0.6347501100493705,-0.017680438681848765,1,Tier2
0.6518337321690524,-0.16431115840025634,-3.1685737771696836,-0.9527919727423807,1.4253558427485635,2.097025421229956,4.018351772346066,2.559352607692949,0,Tier3
0.24749590391802714,-0.4375435649458175,-1.2757212965250084,-3.862466609269728,-1.238548622759332,-0.30078064476084965,-1.5001536271983482,2.1286495848225435,0,Tier3
0.45104363374589096,-0.3580381990161188,0.8116441998848277,-2.4949471143855875,-0.8290350481784354,0.333181994110582,-1.9100585638131062,-0.23675972235022513,0,Tier3
-0.3091434841489421,2.5997098425532945,2.3063371390357825,-0.9307760910815559,-1.551714165217393,-1.7131503428775403,-4.120659432888664,0.7962546977482224,0,Tier2
-0.6366176209441123,1.3653956065021946,-1.6098923150703603,-0.9334467696673653,0.9716993140062543,1.755129632672685,2.341256885245709,2.5791281170483358,0,Tier2
-0.18023570501649122,1.8383482613024416,-2.409069436670708,-3.6325941659440573,3.495818273205416,-0.5979481829589293,0.37584227263574777,0.6412132809932567,1,Tier2
0.8058934603321255,1.2312169983821444,1.0318541335725058,-0.4929687627964625,-3.0004483981810273,-5.2169201190798775,-5.804633028003772,1.187400582685115,0,Tier3
0.42556604588258284,1.4326441779413157,0.5623807454464129,-2.7952926051111975,0.25214415645300847,0.5562951584335993,-1.4942745489484681,0.6419377359862558,0,Tier3
1.4033805327436546,-1.636106234945749,-2.1703970495672116,0.581444646934249,0.5042807654780279,2.8973345913641175,4.443784486789458,1.3325940917366617,1,Tier3
-0.1154828963916312,-0.18001947799710916,-0.07513765006331963,-1.6923836497227567,-0.8136049760059139,0.1886866241681766,-0.8745074932081321,0.7965999515907636,0,Tier2
0.1490311263440168,2.15693879927297,1.5296639345222074,-1.8526717876171248,-0.21844427160357527,-1.1079162902790973,-3.1827455350556573,0.14538238271217319,0,Tier3
-1.1306119239505787,2.9603971663692725,-0.03938077775518689,0.4998977208084967,1.2173890143133104,2.8469248310071653,2.6489577635235113,2.4220891454484907,0,Tier2
1.109227535934208,0.35967056552957377,0.1476295337866198,-0.5041718847763237,1.4177807946969243,-0.46155251320451773,-0.40986259924426527,-1.3687377246630343,1,Tier3
-1.4260393293170577,3.8170596917987503,0.33286876524840325,-2.625786662074478,3.366108225629953,0.9587528011962394,-0.24681250324989712,0.09809818034738405,0,Tier2
-0.15372666069731275,-0.2021527267506713,-1.0066877383268675,-3.034032107936719,3.6299415827033332,-4.343064718141011,-3.195691925575193,-4.050985176948332,1,Tier2
-0.4326804985026243,-0.6637420453432956,-4.885844202050916,0.87387286132392,0.8270196939273847,-1.5050454872841232,3.527921646199182,3.316655511804048,1,Tier2
-2.4654939933130136,-0.20902370436361584,0.012622759727364138,1.0226520243034,0.079364256116079,1.30828989853113,1.5443213951981873,0.14644706090506532,1,Tier1
1.5538331422956793,1.1860921106312783,-3.1989015907799874,-1.8076267570212925,2.5043949391165787,1.9676586009518984,3.709571391889954,2.704805539993303,0,Tier3
1.3432289012964824,-1.2481859508997393,-1.565040536072233,0.15503352276860216,1.1298788187007032,1.6955673416056616,2.951277343904449,0.02523990368090412,1,Tier3
-0.6741189790132863,0.019454895638678638,1.4048181484131463,0.6435180249633858,0.34111226279258045,-0.7966860677329846,-1.3315316395104015,-2.0893823430805907,1,Tier2
-0.6000195816539611,2.8364247561319074,0.05771521975267335,-0.564534971542922,1.99175060826745,1.7240361616531423,1.3466335037925332,1.0924538465480786,0,Tier2
0.2528832771300831,-3.944680233433849,-0.1871892671591005,3.5835001323197684,0.1164133768887935,-3.2867555104124393,-0.29962968819509656,-4.548165076430433,1,Tier3
0.30638280074245927,2.3476208206465516,1.66197038472199,-0.15053789896390346,-0.5858123458709952,1.3637451379510908,-0.6158797583094839,1.3328886719909065,1,Tier3
-1.38928126862327,-0.5246330826983425,-1.5080529889982484,-3.807977964385105,-0.8740984229464062,0.15110497574819814,-0.8501579105863207,2.0938602613087753,0,Tier2
0.8748708753092173,1.4210026391684423,0.07851605352799074,-0.050666520029767126,0.48391783749203465,-1.8271411552360912,-1.4037304139259708,0.09837842668807029,1,Tier3
0.1332382865864439,-0.1649529567416942,-2.8047662153787893,-0.4724869731695265,2.09618980966446,-1.8688919434260356,1.1298404022824442,0.19194501318635415,1,Tier3
0.7358637437619352,1.8670048903442114,1.0711296221137545,-1.3258752347736937,0.6140176800260024,-0.7863824995107238,-2.0805475998784915,-0.3328764754311746,1,Tier3
1.5912231997682411,-1.6682174026595797,-3.0736008163392152,-1.054933617834709,2.997553684096373,-3.404341024516812,0.14067487425214553,-2.237056141577414,1,Tier3
-2.3679392654336255,-1.0445874113717832,-4.555272768057179,3.535603930492052,2.0707194274024587,-1.0248019732170457,5.330389777492284,1.540857327483369,1,Tier1
0.6040476593785556,0.3527872091578197,-1.6449561425834711,-1.810158221838384,0.6081473650750464,1.539369634073344,1.6899282428669364,2.011218447473245,0,Tier3
-1.396729446763195,-1.2741519633007705,0.8215943270500201,0.7348052949357453,-0.17964706094098037,-3.037243772617689,-2.5876472665751638,-2.8517244060815927,1,Tier2
2.950764746605784,-0.6352656978518955,-5.145707604080598,2.2915751533649447,1.097238633386171,-2.223252703717318,4.005967671198353,3.1008167191862657,1,Tier4
-0.4775447923350288,-1.3677427397633575,-2.9543738869394334,1.0715045608886982,0.9040661143435986,1.1567249704092126,4.110511025795765,1.4345946085730783,1,Tier2
-0.1961002821171336,3.151104975494075,-0.45955820699623695,-2.516385235834626,2.9372715907973985,1.9341928451459354,1.1155486236436976,1.0953332478642137,0,Tier2
-1.2396844358680121,0.39639228104024116,-1.4539279811183101,-0.4527273558394871,-0.817794293799442,-0.07117953437502189,0.6886282841854481,2.685035252174167,1,Tier2
-1.495349626197055,2.0762749880058546,1.3759427128491692,-1.4395178138846552,0.5545322654133851,0.044967896046770095,-1.7803294473004794,-0.1373532221964251,1,Tier2
0.690094797602683,1.1321029670010399,0.9709800713795751,-0.8753628339492309,-1.609644936604994,0.2936942964750442,-1.4491139252693603,1.6442459146694828,0,Tier3
0.08979608698994405,1.2896666313497331,0.9737604160482508,-2.499608940778091,-2.1085745313345226,-0.2549211817288032,-2.8455004819030254,2.1043844428293097,0,Tier2
-0.7041057461622038,0.8279609025685823,0.16350242870128198,-0.19603202917931972,-0.12413341167042413,-1.702436121315246,-1.5813146891677698,0.11743167580429692,0,Tier2
-1.4055789105072019,-2.1879291687455424,-2.8577119766669528,1.6572289586245115,2.335470762719536,2.0004766764065662,5.3445524879566015,-0.5188427268800662,1,Tier2
-1.5535572229478418,-0.7296656793680403,-5.647022036174222,2.745224205650939,2.0874169309144053,-2.917348174625495,4.366796489436439,2.3512889862287776,1,Tier2
-0.9948060936097859,-0.8528597055820916,-3.023930322190968,2.6561281487066735,1.6401258661815197,-0.2359358702336225,4.105793677559605,0.7665270940828455,1,Tier2
-0.7199817377150125,-0.8948277903638282,-1.9136426328164762,0.4308205887662184,1.1214130022471946,1.0007415450257915,2.8419903509972,0.48549414419159365,1,Tier2
0.8356572511822711,-0.8496702473651458,-0.7518906511359393,-0.3693002467252171,2.226178880985023,-2.138300904445591,-0.6444620007947437,-2.827511039660676,1,Tier3
0.7164073912990427,-0.6417715466841807,-1.1201327949069846,-0.2966385225722765,0.03504775733661003,1.972877804034525,2.2811462186688343,1.2528954587479673,1,Tier3
2.7985659120309045,4.087123518174276,0.9827541139098181,0.46988707243814964,1.4462244681739578,1.4720091526286072,0.7764069704090907,1.6495033674911268,0,Tier4
-0.2742731402743024,1.8685048980933223,1.4587208984556905,-1.6082154988235728,-1.4744113688844411,-0.8116039003608364,-3.061167012397334,1.2856924487291326,0,Tier2
2.335277786576755,0.5709350276660055,-0.057559125782191085,-0.8344430677903969,-0.03771020993977803,0.2029945325746234,-0.2652559937511523,0.6821818249439224,0,Tier4
0.7815181527137038,2.4348819805937314,2.2662856150161974,-1.7325679344904374,-1.5704288574509198,0.6173577486988227,-2.7443660814191033,1.4950574958592115,0,Tier3
-0.6663714077047016,-0.11021713577177894,-2.14583714505804,-1.40479237727435,0.17134310256029406,-0.6337106663956671,0.5772037246362909,1.8347378290363054,1,Tier2
0.5977706503364763,-0.654824570027321,-2.431775262083775,-0.7123561423851666,1.1298656186827882,0.44705639877701286,2.238517074828718,1.0734691182340095,0,Tier3
0.13882475714133868,1.6056992269904904,3.492209081819796,0.5223985611762596,-1.1414281835471014,-0.12199831810163919,-2.9907182033954283,-1.2417114136184901,1,Tier3
1.3193687758229597,1.481414098783444,0.5296599593865299,-0.11267312816072628,0.12167092825555081,-1.5764196894630036,-1.7029178246834937,0.10706162541082498,1,Tier3
-1.8197386399121749,2.9370996751410225,1.2056172103142433,-0.07008092417334855,1.7516801626401466,-0.1694182625075873,-0.8248188323633479,-0.44624659142316747,0,Tier1
-0.10786102892635638,-0.38949881224975025,-0.8432039985863862,-0.8841104619243108,-1.1114501634728706,-0.1661740812352851,-0.15465419637680844,1.594741423641353,0,Tier2
-0.002852270673149132,1.4039607983354934,-0.876142149900327,-0.3131308430218205,-0.03594506895402083,-1.9093321851452263,-0.9474337905287958,1.5864457616621197,1,Tier2
0.5158553280253295,1.9869043179469137,1.4935913306949107,-3.0426445066417123,1.6636710189809034,0.2659740245679375,-2.286762127727163,-1.331733618899864,0,Tier3
-0.9501449068564668,0.2819250745229611,-1.4019094588081913,-1.5918389169561913,0.6758164212133211,1.197718217602001,1.3658825039201885,1.5064339367654633,0,Tier2
0.43455954691339777,-3.9928613897634038,-8.163793090370577,4.878629370707269,2.477124024219727,1.374113118742527,10.989726489857398,3.167216488721863,1,Tier3
-0.8564195729613694,3.248312672645414,2.732172015946782,-0.31162962706555664,0.31774148649227385,-0.8693621498130581,-3.079335137834625,-0.6333097747745309,0,Tier2
-1.0715789405176976,2.547509855689019,-0.33601846184026285,-1.9649917012067901,2.451577721999822,2.774362357510331,1.8445929595906647,1.1740947528802348,0,Tier2
0.4598822437138199,1.4023526797806343,0.7526270550784393,-0.18896406350134398,-0.3681829710634814,-2.031766890039715,-2.384008355208625,0.12582856063303882,0,Tier3
0.004881240618592314,1.4978377554870947,1.973532040020869,-2.255597631248916,-0.9316397922688462,0.18667083000597318,-2.925958745404075,0.21658891957348603,1,Tier2
0.6943448944071322,0.4250501529114806,-1.5761612856975415,-2.715600289980447,1.5778285225388364,1.3534736531603944,1.2444013062585808,1.0050393318536337,0,Tier3
-0.8624217197354466,-0.5287561639670684,-2.7131733560272675,1.836322741215683,0.6035025310971966,-0.01411507676654189,3.3319740515154224,1.8161983028182762,1,Tier2
0.8983055138568968,2.0886809228746914,1.801621265361978,-1.0341193725121647,-0.8411571644278681,0.18364697914623052,-2.1415601586700985,0.82102131120137,0,Tier3
-0.157513987790085,0.3234847516870287,0.9763303288045354,0.027632481787750685,0.030210175342738177,-1.0528477630116038,-1.5831396920703753,-1.136299541509187,1,Tier2
0.7395234840549056,-0.06277857609338344,0.8342017317986717,-0.047933588342333855,0.8225290446023442,-1.7519092404256167,-1.8360345203359036,-2.3312290361939416,1,Tier3
1.3899850432724044,3.0044177533490948,2.606081018388438,-1.2503817804939819,-0.47603331110585423,0.12244810585176835,-2.900481845241267,0.39980966091130965,0,Tier3
-0.2504293322103213,0.3077095698906638,-0.08527340506561965,-2.4540818102118482,-1.8279202773075296,0.08657344173814008,-1.6007531431153597,2.204369866640686,0,Tier2
-0.4056259646062051,1.7342264340826838,1.6092272102095535,-0.6276403855098236,0.06443658880467296,-0.27472264048664596,-1.8913805293417294,-0.32808602063238235,1,Tier2
0.14510379388362948,2.656282950751126,1.9598160372761346,-0.29214722070104393,0.1651317558458114,-2.0430287350448713,-3.3450368641092556,-0.5745316363297239,0,Tier3
0.7576285725975442,1.333372128298113,1.001502281046581,-1.7046166477375921,-1.6837044952720226,-0.6060546942218097,-2.615932446218847,1.5731368593728732,0,Tier3
0.7317864863922184,0.505968907059726,-3.055552446168529,0.8952313727962151,2.403283894966218,2.1590843864150147,5.157603454015037,2.078542770372921,0,Tier3
-0.3442015976650044,1.0012773201759844,-1.865896439254086,-2.6305234089466856,2.291455976394772,2.031157277705611,2.190789363271045,1.3543630211735098,0,Tier2
0.6812562316208439,3.1754554131235686,0.8884600802751799,-2.252693283941745,1.2271850464694236,0.40489745254255105,-1.4119783634879968,0.8322837860757071,1,Tier3
-0.7258343041374581,0.7622879507744225,-0.5288680616362005,1.2364140022251806,-0.3021596117021268,-0.7687690766828648,0.4052423555293004,1.266339625283547,1,Tier2
0.7798745284307934,4.640987762495864,2.2705068938516835,-4.043847472133498,0.860335731148585,0.24578549658151694,-3.736980931283283,0.981300707711817,1,Tier3
0.03354209382480263,-1.176420880136979,-3.201080878703744,2.9772621414293745,2.4149757651349466,0.4267005208285557,5.115579872059765,0.12962101923857472,1,Tier2
-0.043022322964259174,3.876863069339736,3.201117821474673,-2.0754302862865726,-0.7614511625225298,-2.834609783288477,-6.155354921457847,-0.15687820026973132,0,Tier2
-0.9007384366187103,-0.9387647591435044,-1.5789953754623882,-2.5243741639258115,-1.8033094364026565,-0.9618680983318229,-1.1672756032894138,2.323379923944489,0,Tier2
1.438210776281385,2.7074699739062007,2.1227927016302957,-1.5391112012008725,0.963706138744458,-0.6083501928720687,-2.8599289579721376,-0.9905923461059996,0,Tier3
0.07208750410662172,-0.9477396208332057,-2.811337146578958,1.6415649497573894,1.4118546766450821,0.6821321431673608,4.042006088745146,0.9947537970415251,1,Tier2
-0.8278088794581001,-1.192155001164759,-1.3729308932067554,0.8294697521415455,1.2521754788959618,-1.2228586033040518,0.9664520715797245,-1.22755679712999,1,Tier2
0.7610866056087316,0.21470743556952698,-0.6457907507031381,-3.491368191401216,-0.13466427556714022,1.9578548842601342,0.1334118027731269,1.7038915369937282,0,Tier3
0.10073524631751796,2.3157668410947245,3.4567102059215102,-1.2995185742793884,-0.24636654834353622,-0.3304035451373697,-3.8881547537132723,-1.4944090579733489,0,Tier2
-1.5207475248088895,2.066474705327207,0.1661367145914674,-2.1099315661197995,1.2805621236162363,-0.3806228243265952,-1.2946822637529032,0.305556999336978,1,Tier2
1.8271567575793073,1.5625350236671707,0.7569953967668072,-1.6931261790620138,0.41131384615015953,-0.5690783733919433,-1.891470628967554,0.006959232864649723,0,Tier3
-0.25215685083557865,2.492396440331417,0.31093825400408015,-0.6173863154047666,2.720575383496159,0.5195505045574295,0.3835969167137794,-0.5939330051832712,0,Tier2
-0.6103998335406896,-1.64665966552255,-2.2566706199498796,-1.6721648727634713,-0.9364421774668228,0.893541530617844,1.4680951207273343,2.180924708465772,0,Tier2
-1.422260182210169,-1.8688546562785886,-1.7220816569105453,4.266417777199841,1.126606111197853,3.3800773259237267,6.538469953909452,0.1571074588368765,1,Tier2
-0.06760412435084459,2.7976989367116314,-0.9471400611918419,-0.4907128229203186,0.9390346328811101,3.5451015700014,3.3365123763341886,3.7631870357069555,0,Tier2
1.1525370103303259,-0.5522136495618377,0.6279458081053246,1.1443417091155612,-0.4665006876007376,2.875412635105568,2.1736493639774412,0.2359338024400397,1,Tier3
-1.1414567992076388,2.8191608338480045,2.606246377622209,0.8047612804531037,-0.26867476162700443,0.22498747883492443,-1.685901363270632,0.042962422075339735,0,Tier2
-0.6870450659553086,1.763011886402568,-0.9012884050056805,1.1172787723194069,1.9450320894788873,-3.4834045932029234,-0.9063645902637296,-0.5398756362621073,1,Tier2
-0.3419458118312522,0.7656766647632736,0.5248574602004308,-0.26085945401122357,0.41351491820415376,-0.04825081011703114,-0.5280712400776316,-0.29785290658992114,0,Tier2
0.39607752796858386,2.792931007583592,2.409201508669752,1.2394443629096328,0.2862655859061809,-1.4844266470636465,-2.4580828442056397,-0.8841100045453223,0,Tier3
0.4111456975296016,0.45918030455394376,5.273929620871225,2.2489574253103894,-2.758640427571848,-1.0181133647133134,-4.564328174357051,-2.904617468194386,1,Tier3
-0.06010294181646917,2.3571530797281905,1.805397797020204,-1.738576679752314,-0.2972355922352319,-0.47930824560163177,-2.8967297564422654,0.3127200310010241,0,Tier2
0.36972874103394227,-1.77571980251492,1.3726540914890428,2.4090820925022243,-0.5871915325031192,-2.172520087364475,-1.5825870696861633,-3.22066475288358,1,Tier3
1.179145716235675,0.730013753717417,1.5069891095575623,-0.6288418489487639,-0.1709727537925072,-0.050884077152630436,-1.6637590860016322,-0.8058884311505166,0,Tier3
0.9270974788911364,1.9902523963847654,1.4827538892080356,-2.230673374680879,-1.042336798535362,-0.4613386437707425,-3.0443497727145266,1.0704101296910262,0,Tier3
1.7835000132962895,0.3339684066576235,-0.17989066328665215,-3.543991212108641,-1.9455209357930894,0.37481175473216677,-1.9077670463651135,2.5521005984777188,0,Tier3
0.7229828113771894,0.5258773334722879,0.06904862437058124,-0.07831530883448645,-1.284926672363198,-2.2708881098358917,-2.1391703334523786,0.8920234299513137,0,Tier3
0.5514985299957588,1.712339031574504,3.1111629646049392,-0.41390022073047816,-0.6326913402436085,-0.9964436140983693,-3.717157862325159,-1.515519167631222,1,Tier3
1.1767833821743214,-0.2193365102422995,-3.607641209397011,1.1374846333088389,1.9408401646176596,-1.915718474252588,2.5625625745113463,1.1189118916740077,1,Tier3
-0.5841510598010923,2.084144016382516,1.3595400973561778,-1.2285740327243693,-0.08966096813990942,-1.2735104325695277,-2.8077621632472813,0.07467923956300226,0,Tier2
-0.8068119536816358,-0.7515006423561816,1.4705657435729589,1.1611670691630955,-0.5643140577296735,-1.5529092901574824,-1.8766545804613326,-2.218215539631614,1,Tier2
-0.20984211000905195,0.35978757663186733,-3.0775911145421246,-2.3579806567435897,2.7723249335648132,-1.0523275577010671,1.122781803627692,0.5833881650168922,1,Tier2
-0.8583881142065399,1.0668955777945417,-0.46643503990600915,-0.1714489880869441,-0.08132213694482004,-1.5266907140891464,-0.9179961321535026,1.0191740650147907,1,Tier2
1.8350049552611885,2.723177394846421,2.6081381938263606,-0.04518379726281352,-0.9874207812610216,-0.2601662788601249,-2.6701930607328412,0.5054255838546695,0,Tier3
-1.5757242629982147,2.6685447791241934,1.9889996166733128,-1.4355201610138435,0.06021474189999232,-3.0178904288369415,-4.734502151670061,-0.8031021342114981,1,Tier2
-1.7163271096772137,1.4665474833957202,0.29067730052454865,1.5550483428535213,-0.23618185377653056,1.405214905772388,1.54396354106332,1.6696804615703527,0,Tier1
0.18820208842281722,0.8970432573776637,0.26888041501491694,0.07182403874085042,-0.6856765470228969,-2.1248979242260226,-1.9818932039265098,0.470140048622256,0,Tier3
0.044961761758351496,1.1220795337438674,0.45772240581186846,-1.6766417904817508,-0.802746979987274,-1.6322660353540686,-2.7183978378999414,0.7664102924617233,0,Tier2
0.8805145741964782,-0.36062891361754623,-0.9729045761384885,-1.1546162013013341,-1.0964948606253146,-0.15354879963640322,-0.17892077285890662,1.7517898534752083,0,Tier3
1.6292081188074055,-0.6528596071714381,-2.044526164798415,-1.050966207894942,-0.0020617096699111492,0.8192521038390083,1.7568098442216036,1.8927964218598476,1,Tier3
0.4343624898395662,0.4108876114474057,0.10518695368398329,0.9701206769689115,-0.34410944519009634,0.08447999259641881,0.3943240753213981,0.6044018568448657,0,Tier3
-1.4769688615746857,1.0917964071851185,2.173373560599655,-0.3352030893903222,-0.2606348263989571,0.6936941553569722,-1.5220474941933428,-0.8657280450791918,1,Tier2
0.03923805481997368,-0.8939033933527718,-1.632566776935385,-1.36960837808636,-0.8040437661700596,-0.6869605680013622,-0.07127704477567687,1.523776862893875,0,Tier2
-0.6896617174685151,-2.262662687864073,-4.385787620843985,3.565285567132598,2.391061076857652,2.08891660247167,7.679737736251402,1.0010005031330147,1,Tier2
-0.0076678020480680726,0.9644092225204544,-1.015626116081581,-1.776643453529955,1.7039379443112201,1.2262914527901092,1.197843624334872,0.7081707694296527,0,Tier2
0.9467695460069344,1.1173305123462174,4.8836763906276826,1.8657114965931605,-2.6018841067832206,-0.03827647763273556,-3.6884349249361494,-1.7261730871530105,1,Tier3
-0.09808541239626974,1.8323500427145722,1.5595360608211966,-0.2406669822204538,-0.6683405669840563,0.8780284975387387,-0.9511579534774799,0.9052754078345133,1,Tier2
-1.7882474858842188,0.8647982956313112,1.6516572083434942,-0.8498853894069861,0.8572244173416449,-1.487874720199653,-2.7464975885987766,-2.31861777769025,1,Tier1
-0.39837213707773766,-0.5477311484123413,-1.193497858121971,-1.4480247902648908,-0.9256540263397213,0.2840115373249561,0.2245677401909706,1.803841977353089,0,Tier2
-1.4952545180032015,2.8968185411878977,2.452327038503195,-1.9168385209600616,-1.1544163731064403,-1.5095248939407795,-4.519655956795765,0.5956620166533559,0,Tier2
0.051502719973320316,1.9520576995470815,-0.9130787617151914,-3.4219949550030044,2.9202908902723994,-1.399702686348876,-1.4826608658454545,-0.5646927460524317,1,Tier2
0.3878877170798863,1.8748246880812443,1.2660691580608483,2.2964315498496486,-0.33628670927812476,0.9265755904634332,0.7386734501629828,0.919160815511981,0,Tier3
1.28679100245301,-1.6569410806711642,-3.7314900441843184,1.5755666541531999,0.9876364212586664,1.942549463856463,5.634613918003304,2.1824177105913694,1,Tier3
-0.6063205852377572,-0.0013768585601103833,0.08225175829635525,-2.8349077977423134,0.2010328889260402,1.0003930950046827,-0.7542831702441285,0.08062419630116224,0,Tier2
0.26500726923505735,-0.02651406657251032,0.340925718344662,-0.16231758320051726,0.8608674499516613,-1.435991470547906,-1.2461149477945705,-1.7028190338679505,1,Tier3
0.7332484725630033,-1.9592333067727727,-3.336525642813579,2.125944271322507,2.0189046131228023,1.7220344980112012,5.689209511773372,0.4065598386801532,1,Tier3
-0.41994423956869936,1.391638098956791,0.16428791372738127,-1.6114152208382582,0.6655104385571714,1.1448757315979932,-0.0005439553020272214,0.8096820497075016,0,Tier2
-0.05272508423498128,0.17563214349650946,-0.42912383265556187,1.815865230600476,0.6126763716576296,-0.6771878095479249,0.9338004180477093,-0.22934298265480257,0,Tier2
1.2115302123032055,-0.530026127353723,-1.102760209173565,0.7379686812191152,1.2004646271936008,0.7545798399167268,2.1624320378147495,-0.2200949388891269,1,Tier3
1.1347210354858641,-0.7785391929272569,0.5839007921692667,0.610307273297761,0.7587570771612211,-1.6308708086374621,-1.1863067455696261,-2.6041078360743857,1,Tier3
1.1692196043476297,-0.1013628160712996,-0.2892709696303053,0.3959751271547649,-1.8474326751973793,-1.9835596557378765,-1.493377856637627,1.356944388884191,0,Tier3
-2.6274248130323024,2.76921595121552,2.519145919253363,0.05722030696285163,-1.4292070312486556,-2.2755906740737144,-4.176418419647106,0.4011722098646664,0,Tier1
-0.6236103906056415,-1.3581320551486136,-2.833254609218474,0.8175653039541172,2.2597439625418154,0.8532295074122143,3.9698612897703334,-0.10626998841560709,1,Tier2
0.5060641378930499,1.966375925159392,1.6995707887486584,0.17514808236244095,-1.5313752120748476,-2.7173451711648466,-3.7788663426806886,0.5162795066909268,0,Tier3
1.3937155644181263,0.023844169787422986,1.0342800989761984,-1.6155981261032637,-0.3515217073388126,-0.7985737831879498,-2.3844634997091045,-0.9880389315691533,0,Tier3
-0.47093319782633974,-3.4151649609118904,-6.338870902376398,3.805624418745079,4.391968560531831,1.0776303527249844,9.14678082551259,-0.2241427293238012,1,Tier2
1.0109611858611562,1.271286395924716,1.0062296722580604,0.16847115132791401,-0.12884795907124813,0.6997080935858571,-0.2732775431431098,0.40868999143000395,1,Tier3
-0.417809221584259,-1.6915329457567987,-3.2602779141872316,0.6235728561047926,0.4788700068130345,2.1346276208776596,4.7741735560127285,2.219203472289905,1,Tier2
-0.23103693566139877,0.037809830487566476,0.8850950992429777,2.340860302334023,0.9375885056005676,1.9022594660694612,2.171878487723209,-1.2221470201039484,1,Tier2
-0.005622584426260658,2.23762286061556,1.8946282762372701,-1.3537461242544115,0.5216128470186445,0.09737745481032489,-2.1319506338520204,-0.5001074358501627,0,Tier2
-0.2526572157097547,-0.22022997578813608,1.653144872871384,0.30477657438019534,-0.11422341199350972,-1.7476229876482874,-2.5336747128960786,-2.435540998949948,1,Tier2
0.5702823044203353,0.44757809850657926,-1.360249486245244,0.256046287742119,0.5084844508021852,1.8092342600562112,2.723013192599355,1.9535977198042007,0,Tier3
1.3688845853099327,-2.3604332684371196,-4.052944905572535,-0.05910167007154299,1.5331317835995644,2.515612306483834,5.621980085349762,1.5795181215978953,1,Tier3
-0.5801452652155596,0.49983724786330475,-0.12763305042190987,-1.2105964931028699,-0.9113008865627499,-0.8682428111653085,-1.4227648240266149,1.1942945704827892,0,Tier2
-0.1936273596236468,2.1451872406342964,4.244890669556222,1.0136815432140418,-1.818130170678009,-1.015349534088338,-4.200955053185513,-1.2103489329483743,0,Tier2
-1.8411117324200659,2.4120174507088796,3.151296016845292,0.2988120431440422,-1.4236116003665775,0.9742116420634923,-2.091822875909181,0.48031527244572514,1,Tier1
1.5082349315811752,0.3905613551424234,-1.7617813189192768,-1.280235512465734,-0.24065860423234664,2.273430874429579,2.417445354828926,3.2351043329154994,0,Tier3
-0.8012932506336231,2.6555689383248997,2.2492482458898873,-1.733446158421799,0.4753682401448933,-0.6916310467216514,-3.243032843299591,-0.7209918189264128,1,Tier2
0.7073735171147446,-0.7863615911851098,-1.2915915160276072,-1.4374485422730419,-1.7724873481611614,-1.3432495357096297,-1.1160016694177535,1.9818094799741701,0,Tier3
2.293677076382116,-0.037434935700943583,2.9812126750405588,1.5245044976382087,-0.6763225345564705,-1.4345413293577003,-2.878325448632241,-3.0550742227807275,1,Tier4
0.658548553730445,0.6034689294821697,1.9162284421870304,0.5530164638954407,-0.8147916601089062,-0.6274248905194729,-1.9614734164468872,-0.9332883708155149,1,Tier3
-0.7965213077035429,1.610808583602983,1.1673394609299952,-1.6726562402096548,-1.1490043435377812,-0.709411994031323,-2.6943894146115124,1.0858859892433759,0,Tier2
1.0142669879699076,-0.6497597202444199,-1.3713275718963476,-0.7942651616097935,-0.8560453677164266,-1.690873293363544,-0.7619949747285573,1.171453474193375,0,Tier3
-0.7244621682423739,0.368362555446067,-2.0306469938941,2.4465622930839883,0.894063063159346,-1.114439824255446,2.3036547807544805,1.2264369600753984,1,Tier2
-0.34448676495407904,0.5322003239539383,-0.33297941073236126,-0.9573076540611566,0.918863895271704,-1.6073257612959218,-1.24757279235451,-0.5908615732649194,0,Tier2
0.9834764405625623,-0.6836117006462588,0.21994077679215496,0.15415946936734337,0.8744677166434757,-2.1729239490228567,-1.5151841417909169,-2.4184666007029914,1,Tier3
0.25616301965282456,2.384951933210134,-1.236650440975759,-4.9004977275673305,3.627501320075295,-2.1214241133756895,-2.3888082844146656,-0.7468586724925551,1,Tier3
0.7910754438725505,-0.10579895200039369,-0.5884159328162455,-2.765780647694645,-2.298355986907367,-0.8747753385338319,-2.180963535332274,2.5181841433269776,0,Tier3
-0.2687459905037352,2.4827720294346682,0.11871895470137939,-1.6731768065022763,1.2533823105258595,0.567747693005235,-0.32710835117198456,1.062209793589953,1,Tier2
-1.1961266586802455,0.642121826310393,-0.2690727715543588,-0.642669544316727,-0.2670656356461396,2.270546081264813,1.51766502306578,1.880026839906118,0,Tier2
0.9528001076053968,-0.6909920763104798,-1.0704912340275385,0.894428331468424,-1.3981927275276176,-2.264324262947537,-0.6804679562626366,1.1315496754013656,0,Tier3
0.431268441605056,-0.2811416266332667,-1.699414064969226,-1.1335850758360793,1.4645582340658696,0.8522243128346553,1.7933678072481585,0.4354342646820939,0,Tier3
1.450575700819326,-1.1346162840412446,-2.378795414662967,1.2826219465823365,1.984085299614631,1.1696600129985664,4.010745753974492,-0.02519876443670377,1,Tier3
-0.2909867411001344,0.8021242624233842,0.22371006252177195,-1.080228437951442,-1.3205049117149634,-2.376500378824998,-2.890013903991507,0.9831925819420547,0,Tier2
-1.1466430836672743,0.3369090951852549,-2.0415003858938254,0.40353468813818694,1.1930241261364336,-1.7245411066676781,0.8468045907765325,0.739822905121888,1,Tier2
1.5866683812059905,0.2561984498860549,-0.128522418824081,-0.13878269432166201,-1.5433653672406926,-2.1061650182503087,-1.9379227346216792,1.1714031405964795,0,Tier3
0.7842615695024255,-2.3545288377775115,-7.562651268583489,4.955768263504012,4.033540539644402,-1.5998898346066661,8.605924335797901,1.4712275436494235,1,Tier3
-2.7061569997716033,-1.6814011637140895,-3.8059355259308534,4.026930295732937,2.551382980064579,0.515697730115527,6.2777412872173075,0.21230284702862035,1,Tier1
0.9014020901613844,0.20129550262599083,1.4364541668509436,0.8537720995546474,0.04770923394189497,-0.40218403757012133,-1.0232473600967218,-1.54707753469321,1,Tier3
-0.8071774512125034,-1.1254597577359557,-2.5221563287719078,-0.04262077705630385,-0.3074238737420212,1.7039525769605453,3.289967437546718,2.563971696598564,1,Tier2
0.8450430673104926,1.1095325611462319,-3.237012836601064,-0.2652503873723707,2.286808085902462,2.7457989250424943,5.092775848446486,3.13029519271758,0,Tier3
-0.281370535527243,-0.8192790959166274,-4.7360685458390686,1.6613681451384528,1.972762150185466,-2.1810784214506462,3.5852738364535455,1.6672882190411626,1,Tier2
-1.0140883331826094,0.4843908375964625,-1.8688569207815902,-0.48265858218769697,1.013221416503105,-1.5700746604146794,0.3089014589305513,0.9232399171798603,1,Tier2
1.1574907312024982,1.6081203901748702,-1.9622778095420095,-0.30750216788309714,0.19824291407029215,-3.358259746507944,-1.1054129712416836,2.2185875477113974,1,Tier3
-0.544081311017581,0.4777504148227609,-0.27099314211002645,-0.6352539867555974,0.3006882135247835,-1.1719280126175793,-0.9440819039441373,0.038326351589999086,0,Tier2
0.09149142640100641,0.056168039711511075,-0.9650360065766913,-3.1142319760826016,0.2029136202622117,3.0860425380965366,1.532312641683517,1.945797708543632,0,Tier2
-0.3556773472480454,-1.6095847358048259,-3.0224534492633044,0.8968973462614871,1.313805773123212,0.9385565036301835,4.013815818168824,0.8227421180736082,1,Tier2
0.9866912199945005,2.384051342473188,1.0601617030196635,-1.5033944781436737,2.0149083005210393,-0.040107934480176244,-1.2830139813108639,-0.9783733134573946,0,Tier3
-0.1828025517326632,2.790400308158068,1.8658869705332148,-1.2969474280959647,0.8300007714239932,-1.1365285996598202,-2.956967850491031,-0.6903981094567704,0,Tier2
1.1875055205126552,2.7348920220700332,2.099227298612105,-0.19510163549166115,-0.3069263137278925,-2.9390831253020555,-4.201061928117866,-0.49241045426297103,0,Tier3
-1.7481878472406622,0.7203588526600051,0.18015435476525637,-0.2332095786525431,-0.5656441109852026,-0.4427949894048676,-0.762046565555327,0.8538034503811693,0,Tier1
-0.7589265408192374,-0.336481388840024,2.5270162000823095,-0.6714243213974047,-1.7658803464446553,0.003089133488290541,-2.8243124640427553,-1.2687790178573461,0,Tier2
1.1030922335588764,0.8108148044859342,0.12063469210047068,-0.03585318617467537,-0.5172447459288512,-2.9684501804370402,-2.5136869503531836,0.10873882417422887,0,Tier3
0.3744588071991203,1.8118742605079543,1.3971239737803742,-1.832610851328224,-1.0883540290635507,0.30447713651025055,-2.1902234448694324,1.29838770871726,0,Tier3
0.3648287889421647,-0.8574759005996069,-2.357125702593411,0.7731516639714748,-0.33154032246522824,2.190644830323693,3.9392420701173214,2.8010441412354403,1,Tier3
-0.64539309458811,1.1112459920504256,-1.9118250149525038,1.2290565624231167,0.9288069551079767,-2.560016444026207,0.45595595322576,1.258577863542257,1,Tier2
0.7062831431437482,1.1645986891497433,-1.080985832721015,-2.6035576138806578,2.6077703170139532,-1.74275365474206,-1.2242559357794014,-0.9028166308394534,1,Tier3
0.9747256009057284,-1.3579234721343583,-1.8231475690323151,-0.6490066459963406,-1.5356453829595855,2.648628652730509,2.8306131781471437,3.1293592849380145,0,Tier3
-1.5424162038886688,2.7059474962515377,0.4051355898909521,-1.1719301243678082,1.1177616195504636,0.30429087798851695,-0.5358216800922646,0.9928827255773073,0,Tier2
-0.3741446410079085,0.8692095814797156,0.6062269307497395,0.6018709682123116,-0.9140962986426118,-0.6518946911483863,-0.9161601725916764,0.7909374849216502,0,Tier2
-0.5249963268482449,-0.3244994851575722,-1.038329387339501,-3.367193790374938,-1.5162715309182,0.062289252864724975,-1.2278065410463632,2.3608840394672708,0,Tier2
0.9167682707243727,-0.052730759140172,-1.7053086348020878,1.7670235100169125,1.8272128859574024,-0.7081264121223092,2.222678841720972,-0.26193827952063864,1,Tier3
-0.16405323275606953,0.18141142575286118,0.1991244795660374,-1.4617938540805353,1.7413980927576245,-2.461658013569787,-2.388503737836049,-2.5510483488579934,1,Tier2
-1.6216014229044902,-2.7115867907433397,-2.7316061014766957,-2.1523975705178984,-4.235700552828014,-0.8048849420556047,-0.434093260761351,4.40220066078922,0,Tier2
-0.32441790215599525,-0.39425950924757025,-0.04191201915618947,-0.5831567076725742,1.2836817993199996,-2.239501186437832,-1.6516744347712697,-2.2943378655348994,1,Tier2
0.35418909321495473,1.0837496364814758,0.9195669928071726,-1.4299964391852278,-1.9438169776127978,0.14236113934243733,-1.891656705949775,1.938398689364162,0,Tier3
0.40719991580648,1.897428900053186,-0.7427141215073675,-1.309462201602756,1.597074829130117,2.550634284393954,2.1695861078713086,1.7832242786483699,0,Tier3
0.41793466062350854,0.23038849258256677,-0.033503218121387235,-1.3602404070927472,-2.098295377822911,-1.1353168391568011,-2.0543987078191006,1.9251223529545793,0,Tier3
0.8983342466106601,0.3545576305824192,-1.392606384944062,-0.9225634320871676,1.5566277956117753,-0.20959637731081615,0.8518424415531488,0.22637854660658174,1,Tier3
0.889563675057157,1.761039690813123,2.5555611117979806,0.00974621510377438,-0.7025761263368815,0.10302214920861164,-2.2257244864571213,-0.4498163230010468,1,Tier3
0.5397664303241543,0.521480904893364,-1.1336329091517057,-0.9148581813208181,1.289414448354083,-1.2167656069871011,-0.18709545016371454,0.023418017008503433,1,Tier3
-1.7063751662015183,-1.4569388348067644,-3.461586680460027,0.40854451208729214,3.8855952992211806,0.1770934616292641,4.14502273750968,-1.3277276270971847,1,Tier2
0.07477684662155416,0.595057166992429,0.11997854136115027,1.4097729021932013,-1.0820485479066666,-3.9997074801410544,-2.66058363206639,0.10904033700552407,0,Tier2
0.8792965256794323,1.3206816470410723,-2.281247173577131,-1.0276538898671235,2.9637023422421858,1.0009439015148134,2.7435207793701744,1.0649496024992011,0,Tier3
-1.4389428634499404,0.0015832062849607809,-0.7345370589195794,-0.6689106035102255,2.51730341608679,-1.8476136001335297,-0.5534589475679392,-2.274486551717417,1,Tier2
0.3376567976939641,0.2953791579975886,-0.6511118361880469,-1.21710062050835,-0.30002941294684227,-1.6897656630094096,-1.4692338158996971,0.7033623290955455,0,Tier3
-0.9941057342308224,1.5093359864198734,-1.009699455908014,-0.7450919320384692,1.0428909072925645,1.6192432888604222,1.8597423437061056,1.9484867710553293,0,Tier2
-0.98870611557405,0.32557454849060474,1.1683977121207472,-1.44810388195474,1.2539138042245046,-3.046655337398512,-3.7363334016774417,-3.178412782094767,1,Tier2
-2.2173089054711967,-0.5235418134346093,-0.8270019130312894,1.331291099724394,1.042213383289416,1.0672663968437996,2.44860190282492,-0.2578297079777476,1,Tier1
0.7142508458989006,3.186072617851966,2.991330882888591,0.20496034114708217,-0.9016847982987335,-0.7913979419635953,-3.2478000557366604,0.24345078276493215,0,Tier3
1.233242982485753,0.08869531293178934,1.3047545534496072,-1.6069406167819023,-0.440890645977033,2.6072629195244845,-0.044587857594351465,-0.0005900656816311134,1,Tier3
1.2678987951708858,3.131972060576619,2.0974556728872034,-0.8760094346963437,0.6553172586643018,-0.7701946668399118,-2.6991365017432276,-0.347684474434784,0,Tier3
0.8274648012495125,1.373748478726352,2.42679561049399,0.03755836156650072,-0.3926771996526883,0.03188044330551287,-2.074136681427317,-0.9820106020688253,1,Tier3
1.6653588124305174,2.7570594907289303,2.170255295481102,-4.3925356958988155,-1.3037327964672687,0.1797706717573555,-4.344448092439423,1.5093299741712014,0,Tier3
-0.665768455807889,1.7564476899711736,1.4698388625648073,0.5035631821113242,-1.035267298157556,-1.2031350419831044,-2.1471028405366317,0.5911795260019717,0,Tier2
-1.3866957742675619,-0.49699874274076894,-0.17357747883207808,0.19980341845373684,-0.5155335347827177,2.410513645268785,1.965541471999814,1.0460981612442355,1,Tier2
-1.9564074511792362,0.5789262826697739,0.2805578018926975,-5.532983199142526,-2.800935464759716,3.1294078575453197,-1.4556648990726844,4.050362887147735,0,Tier1
0.961085968241973,0.5849683591392602,-0.6503245295972078,-0.8363961379268725,1.9286492755970375,-1.002125307806019,-0.2280497277011484,-0.9898254180092171,1,Tier3
-0.4865312708925418,-0.12168685445802563,1.016302930631048,-0.5910498442327956,1.1587722510499914,-2.3647977641701368,-2.6531787337230925,-3.1033702683098223,1,Tier2
-1.1002517228009645,-0.6893131295694344,-1.5117608065125667,-1.4750064425915537,-0.3371416367030563,0.20094210189834882,0.5516277344115463,1.4172102054524596,0,Tier2
1.3177766977259247,-1.1347328720368046,2.389559585145625,2.899890957825307,-1.2178687222219047,-1.3312096847180692,-1.687314507345773,-2.8500160509394137,1,Tier3
2.9359748746381094,-2.187364369908728,-2.8547590540534657,1.4750583159626112,1.1384691200033166,3.084796363713198,5.783013397944224,1.0083301968905918,1,Tier4
-2.0154014068621935,0.7586368815662434,0.9267422525569464,-0.08455873097013278,-0.07504277288424799,-0.4479023043943484,-1.1820503431024258,-0.39215042496904207,1,Tier1
-0.6382929251113144,-2.0548473333434956,-4.66259331209697,-0.3381102991895668,2.7773947161475925,0.32000259845585766,4.596309405638526,0.5624936500760308,1,Tier2
-0.4652991634843355,1.3051312875002599,3.464446451850412,0.8281737781648859,-1.3901951433085111,-0.12971137949234557,-2.862678760489592,-1.242300326611431,1,Tier2
0.16492924878638401,2.672068354876423,2.4360064431805712,1.4430367253061256,-0.12816643308779319,-1.2510900582646045,-2.2907885480205286,-0.5406990619007681,0,Tier3
1.5075674538069848,-2.4690768058294683,-1.6279783173488165,1.334854513155428,0.9649916209851277,5.051444118035632,6.164202425689922,0.27148293788776634,1,Tier3
0.10975340127556972,-0.3889516712396913,-2.457096592476346,1.3478060637525693,-0.4519706679341464,0.3568847332208521,2.8914623149386935,2.824855053742777,1,Tier2
0.6466033975037647,1.215213046020146,0.9103326503437251,0.3368538830464298,-1.346527391330004,-2.525702547050619,-2.836730573712077,0.5749220144774709,0,Tier3
0.26366934468270115,1.7419638562306266,1.327907253776446,0.12053458206508538,-0.3165739271008349,-0.7759756116056187,-1.7381016090160737,0.1756550821789734,0,Tier3
-0.01585513388758311,1.2055855979548584,0.6887139214511003,1.7779140273341838,0.09828039658925869,-2.3447031190568457,-1.4163063028100698,-0.5624635122010739,0,Tier2
-0.10098034615933793,1.726240387972914,1.7955429629828377,-1.9731862424393534,0.6560958696369137,-2.1314448290118517,-4.017378649358072,-1.712598604050997,1,Tier2
-1.4953821824487257,0.48312293723594724,0.9599446442383084,-0.47997175103679923,0.3702039410317979,-1.1597023601658993,-1.8421038991472725,-1.3382392250142248,1,Tier2
-0.36054902617202,0.7653497460735212,0.38197678907686333,0.7274849591237784,-0.4196430031150995,-0.726201363676636,-0.6024287465444846,0.430129089877777,0,Tier2
0.4436168006413885,1.919077713898492,-0.3912714658125229,-2.872224631938841,1.8501756844620516,0.7275965890643206,-0.2615021377267912,0.5924052882219778,0,Tier3
-0.6515465769762155,0.7582734704434384,1.4239312846102978,-1.1491946075982198,1.718306991955389,-2.548857791024882,-3.313729161124372,-3.358547564142759,1,Tier2
-0.8783327991137353,0.25426388148168,-3.3994933525799818,-3.6125731676759125,3.6096057192759843,-2.573920936554628,-0.22502685174780757,-0.47363683908330434,1,Tier2
-1.2052471644989584,1.437297401572949,0.7965608437660726,-0.7327141534644028,-0.2333174914419538,-0.9958986837522857,-1.8906790890461769,0.329029273113038,0,Tier2
-0.9303115711456651,0.022341568454376848,-1.1508957538911868,-5.496103752696024,2.121597138277286,1.1476571059113778,-0.5810554457468475,-0.3728743990193204,0,Tier2
0.07419057067955154,1.698409759568547,-1.6630280558852768,-1.2286202042708252,2.4552390274372784,1.8001172751406096,2.60550164871208,1.5031117970625467,0,Tier2
0.33996379075691296,-0.44483532340500664,4.054644041303968,2.671787255893175,-1.5791714499321796,-1.5207987462661419,-3.4182435367885384,-3.725695654154295,1,Tier3
0.12459075794206703,1.1385707815804333,2.9824931071327017,-3.221028032499719,-2.8961214681898957,2.4244316521931433,-3.019178829911832,1.4901284441141849,1,Tier3
0.5204017627353577,2.7724283113121486,2.4669296520140285,2.0232835578591253,-0.7733990919679645,0.9160284912147303,-0.5256659074879938,0.8579698309156805,0,Tier3
0.04638355791654349,1.0594118956114496,0.010563884051120187,-0.8815633225506632,0.3494871664195094,1.5439714521685264,0.7467593717041863,1.1114564581804198,0,Tier2
-0.8990971326111976,4.228219925938969,0.1112612026853545,-2.7273048421410833,0.44445464962510006,2.6418982495195964,0.4485117401024362,4.109578756143326,1,Tier2
-0.3906286427666739,0.20543780530936917,-0.5818524186767267,-0.3087736283201944,-0.08621957408282754,-2.1250627980205676,-1.3236529644776964,0.18566540620693106,0,Tier2
-0.85287820987419,1.366864688556379,0.7773698980693157,-1.1779843705650976,-1.485144676031442,-0.6996057527429489,-2.18030678457351,1.611521213600343,1,Tier2
0.5107098709589695,0.17280518196416383,-0.6530913425265341,-2.7983726584692086,3.2337253795469034,-3.813782713483281,-3.0653419464425906,-3.5367144552603245,1,Tier3
0.8371330799185732,0.308287341878585,-1.422577310715285,-2.1724358916725413,0.44025575113875437,-0.21051095116556384,-0.0462639358173077,1.3204152342767994,1,Tier3
0.44631343147647756,0.7952701726852154,0.2244732293082774,-3.155855727350016,-1.1123231864480903,0.6179135826501605,-1.6658968851851392,1.7929041738491784,0,Tier3
-0.28294497536435914,1.937906800938224,-1.3000420875342118,-3.162312922159262,3.2149568690624077,-0.8728472945736789,-0.5603977449198378,-0.27891388139357176,1,Tier2
-0.8576946679325813,-0.8615842225974226,-0.6702473819756569,-0.8671991072518563,2.712451298377048,-3.5901162858382585,-1.956935410781818,-3.8762366134404647,1,Tier2
-1.0382307304919214,-1.142382367017767,-4.3893289646646645,3.143173987547414,0.8384024695314503,0.27199915174296874,5.680610827860182,2.9140589732922235,1,Tier2
-0.8666786213532843,2.0940781677485347,-0.8853160563209512,-2.993028403506244,2.467972879765318,0.20415175141969155,-0.176658382544697,0.5007633677663885,1,Tier2
1.059638220644354,-1.135499999602716,-1.505284647920774,-0.46422232465911184,0.39641522834449505,1.1723611990436122,2.0023910162362095,0.6100026078185926,0,Tier3
-1.2661959099636664,3.3850536643450546,-0.17060617343158202,-3.4759971679690906,1.9774618169252598,0.6146034914918115,-0.860438625394337,1.5027442984250197,1,Tier2
-0.5059063354307114,1.6999939215135806,2.2221039874904136,0.48617907917413916,0.4178936365871122,-0.11484787369834004,-1.599396586476787,-1.3182217134372483,0,Tier2
0.34409443166432935,-0.010051363785769762,-0.47131143111104246,-1.5571903975938415,-2.1094553010588446,-2.0684640156854837,-2.5024355277661403,1.8828125020461306,0,Tier3
0.9099641374112959,4.352971814094536,2.3248785998275996,-2.385783333453323,0.4322025102064234,2.0049769658494014,-1.6688532111063628,1.6503288915418861,1,Tier3
2.244058511936747,1.6483672257363446,0.18987148620969085,-3.0345871038757815,1.8661893445541413,-1.7286718824002896,-2.669744816823293,-1.0990809991294934,1,Tier4
1.4663987246010093,0.17711514547257523,1.2640582874180943,0.5287770060746262,0.3309997666836393,-1.1786336481528217,-1.5735453903041865,-1.91475929744132,1,Tier3
-0.4147493167088482,2.3182407046466773,-0.20371988346942738,0.14381166829604686,1.3920686696645133,0.49626926727052545,0.876819163825723,1.080522904420904,0,Tier2
-0.007815917090578843,2.226613369432804,-0.691991937050356,-1.858425787387616,2.059147252949731,-0.12463197571285911,-0.08745673692975142,0.687787506159792,0,Tier2
1.5559537240668089,2.8259004608737364,1.552553068380362,-2.616676338001779,0.8756710957716421,-0.48105936143307504,-2.88970242924336,-0.13514050307474867,1,Tier3
-0.7541921187951445,1.2178751956103597,1.3946686694860846,0.8525026599457544,-1.1294879946673944,1.1449647208813007,-0.129286160580534,1.0618426627139006,1,Tier2
0.4693077924198947,-2.0775585638964866,-5.725732925781265,3.161532341939215,2.0059397253371514,-0.038690031640091105,6.8529430232697734,2.270723643082159,1,Tier3
-1.0472740400910394,-0.7580018614678348,-2.3542469979504985,-1.764688015336089,-0.07481698054016594,1.934159535443103,2.46437634524834,2.580460808445515,0,Tier2
0.6908871287623843,-2.5072252192544253,-4.683885382700536,3.6459583647027034,2.501807583707385,1.6725690072652681,7.684262462168315,0.8553128096944638,1,Tier3
1.5940284730672647,-0.9080352803924758,-2.804000254492785,-2.405366611878989,3.7530080003643738,-3.5370833663350427,-0.7351429879144789,-2.615664891655804,1,Tier3
-0.9488789445761757,2.6413538857129812,2.925041099827856,-0.841676002019108,0.6539028255416572,-1.2193766450946835,-3.6823148482488692,-1.8159653971110608,0,Tier2
-0.5221314199471975,-1.1899140924756824,-0.5820934814754744,0.8399890983258421,1.0039278263815858,2.5104259046099946,3.0944823674651705,-0.5881468352898047,1,Tier2
0.4306701193507018,2.800822835391009,0.5221840300101595,-2.0290777270470715,1.0439527359267153,0.9897639317264937,-0.5840372082224776,1.2618290478779568,1,Tier3
0.471809099253734,-0.5398673254216728,-3.343258779495825,1.1302975952651502,0.7901467583975544,-0.42786024268793565,3.206220111736424,2.168624745617634,1,Tier3
-0.573195807468886,1.5327584061410278,1.2491566216378343,0.5905374234811207,-0.961498140002819,-1.2037876383278818,-1.8970898479242169,0.5554089720721146,0,Tier2
0.5359644092424989,3.936953407064382,-1.1441664810217558,-4.39157216148714,3.1628320355272734,0.9476367006557029,-0.03054829610720189,1.9986139430898975,1,Tier3
-1.0608834215622855,3.4646398364242215,3.4166411380974635,-1.3693167470517227,-1.183897011182844,0.22402382374806118,-3.7306894270660633,0.6672061449164344,0,Tier2
0.628208011796339,-1.0671780988190558,0.9093379552255846,-1.6101204088712748,-1.0450267670364788,-0.5413481515848504,-2.215653158908276,-1.060853941804266,0,Tier3
1.9588100681422542,0.44221646849354246,0.09711578927433284,1.0000191062641197,-1.0710604812452944,1.4310332949497995,1.2627892885461447,1.7969335251548815,0,Tier4
0.4885221794282672,0.8787093508445195,-0.11561892319903277,-1.407720163547754,1.6378586568924904,-0.9368449636195477,-0.9943517222278448,-0.9887547392722165,1,Tier3
-0.07825521553347335,0.029674879499817175,-0.6515908268940264,-2.673258001281111,-1.020910513630335,-0.27226273483980834,-1.3249862108428807,1.6593401963233871,0,Tier2
1.1424495630017617,-0.9245935272875994,-0.48250314421707863,-0.1366386533137055,-1.1094702424506582,1.433684798204702,1.1730408066638423,1.2553923895849934,0,Tier3
1.2158839492580868,1.6494752838284445,1.6123319744653999,-0.5564989426574873,-2.697946525934551,-3.5742097568977895,-5.009154361294806,1.189771085241062,0,Tier3
-0.43600197022494996,-1.1644623424861176,-2.5613575524782903,-0.71459655618617,-0.14482199733179835,1.658599714384836,2.9736878836834575,2.4055237294597647,1,Tier2
0.39034874889595167,0.8269645387056144,-1.237098238232989,1.5948096211717606,-0.045257631302535906,-1.5017311518636767,0.6763108022907602,1.5824252890944233,1,Tier3
-0.6542121157383459,0.07948854770551594,-0.7149815562119998,-0.07630664916699093,-0.4633364733008898,-3.4442150461487677,-2.1773117956986843,0.1428029605427733,0,Tier2
0.7871490498965369,1.5601922210740649,1.728564405604399,-0.38144696008098067,-0.30651937073444935,-0.10904761635177906,-1.8164984312567154,-0.1961518127882228,1,Tier3
-0.28967445509489786,1.6248179853159832,-0.08637022584059656,0.11422146469801198,0.5244383117675263,-2.7060077377514835,-1.8445660229469354,0.12192522757477853,1,Tier2
-1.3764734410914066,1.340748856450181,-1.6506112816155625,-0.9346539918473148,2.217061414357664,1.6039744507355087,2.556082967763208,1.3360992219609336,0,Tier2
0.5188439229401117,-1.8832777975576658,-0.7248545849188595,-2.5579341691940085,-0.40303214697026224,1.409144829488899,0.2751917993888861,-0.004826377724598263,0,Tier3
-0.6489547856369821,0.9284966610526306,0.48853397386574443,-1.0979163289141622,-0.5216679122754293,0.7054469302506197,-0.595553976565961,1.0577652719901836,0,Tier2
-1.1074607803497711,-1.2628697324408376,-1.5170018378366372,0.5890143974207251,-0.5844117531375284,3.168942586883901,3.8495336947539585,2.117208175761929,1,Tier2
-1.154616824354365,1.0960854525732102,1.4252350765615436,-1.881832230224465,0.2284224072598695,-0.11187154634923213,-2.219331162949348,-0.7887027010098082,0,Tier2
0.21439434738168503,-1.6221686418672912,-4.336417649038255,0.15523839635768577,0.2701189995264127,2.618817028127669,5.721505744862544,3.8010668947936477,0,Tier3
-0.25981653389290366,0.4325933197673455,-0.6793579113931747,-1.0481710188421651,0.3368610871803218,-0.035222851229296914,0.0429587448572164,0.7821442923836202,1,Tier2
0.05474395453837187,-0.013687887824972433,-4.623303323671166,1.9027994300947295,1.244617166599691,-2.881682521058966,2.8916529422742276,2.7359587957555633,1,Tier2
-0.5551012746191685,2.650116007576376,2.484294995302555,0.6109904158040622,-1.523465771553182,-3.1869996907108553,-4.565369047971666,0.11523803261629384,0,Tier2
-0.5248547799343276,-0.22955760526754698,-2.5402508661624514,-1.5224475195287697,0.300546366401203,1.6062130553919252,2.5682577234288484,2.7702943840594942,0,Tier2
-0.3895943705336476,-0.5170055616598137,-0.952524573422592,-2.6506337607438155,-2.4549387107418243,-0.4516186657213723,-1.5269085526348762,2.834499728093582,0,Tier2
0.11789407276334242,-1.2674907699224582,-1.7217060063837935,-0.600755611265028,2.0539400805979238,-2.7667326709122193,-0.4781292591197377,-2.1997763013465015,1,Tier2
-1.4556817265935151,-0.2425621240949336,1.9126855069639839,-1.1657226520859245,-1.7921186834586358,4.094897799473742,0.5070696049867931,0.862591539186339,1,Tier2
-0.5146974113162374,-2.865701262681264,-2.9163039941649784,0.4041948767658088,2.1945634804599186,3.890734315641276,6.1518570627011755,-0.27722945228450224,1,Tier2
-0.0713906357151618,1.9047988105201252,-0.20254008744478913,-1.5475073831575061,2.5261472937844967,1.8144633543428808,1.2660397803184114,0.0644613021501399,0,Tier2
1.9647410016492728,1.6282453323909962,1.3986272926559304,0.1804208853504936,-0.4067434811697619,0.9911353880764453,-0.44387315938658856,0.673704668159985,1,Tier4
0.7790295379797135,2.222106123386629,-2.843446503084049,0.026542740738534132,2.153777330139611,2.326790767326731,4.541478517865086,3.6838566401080497,0,Tier3
-0.371142076954873,0.25215997043436345,0.9960287826024503,0.25006091383080253,0.7889668406962212,-1.2368585081071437,-1.4389774958486699,-2.0243459745223866,1,Tier2
0.2721992597537909,0.45342829545851393,-2.3171994900016664,-1.72897718608625,1.1675413333120994,2.482299141055534,3.1256820717007114,2.5860243744676916,0,Tier3
-0.9805463271163027,-1.6181931460197347,-3.458353496407031,2.630194420234629,0.6291682023510806,1.8206980933392192,5.788120753543128,2.2215169645105663,1,Tier2
0.3964597130409407,-1.5280778769195447,-1.1475341729580129,-0.37234149500296976,2.5233489638006743,-3.536849203597491,-1.2904719011163173,-3.7611525449330774,1,Tier3
1.969340336819593,-1.2792058577186216,-2.8524510549333075,1.332780025834028,0.7332868442037774,1.1282211582909683,4.099910589604425,1.5582052300740639,1,Tier4
-0.7442460611397718,0.16008001604850997,-0.399346994483608,-1.2439921445717124,-0.9106276870592698,-0.3355215845176034,-0.8042517947725037,1.3600531622789358,0,Tier2
0.04130141786486448,2.088191700328462,1.5514894921968452,-1.5970318101342431,-0.6621839075081445,-0.8625662988310772,-2.983463520766361,0.5723209320442428,0,Tier2
0.7022043139226125,1.9681200470729356,2.477812738181682,-2.03207137935401,1.2653176209060994,-2.0560251656358677,-4.41125966307318,-2.7956137687063785,1,Tier3
0.4719104151741429,-0.6532288163425994,-0.18875518528550284,0.2989507767926596,0.9088380318059446,-1.345142266974691,-0.47098048056388864,-1.7147373955217138,1,Tier3
1.0971775503822956,-0.1168485627851179,1.4524077631797212,-1.6873386079614439,-0.4006207463634288,2.304606801477327,-0.4207922160257393,-0.4797221726412888,1,Tier3
0.5865593133958481,0.7142572166738543,0.15289122594116544,-1.4829310750861557,-1.3525777204539602,-1.7410950113524446,-2.5678524432208008,1.228120563317186,0,Tier3
-0.46754654788279687,-1.667886293360814,-1.6940563677513132,-3.563146318583872,0.3506800764496437,1.0333920375294525,0.42538619563333085,0.37421834547480837,0,Tier2
-0.9290649408936263,-0.8699660797182874,-2.2598445421590636,0.40563554661390777,1.2689202197563572,1.0128140946783084,3.154918867998915,0.7380798929991031,1,Tier2
0.648479326697246,0.7481378697557453,-2.4354244407858676,-1.2797081182105825,1.9621196847843714,2.4761849520490076,3.6338157733212197,2.191727126629762,0,Tier3
-1.1157803568259743,-0.6193316868949134,-3.0513054014083263,0.4910538998236127,1.251857244718643,0.3140884433036727,3.3053056052390257,1.5898924630290516,1,Tier2
-0.9036343635923532,-1.7591226957293147,-2.742212717178287,1.1907748683148573,2.485115527394909,1.556586292135566,4.690691968584372,-0.5497930874679038,1,Tier2
-0.7071005858762134,-0.8544090794547234,-4.672475811891559,-1.919080677379258,1.6374099352149036,2.804231946336902,5.345353616318466,3.5941819472672756,0,Tier2
-0.2189222734120121,-3.5260970139782444,-6.099486730316104,2.3462731728306183,1.7001714321048098,3.431583680026766,9.329548560599623,2.846062516029019,1,Tier2
-0.23171496691141202,-0.19144506152504714,-1.3357613310017558,-0.5185905938884621,1.1046151025487063,-0.06022441857217409,1.040770316781645,0.16682706740954645,0,Tier2
-0.8350562251726814,1.8844228831183765,1.6027244572953532,-0.5576204765593891,-1.4422626899974629,-1.651516877129795,-3.2546247970485043,0.8230338862864623,0,Tier2
-0.3095033827597953,3.5439858933188275,0.30147868293360514,-2.0914656123566884,2.914151736357551,0.2680314080331615,-0.5619052916389005,0.09423841246601672,0,Tier2
0.9598239527423692,1.0630256870117574,-2.5395278103889463,0.13975769538061833,1.726244117834188,1.5245432093220566,3.679630939965281,2.4794642109603875,0,Tier3
1.3760064863638541,-0.29345902235624655,0.5561393951850512,-1.0678143122064816,-0.6790158418937937,0.5925175137639376,-0.7199271347315429,0.01678225782670495,0,Tier3
-0.37136212933189056,1.1486454079126531,0.7156038507415914,0.9543786364627223,-0.8495116452160512,-2.8400358436769952,-2.470456835516905,0.12759181017358912,0,Tier2
-1.1998061740488901,1.8418686276832337,-0.06338270898309006,-1.4957529670828977,1.791956127950628,0.61073288062039,0.09545570855768704,0.17516333560682396,0,Tier2
0.7813915011823453,3.7385597732126326,-0.18961440658768058,-4.080922452382611,2.6616106883889294,0.07955240300641675,-1.417041799086416,0.9988440719593621,1,Tier3
-0.8386907445435131,0.7145786112925379,-1.2202761631217112,-2.3078803713850524,2.9610897019679014,-1.3438540548969038,-0.5547814020518822,-1.3686888787689844,1,Tier2
0.17949336279124653,1.7880266310724489,0.04781626092518998,-0.9110965498185707,0.655191074317827,0.5898470629437746,0.028191670076235242,1.1032696168346265,0,Tier3
1.3596767365019493,-0.3650928688976629,-2.2009780609453626,-0.09934499636984917,0.7117402883073917,0.45251565762427726,2.2685520033493045,1.4862109982988576,1,Tier3
1.2266461317191177,0.9645651757075995,0.609203706587665,-1.9317229672328105,1.5487516200930083,-1.6905331480685062,-2.4569091821952647,-1.8447966673580927,1,Tier3
-0.13964364124158132,1.1463285229668219,0.7835181984338663,-0.09929802744113025,-1.3979481952763293,-2.5969451232728,-3.026825434820828,0.6809466638153383,0,Tier2
0.5594082342054149,1.872462544466334,0.694532939377752,-1.0863222318907093,0.5712244470171008,0.21163310461440688,-0.9013013200077293,0.44513866733235385,1,Tier3
1.878682479838358,0.8826493969230695,-2.4096822308166046,-3.601262433587743,2.2262122770713564,0.8608044618836803,1.2256274080010692,1.5164201116122253,0,Tier3
-0.025243058663484013,0.4716114060719372,-0.9207807058078403,-1.882384223488982,0.8657050331100382,0.8576969994667627,0.601653454153752,0.8656847866183282,0,Tier2
0.7111257601086451,-0.21220317921708776,-2.4788870755985477,0.23995234358593043,-0.27439747860904884,-0.19820180652601294,1.9422780927971077,2.660344777004166,1,Tier3
0.5662096991492005,5.039768047611482,2.7093856224408723,-3.3734153404255167,0.2899591232133635,1.490661693524952,-2.947531222470459,1.8281148895758297,1,Tier3
-0.5741608037981262,-0.07860802886327711,-1.0639334712375976,-0.07339586172707468,0.8373973616134127,-0.4918889667915054,0.6592194146746418,0.08827258907685054,1,Tier2
-0.5423862636822946,-1.280019908864884,-0.7614904733251309,-0.7020963380302151,2.7546719648509472,-3.6935044055000295,-1.8507721090156988,-4.227469644860726,1,Tier2
-1.7787817299151834,-0.9032478128738951,-1.7258212444284453,3.115150096099268,2.284105787179334,0.7875336483997464,4.216946553825075,-0.9589977435867931,1,Tier1
-1.0718783600727297,-1.0908915141408486,-1.137306118936642,-1.5765378273708273,-3.435494111879225,-0.7839283975100748,-1.2773446502114,3.355946465557035,0,Tier2
0.15643586735931037,-0.100803441739444,-2.766233867458987,0.2883504681296656,1.0788613372644238,-1.4756985305704258,1.5530181381922477,1.3215042634251182,1,Tier3
1.2709411935773276,2.7231280382554166,2.627674744979249,-0.24658964357006452,-1.5953794427147368,-1.0512186454330155,-3.5357698319841577,0.8168229596388602,0,Tier3
0.25883640606842534,1.5017344689411813,0.7551704932265929,-0.36452681011557364,0.0688313941888895,0.5085451109771142,-0.4538041370842286,0.6314908549986393,1,Tier3
-0.6999094117674,-0.11381223980596267,-0.6740679257679933,-0.7987767034345771,-1.2487222133427875,-1.379020385329475,-1.207616432738994,1.3883302424512367,0,Tier2
-0.437327684847254,0.7468673165689954,-0.0016915157834056505,-1.1651278570075423,-0.6004550363192345,-1.5738729113994023,-1.9699160389205397,0.7406769130924354,0,Tier2
-0.9247893506054676,1.2167187259992547,0.6942049994885029,-1.6168712889787273,0.3142010785245464,-0.8324985275236385,-2.011889783247802,-0.2265187447748771,1,Tier2
-1.8299038611633953,2.192591855119795,2.2761945022055565,0.4708951564415167,-0.9858165705537068,1.5350511806298779,-0.7508680169969881,0.9784785623205308,1,Tier1
-0.6115805703465956,-1.7033825157458278,-3.2999028273179922,2.588149752369648,0.757294046012226,1.8035578683734625,5.656673551163176,1.8464050063327033,1,Tier2
0.33010801011515206,2.8814121688757544,-3.1447041566710987,-1.0902874809106693,4.4358735576127,1.7892070179820156,4.314182293114573,2.1998819987719336,0,Tier3
-0.55860552883825,-1.2010578369289373,0.3096510363786378,0.5950349468192582,0.7550557004297325,-2.6417296928970737,-1.7237140286704458,-3.0180500085367252,1,Tier2
0.9485140803534553,3.173740794173222,0.4376254241221944,-3.688386906571697,1.930843778598745,-0.4228833600600451,-2.2593280039391908,0.36822258241248496,1,Tier3
-2.143995262641302,1.3890465499178666,2.041573286714129,0.016803705697913562,-0.06545406473582704,0.12730805432072367,-1.6208739949061868,-0.8438055893821232,1,Tier1
0.33892938479967777,-4.107226498918968,-4.817243096950081,1.9008865046999888,1.7537251898514628,5.920076334938107,9.96322468447095,1.7398792914420609,1,Tier3
0.7845448725745642,1.0396991578707018,0.2576940739634594,-2.8194156298445545,-0.7119798875820681,-0.8185008390125761,-2.5162476387059995,1.1025082729960265,0,Tier3
0.9597296602772671,-2.061551769190033,-2.8890499670689556,1.4740968989039134,2.170241849922121,2.464372521467677,5.58188764508434,-0.055743784571013144,1,Tier3
-1.1469285123354318,2.5791184545399233,-0.1925239785989299,-2.9961762623879884,1.6465503310051042,-0.2176965483635196,-1.2738943080501857,0.85148072127526,1,Tier2
-1.2020033392056921,2.8409511316254434,2.9690512010780137,-3.1909194177888143,-3.354401641836023,0.19466534433741778,-4.842822069546556,2.7205292642795675,0,Tier2
-0.22598734951128918,-1.6243208181006348,-2.3242272749252146,-0.6780534205533555,0.569349600446502,2.841415679719927,3.8790451460443585,1.4402477794737183,1,Tier2
-0.5423190856848674,-0.5992866106710336,-1.329696311820799,0.6402788356258042,0.0037555014789104613,1.0833565276042336,2.2631480268633255,1.2384620533502257,1,Tier2
0.37145905395101597,0.5022340097025345,0.2848418376819075,-0.509626840372894,-1.9415893095419696,-1.4220107986541715,-2.0548953679851154,1.5679500320024586,0,Tier3
0.5430383607482107,1.5393002821615451,1.098153252462442,-0.5482944927332754,-1.0501600029822304,-2.266058899537204,-3.1991550072176116,0.46941252555442003,0,Tier3
0.4025194432442333,-1.0083351351985468,-1.3726891898856295,-0.4188518085599213,-1.0187865527932474,1.1586163782783316,1.5673472290996842,1.9560893008950222,0,Tier3
0.7141106880059229,1.5472219652037627,-0.9745090974325645,-2.1200381212600274,1.8563292238992117,-0.354694608665443,-0.1958013488072161,0.5113308733637172,1,Tier3
-0.17972636478580264,-2.926720368275217,-1.3147166977100466,-1.6548535299032658,-1.3089821996188324,1.6907051264965118,1.2627958190933317,0.6662539773372073,0,Tier2
1.4545182356013244,0.9182458929189954,0.2765566355458118,-2.644578494025704,0.952345252953399,0.4382465462509536,-1.088538049374828,-0.23281023284254543,0,Tier3
-0.5717468894180819,-0.4643009491768215,-0.6826813195580668,-3.0070267471150793,-2.787210352787339,1.4630257367470105,-0.5654427299612559,3.5573950455870302,0,Tier2
0.8177972485357209,2.2828169615250196,-0.9580277819440932,-3.2643696313372645,2.669147303249173,-0.7511718460771649,-0.9417186474250516,0.23545258199611463,1,Tier3
-0.3448460335875565,-0.6780999739802127,0.8730627024446882,0.40904797262613246,-0.32083101592451246,3.17499768290231,1.8517293695101031,-0.17162260056740442,1,Tier2
-2.063938429603112,4.172484098453031,4.366853350332561,-0.9076271047918103,-1.0797611918001744,1.8451074104812917,-3.033168373209274,0.7113988928903843,1,Tier1
-0.7967402233081192,4.047847454098514,3.5569781831008824,-0.5887304026621927,-0.8325275003611491,-3.7972713429690628,-6.41454603676319,-0.653660069380746,0,Tier2
0.9950527466570456,1.4385160705775482,0.748799039147071,-0.6623867536490335,-1.0899974037003974,-3.3042102222001604,-3.7664878421510295,0.4485648414962319,0,Tier3
0.05512820536405596,0.11687333748075113,-3.3056135072181756,2.110447232322716,-0.029714167589641738,-0.8359129536590599,3.1672856733967305,3.3635049594492124,1,Tier2
-0.0986221043341575,1.3167993831543372,-0.9535056918034603,-2.237454144966229,1.6790644997428925,2.5733270879572085,1.9078491448033539,1.4318300697902746,0,Tier2
-1.3942997730017028,-0.2895073913819233,-0.8220021716956276,-0.7333218441714495,-1.5089142805257523,-2.06452048870716,-1.6278788388911698,1.4156939447871877,0,Tier2
-0.5144780974176624,2.742059764379468,4.791801277087938,-1.081731964669438,-1.4392799886556005,-0.810965324326687,-5.524594608983884,-1.5422271196307475,1,Tier2
-0.08674444724533177,-1.394249108894063,-2.996056295142683,2.1969741899305397,-0.16832822047813223,2.008923338054637,5.128549740404253,2.771425992507929,1,Tier2
3.215947243111665,1.0483936958018225,0.6280137877358996,-0.7329281401832157,-1.4637744217977557,-1.5281977573615049,-2.4365868398582107,1.1871203000320325,0,Tier4
0.3108127360499551,0.8602560535817922,-0.6183435009266411,-2.031259142958869,2.278506182248878,-2.135271416590767,-1.6668882238387033,-1.4834883527665481,1,Tier3
0.16827298131919224,0.1101755664873676,0.5756438092310998,-0.7180720631072375,0.6011513004053313,-1.8010658871341985,-2.072880962443216,-1.6939602082918948,1,Tier3
-0.3258117824897338,-1.8444909787005612,-2.5024005361814012,4.276698611888488,1.1925651559594317,2.6300935461574384,6.6281229353855196,0.6991188225131771,1,Tier2
0.05726211434034541,3.517271661238897,2.6845189935396254,0.6946641859197615,1.2497168263591036,-1.816847482852591,-3.0150877795779607,-1.5793030554170815,0,Tier2
-0.29548073452660994,1.280239929228331,0.36661473144821444,-1.4086262405962975,0.8792541900332429,-0.4620754564814836,-1.2218407427530003,-0.25035030544845294,1,Tier2
0.879987515299927,0.36081381017889624,-0.6370626076636017,-0.1934703540164091,0.8602796486314508,-1.2804089490100838,-0.3580523663434523,-0.2610871886344719,0,Tier3
0.37740758388993767,1.0750463020887557,-0.24734293851571676,-0.9747693170519953,0.9281159673400855,-0.27633404868396194,-0.33330230562112806,0.2328356187837115,1,Tier3
0.3942895459611482,1.2152383044111363,0.09299995655791438,-0.8907701270317101,0.7580874489286078,-3.274897128419113,-2.8828316603548174,-0.8383565233844059,0,Tier3
-0.43395549707247744,-0.9278978445297881,-4.307722672648541,2.5724250542888956,0.8908966077771262,0.02881790315520838,5.135097904203598,2.891837947080849,1,Tier2
0.40615883013056386,0.691883555688067,-1.0338282869474622,-0.033788537285142306,1.4971431285532193,1.0893642942788329,1.9859388857764597,0.6214786305445245,0,Tier3
1.522696973515837,2.9807558210284353,2.7112366902059786,0.9169333932640011,-0.7513864071857291,-3.0762925728939714,-4.3326013163768184,-0.5536824081036333,0,Tier3
0.9570368301362232,0.9336166148294249,-0.2109728477660548,-1.2511912924126154,0.6052871960147932,-0.05157120614580246,-0.41063748429514013,0.4612341540289031,0,Tier3
-1.1766874215550533,2.527684713147462,2.9563412379839056,0.8628448595502403,-0.7584197151973964,-1.1646583358165916,-3.1010708239097062,-0.5748532325297706,0,Tier2
-0.5046319891835901,-1.2815496869395986,-3.3613900707766935,0.9287475265560592,0.3432538774504974,2.0285200771423733,4.892125338244379,2.784472188258554,1,Tier2
0.18977761392638479,-1.4778042099365245,-1.82608612354452,-0.9730845399948554,-0.8210215189276919,1.2787543635522094,1.7984102464723803,1.8777494562695227,0,Tier3
1.461242227246194,2.687249917026301,0.3906724726510044,-0.8293615266792804,0.35186422515849947,2.583742971753814,1.2013332298958215,2.4922227464886397,0,Tier3
0.9766664952266192,-1.115567587872485,-4.135195487004506,-1.4425675824921025,3.411184852385851,-2.053740235421351,1.9077040609694125,-0.561832798170545,1,Tier3
-0.7374053455801753,2.714382343744809,-3.7470662385447358,-0.9817535985953822,3.6252213754929428,3.8259781651840035,6.2184624557135955,4.161759619230219,0,Tier2
-1.0454545078799107,-3.787968468385519,-4.385904341142851,2.422994115341959,1.020282466195757,5.239396062013838,9.186100403183566,2.044971536455502,1,Tier2
-0.5442654980966511,1.6920173226330935,4.657397404899671,-2.022842038600499,-3.0130172659804426,3.2998677214423893,-3.138257685467348,0.5817443168005731,1,Tier2
-0.11262005072912981,-0.690016745108246,-1.6013306653151145,-1.6712284513981894,2.662939362822425,-3.2172535803706057,-1.3544729443389851,-2.5470832767626437,1,Tier2
0.14388562665174215,-2.0867866599982623,-2.500163070417478,-1.5338697776509098,-2.54392686532619,-1.1066929296306636,-0.14344425224416524,2.9518330274919835,0,Tier3
1.7310983601060217,1.1585591690549435,-2.412721106845171,-3.6744629124042447,3.1991492111909987,-1.8619764697034444,-0.6499583597263214,-0.08839417690406903,1,Tier3
1.4387631124233622,1.776074786710287,0.41485467075471605,-2.6313700323485136,2.0860569529505475,-1.4359866382499824,-2.3712562839157223,-1.3481261971871845,1,Tier3
-0.3410022181445496,1.3437092161837747,0.6871589390757908,-2.6046542660228953,-1.187532393845939,-0.45326981462285787,-2.5997650769085356,1.4958162945725022,0,Tier2
0.8164903425759307,3.0206911096736424,0.5334132205771862,-1.9262938206884759,2.4413423016588185,0.5651097634376925,-0.5354915056330758,-0.06014190118024709,0,Tier3
-2.208753389507562,2.6825422019343677,2.481793413155333,1.9437592214067205,-0.6862380013674589,-2.868991437913766,-3.4228377795394818,-0.5797386912366338,0,Tier1
-1.3503178098315267,-2.396166144097025,-3.026515614510777,-2.759930549624519,-2.52726863873127,-0.48629718189019555,0.12436737270965459,3.444304832728034,0,Tier2
-0.060576940251455685,-1.8539169997987972,-4.3416927972797295,3.442056438314566,1.588518109352846,0.8826652592252664,6.461882947378353,1.6997224979737646,1,Tier2
1.4189040694751835,-0.7562343562423834,-0.39040574285382945,-1.4379735124328268,-1.3114155839637487,3.587998810073888,1.9910684987956286,2.2345786305517588,1,Tier3
-0.32290444596664075,0.49511714506763527,-0.9825536267509146,-1.5045091127716121,0.7551759670334288,-1.4016217837205538,-0.8870747794840428,0.3050054696504241,1,Tier2
0.7500617971067234,-0.40087757281209546,-1.3721637677460774,-3.9396817587888746,2.2242186732181035,-0.9742670699476115,-1.1504395372998228,-1.3355046552010688,0,Tier3
-1.0023521099305026,1.5885534741783842,-2.1608431744596954,-0.4634131227864182,1.0567196617154948,1.6901249808637349,3.0027742392642534,3.2560272141856643,0,Tier2
-0.028634524995832824,-0.17622136301642088,-2.226457840482858,1.8647630672660682,-1.0357540508058323,1.2071679575297012,3.473924595399626,3.6129050427403535,1,Tier2
0.28719327787279425,3.0715573032278205,3.6986378370509665,-0.7867318274409008,-0.6564844946562602,0.47568960639032865,-3.326160512332064,-0.42054845337698765,1,Tier3
0.6008689137235076,-0.32496498490663617,-0.12563774391428817,-1.6497985714116954,1.186458285319101,0.5084361444764502,-0.08892399456974087,-1.1226962167375016,1,Tier3
1.9306420024624773,-0.28071762486882257,-1.0773955845798477,-1.7565930317509468,-0.8135627395320055,-1.251077605886516,-1.177003167117081,1.3007764153018166,0,Tier3
0.775881094081244,-2.109007650017205,-6.650805195735341,3.2940236430600796,2.616124976662788,-1.089864534619656,7.028106047172084,2.285678400205288,1,Tier3
0.5320288361173547,-0.20690355984242326,-3.09980778921849,2.843532972494573,1.3767600636724389,-1.681751027510181,3.088796691646117,1.1949024432942796,1,Tier3
-0.24408563855855206,0.2491141804361623,2.4019398713808315,1.9454702242249269,-0.9557447165799404,0.07537726420480384,-1.1152745029160651,-1.412230886948783,1,Tier2
-1.2669074620582157,1.596385376940994,-2.715634993525734,-1.8878934182492897,3.2919996569423224,2.0299687361910004,3.494204851360982,1.8058852779249146,0,Tier2
0.560270477118585,0.05453725317993774,-0.5561985170565094,-1.7836214554616898,-1.232847951600855,-0.9065948383053377,-1.4660605068589128,1.5648286356532635,0,Tier3
-1.3547416592922763,0.4646799184215603,-2.71856686696771,-2.337628846609361,2.5552847028375334,3.218759010416127,4.020225308836886,1.92365597813756,0,Tier2
1.3426532450114794,0.742763783835863,-2.1168297567703958,-1.5339453182908276,2.0068516969490284,-0.2888215598734023,1.1564039146443452,0.8867865435198516,1,Tier3
3.229829126809528,-2.807203996637504,-5.307499708901642,3.9648190247956774,1.5638368894242405,2.6229737344385033,8.867728296524682,2.482558341750525,1,Tier4
0.06323765706912303,-0.4587080738475522,-1.6558977107636177,1.2773945973756065,0.7419728694182667,0.750642946940251,2.78408471062628,0.8739168071749747,1,Tier2
0.06980279583672772,0.018896063630169158,-0.7891529711004476,-0.6715058521323369,-0.017150284603507426,0.8792393874564641,0.952253630867481,1.1771553701448232,1,Tier2
0.22746726788069838,0.4668384317105063,-0.1994835311193135,0.23892630365023682,-1.3457924075815693,1.20416481160024,0.8664570226670636,2.337281157420853,1,Tier3
-1.2391280239022682,-0.44248215058984286,-1.0138757882387277,-2.664616167641139,0.1731766263243436,0.9749372816008504,0.21844379924829577,0.8776008823498667,0,Tier2
-0.27728332263761374,0.9844047778013681,0.6934367989342638,-2.3501874508544587,-1.6820528616038535,0.034736585388359664,-2.207672326285536,1.8117392491564208,0,Tier2
-0.5946297082533925,0.8991261978546945,0.8503921323744248,-1.5292442980286118,-2.31651721228908,0.26701166196299875,-1.8758361326233424,2.2545679959500706,0,Tier2
0.5632470008238349,1.2682709266748438,-0.662882395577286,-1.7127326610897429,2.1612216419392887,0.1407758402115471,0.22047654470588807,-0.20673383550963575,0,Tier3
-0.044702815741785216,-0.3689270769923083,-2.5101026533383024,0.5243632197225241,0.24207063000707463,0.18746334883583238,2.5371924060976685,2.175831634829814,1,Tier2
0.47131917048291755,0.5811589638211319,-0.025909784889707174,0.8843789898388492,0.14799143995155228,-1.2731576358826178,-0.46032945148122834,-0.034489390792855845,0,Tier3
-1.8521032545245222,-1.2753627902276303,-2.593345423188205,0.3988218914109771,1.598654734627476,-0.9122104111620395,2.0566963678948604,-0.22643043848476707,1,Tier1
0.5131472038994898,-1.6526762287839973,-5.108059723285998,2.3853287195270996,0.4975875844602041,0.9541379688054825,6.320121019219625,3.7975131361117933,1,Tier3
-1.2715590702992374,-0.5329180000152665,-2.5377494419481064,1.581683832279925,0.7751691493120156,-0.14344513726528274,2.9975952665939625,1.4175916716993584,1,Tier2
-0.1206131696368863,2.937877497751955,1.7404080533909774,-0.21809757842260413,-1.4762083942275428,2.366660543599071,-0.1858244011959016,2.9752231183587425,1,Tier2
-0.07115603179572852,-0.523953185495927,-2.6383744085855527,-2.7628363908661555,3.8149802814386655,-3.9824642732048954,-1.393138564286387,-2.65616120035438,1,Tier2
-2.0153048996367526,2.1948292295181613,1.9187744951095462,-1.5716282556814534,-1.5819303823751123,-1.095910157349836,-3.668658721551566,1.0934144020879837,0,Tier1
-0.029969424069509792,-0.1435876327352298,-1.8406996288190545,2.8998703735489273,-0.38752156356037193,0.6714513426206101,3.451118150249723,2.407149900397747,1,Tier2
0.7274621945320923,0.9460576286307611,-1.0785748854486985,-4.944302456936201,3.1834208088919937,1.7798706167868144,0.35286633588598937,-0.462379470948298,0,Tier3
-0.3137418348982358,-2.811513301229037,-4.677428552776752,3.313416374321334,1.967737362900662,2.511999422433597,8.022201619014705,1.3821295414162358,1,Tier2
-0.3932363596671669,-2.3071866879480387,-2.93332788653996,2.2807226249305343,1.341889287825815,3.159216081569308,6.379786217394234,0.8028855719716865,1,Tier2
1.4613719875076132,1.9948501317416614,2.7735169070803787,-1.1217863666093393,-0.001800740212798635,-0.6755109348137173,-3.429872843775276,-1.4041715685697866,1,Tier3
-0.24865568356527437,1.8179744045329473,3.476377038633532,-1.6436788839306198,0.5363884761082056,-2.435334441673211,-5.478189811877376,-3.41602332583101,1,Tier2
-0.33687345270658386,-0.9923267624279972,-1.2227626479423193,-0.08541552487020887,-2.459191698922558,-2.1313818384840872,-1.2140621101962914,2.1173072236005765,0,Tier2
-0.23819804026761085,1.8163469948255213,-0.6729246136009344,-2.8776599616395497,2.6510765083412835,-1.092281409205222,-1.2191452559418146,-0.5835072778926467,1,Tier2
-0.7227128683857843,-0.5086994837071246,-3.029869830289201,-3.030148321067433,4.032106919117685,-3.4084007270063754,-0.7282197021487509,-2.241947097685329,1,Tier2
0.36374464416026897,-1.1718129594803983,2.4659785712845865,-2.2355101367713957,-0.532547563018352,-2.2454387887053198,-4.981941206198373,-3.876419836648961,0,Tier3
0.20758361209537735,-2.2247059069952697,-0.8041927159864104,-0.11828371571295149,0.01775933303993149,5.093501373206445,4.525474741799802,0.5625399642651707,1,Tier3
0.11821787129875717,-3.150967958417029,-7.415838053308301,4.919023057940089,2.8518843907875553,0.3712374597635888,9.703468596571433,2.4154891145477944,1,Tier2
0.9431422558888813,-0.4743155563658794,-2.191897267954579,0.9329187014687472,1.406539022310309,-0.25557713445526087,2.4368197417305604,0.4545540516940487,1,Tier3
-1.450418241232103,3.437103266833276,-0.17692803359737247,-1.9638278689069764,0.5610361926261896,2.780016600042522,1.2427213755412185,3.638895799888128,1,Tier2
0.041021756243463325,2.365786525052054,-1.2132125596426901,-4.062263574794126,2.8420099005183617,-1.3411955609048754,-1.5617499710296783,0.22654971835937898,1,Tier2
-0.04362647082574351,-2.5346846617561556,-4.552867290332437,2.9895400528891716,1.8503271879213146,1.9225414481923964,7.267016939202279,1.4170100854445784,1,Tier2
-0.3847000088575499,-0.8777585880711396,-1.4817701544383026,-0.8733948780892362,1.0986671667983552,1.6265624762238027,2.2706240714300536,0.28450990198586723,1,Tier2
0.5162858974073742,-0.314350984255062,3.150377033771983,1.6906758747318467,-0.8540473599758625,-1.4984104451299671,-3.0110149598888967,-3.331479124510703,1,Tier3
0.24873822972854492,-0.5409874276011657,-1.5386559549116365,0.6080210167692278,0.19197953254237077,0.7607425507789132,2.215413688648791,1.22315549344926,1,Tier3
0.6680008739414233,0.37482882099147197,1.936792134579869,0.03395888196254093,0.5248037904327536,-1.8476819214554574,-2.8503350289427942,-2.8639707269160057,1,Tier3
1.3429950777402997,0.09442908515430748,0.6380333419293256,-0.4547598394830201,-0.23577168236371704,1.4660536529814534,0.2908362564833675,0.12430687966139087,1,Tier3
-0.5399295668892661,-0.33217553902811003,-1.2316632164442198,-0.28145527428603456,-0.18915991555080813,1.383365368929416,1.870873790590413,1.669360152867974,1,Tier2
-1.6072712038057224,2.6127327258034034,-0.4813056638926292,-1.4560583173727923,1.5026859122591174,1.4896916038036014,1.030744455887925,1.8796589135504989,1,Tier2
0.7841950999855668,0.24041140563354446,-0.5478865206858756,0.9804309445960686,-0.250727719802605,0.16781141932034915,1.023752418422564,1.0877307757697947,0,Tier3
-0.2884782028839011,1.2465797981557176,0.5524729544396981,-0.8720224928853793,-0.08014152222756077,-0.3214863355541735,-1.2115676061221627,0.4971234677026487,0,Tier2
0.3385937497892153,1.7239225578077924,0.8924428719096205,-1.9634639916168979,0.776865026769864,0.6703785091242225,-1.1238510519098073,0.06402497487739522,0,Tier3
0.4546889519536365,2.26848298169046,1.3113714387249114,-0.37337256628753046,0.7432931896707051,1.0430655871084946,-0.3714442616156145,0.23734260990798206,0,Tier3
0.4687752061135092,-2.2889951754915234,-3.2855888586725417,2.2996724342068813,1.2140536146624468,2.99822471034294,6.524607881093985,1.2665014404021473,1,Tier3
-0.6886588709738297,0.029274084686138124,0.7800671894394683,-2.89614076223161,0.19580884524545228,1.0131153287580439,-1.3490317421153488,-0.6280483346467485,1,Tier2
1.3074946412317412,-2.3210436080415207,-0.9773406547044248,-0.4249469272773917,2.914170771924491,-4.668215702193473,-2.196571024806468,-5.403226162652392,1,Tier3
1.1426489868487453,-0.20182452406843798,-1.9296176230648272,-1.1893160367529463,1.1180954519673358,-0.42532092119215736,0.8996865904786134,0.6657977644069022,1,Tier3
-1.2378334701453404,3.0463308256614803,2.929542150016375,1.1248064955599073,-2.2788037787337188,-4.65232749138815,-5.960077979356759,0.23441119729745874,0,Tier2
1.7865771239787347,-2.5166154195652206,-8.370178735527407,5.36147313177285,1.1244423806371056,-0.4740001656564319,9.645582672977293,5.396939160483117,1,Tier3
-0.14595299782903404,-0.5784101245836659,-1.7914748745677753,0.7487500285311797,0.0042378050063353045,0.9623409101514835,2.6052368421278493,1.7086267813428246,0,Tier2
-0.8514515798502055,0.4928517544432103,-2.757643749440169,0.4281451224473005,2.006223391104072,-2.858615083940661,0.774161800183341,0.4734647406530509,1,Tier2
0.3212499236908218,0.8413884611458768,-0.3095448482587009,-0.7013951209483353,1.4447133509461332,-1.2631122339973673,-0.7559203441945481,-0.7429658997349406,0,Tier3
1.8123562925094931,-2.711659242596747,-2.042698079667962,-2.223731236357332,-0.5101571672681826,0.8764978196232834,1.1243573971185323,0.5923116069912517,0,Tier3
0.5203926245593335,0.14402396140615747,-0.2537480429570165,-0.689657944508477,-0.8159944097010029,0.5790095301347191,0.08430886970865203,1.3953273887058295,0,Tier3
1.7053290328976094,0.508427870393704,1.2088605501466763,-0.6491785765562338,0.1780055783575123,0.045552063760001205,-1.2681285518324814,-0.9918587404019876,0,Tier3
0.2539157193348046,-3.8890892948781866,-6.190942860972928,4.333011192664674,1.9370951617025967,4.057806122126211,10.99210896291277,2.5754673448547463,1,Tier3
0.26658333542841856,-0.9069297096094541,-1.2197927357249325,1.7407770473965116,-0.7759936060780814,3.586932867475941,4.473194043492519,2.427564828826605,1,Tier3
-0.3786476669000349,1.8179447317563049,-0.004935246810008342,-2.2236895012232165,1.596296895804635,-0.36008440779746986,-1.1165596414347105,-0.03184440863981197,1,Tier2
-2.3912418679213387,-0.7141561357193489,-5.069790397850122,3.798065137268185,1.3240204411367444,-1.983229518521802,4.975251266707006,2.790579700630137,1,Tier1
-1.6557345104979544,-2.717272021925673,-3.0268570450583927,-2.663388028132187,0.04630699800345983,1.1870960592573687,2.0643434333450568,1.205065394214422,0,Tier2
-0.16372795281767089,2.298408758257282,1.6115359138779897,0.32544981939021644,0.11428417727859697,-1.8782213381271893,-2.611565828322706,-0.42269460831549854,0,Tier2
1.550636238255454,0.8532917951806211,0.43725466653611167,0.14579720675860597,0.6169533584190348,0.0036137709850327937,-0.1575122497397058,-0.3124008533165392,1,Tier3
0.9271029658316023,0.2819649554639242,-3.076526099834606,1.5308507069199693,1.5295232737785915,1.5868649875073844,4.875335996581847,2.5566224611004498,0,Tier3
-1.7480674719137859,-1.218684719058646,-1.0235242790830363,-1.3917577126712886,-0.6118365415761504,1.2515529520630198,0.9435371346249991,1.041680179132683,0,Tier1
-1.2448715514454882,-2.2393480698629142,-2.571764921219879,0.9166974363061241,3.938109884102349,1.5376926620129585,4.7530209058386035,-2.578105058484022,1,Tier2
-1.3837935308890936,-1.0971772092874632,1.9783344625559365,1.5978871310688572,-0.2301548409918528,-2.3874741647127045,-2.603396861894893,-3.676088729998601,1,Tier2
0.3588285326452703,3.6885597595404653,3.525748453048486,-2.340672204731936,-1.441455000611381,0.38204920070792414,-4.279688571143014,1.0643738760739034,0,Tier3
-0.39743790888032404,-0.23753001873232327,-1.1213677315026525,-2.4072713730078075,-0.6157269641499286,-0.9904456452836512,-1.2406069826438264,1.2874456844609168,0,Tier2
0.6843025841384672,0.021700100395315003,-0.8271321709411253,-0.5664956261554741,0.8627228056934451,-0.3678792797849093,0.30301710593971687,-0.05352966938226267,1,Tier3
0.4507156200324405,-1.1871740530523613,-5.462758874395458,3.3440405311866575,3.1642519547062844,-1.703148476222176,5.721242639965128,1.0947671884065766,1,Tier3
-1.6884768330888253,-1.4658508198163365,-1.5487322539232975,1.1225107215330317,0.9773002003794453,2.1996934381134516,3.7996435744122277,0.11964216565173169,1,Tier2
0.29944600405475946,-1.2872795759707132,-2.1293404090922543,-1.1755854287605698,-0.7497144212973641,-1.7002126432574654,-0.30566765153516084,1.3137089062048075,0,Tier3
0.6294941559995911,1.725676612989676,-1.6640220228776914,1.2437062501985268,1.5441525896771942,0.9060066009843154,3.0134875312553198,2.090622464534867,0,Tier3
-0.45088711147920785,-2.882972407990765,-6.4394196965303365,2.6027312960237414,4.689236987531444,0.057701029408867566,7.877240471161546,-0.25917564162463114,1,Tier2
-0.1991701900603925,1.0814686429849552,0.5115893033641692,-1.2976892117268561,-0.9306880438500754,-1.4970601944368411,-2.489615607512773,0.8380454355011325,0,Tier2
3.3845388598946484,-0.3998849814921881,-2.602457154144812,-3.0685127124254334,0.8853331229791273,1.067046387839709,1.54095194264091,1.9543479699269524,0,Tier4
2.1041792751167683,-0.7541020954897595,-1.859050783214689,-2.6810627006556267,0.1615338865192344,-0.1284751592093657,0.07130584524337283,1.1493352146747737,0,Tier4
-1.1796394343446839,-0.8534674105235256,-0.4699256012977774,-0.9645660575139587,-0.6943884951164274,0.2938818577257538,-0.03996610117010202,0.5311808088659781,0,Tier2
1.5883379572273506,0.5733476880653039,-0.18472306451370124,-1.082296371684742,0.9259825095512408,-0.8595347779025135,-0.8677008188874684,-0.46976074222538755,1,Tier3
-0.7333306934278847,1.1644210914426842,-1.4073695126227537,-1.7057777377966787,2.0183801292856796,-0.8620406956729305,0.041987701871774696,0.30283527803635835,1,Tier2
0.3907213759231011,-0.602345803343812,-3.754086160285457,1.5058249863771893,0.8421818807393451,-0.4262276547254118,3.7550253325060488,2.49771470274212,1,Tier3
-1.0851790521321152,-2.4215734442305603,-4.356718242376493,3.417176231450214,0.6280757395796298,2.136741153485069,7.200250821221868,2.5657974128519463,1,Tier2
1.3187013557682354,-2.8025178397560557,-6.661706100607403,5.398355522110762,1.4579319729014641,1.7218077182530251,10.020731082314553,3.721176811175172,1,Tier3
-0.18077509273742426,0.7846841770261807,0.9290742826428096,-0.6827101751631657,-0.4905038725168447,0.07304254344399863,-1.2038632351367942,0.21379392339399794,0,Tier2
0.559199603440875,0.47490602379648594,3.0659190692585985,1.1503996301359565,-0.7746516151200851,-1.153520006172153,-2.9709014757118957,-2.4973181108798,1,Tier3
0.6771831431164261,0.3086668528630623,-2.6512388239540043,1.305275772040063,0.6899973928672041,-2.093200590600952,1.421723121991635,1.7239458635978913,1,Tier3
-1.8312586378117337,2.547369051027742,0.7288820350284553,0.09290934688465691,1.6546422554925895,0.7578051923355544,0.34166313129343573,0.11841776006548665,0,Tier1
0.35892050887264293,-1.6211086954503795,-0.8508626815486463,-0.6179759991546105,-0.5783109694564488,3.5731253016130076,2.988652317374904,1.2298516300605153,1,Tier3
0.7848093094573921,-0.06958698677917585,1.311962928946773,-0.5229487241857296,-1.0756376514920887,2.973964777749058,0.6520609501024515,0.5793912442775238,1,Tier3
0.15977013611188073,2.9665615877984637,2.520160709072735,-2.0056612246260554,-1.1622535671502683,-0.9541435637871898,-4.205222336517876,0.7783123025666286,0,Tier3
1.6716284579131035,-0.7087394985245847,-1.5358464292656517,-2.4519991342261847,-0.47053052657411387,0.5767813616572415,0.3104690092345598,1.6921948189485954,0,Tier3
-0.8018560945434515,4.3513287306891035,3.789941152031891,-1.0913585878313685,0.47312929292889283,-0.049948395204088114,-3.730515087020884,-0.6552755756922122,0,Tier2
-0.07268275320428483,0.9720148800147254,0.8059993958006323,-0.4356557780471493,-1.7433642370216125,-0.7240831366133522,-1.8804982774484995,1.4655099377321354,0,Tier2
-0.8981012047997423,0.24962481059894914,-1.256211473520746,0.37609557705989993,1.2654382470152832,-1.6355431910421108,0.278279405273956,-0.21775704809111018,1,Tier2
-1.1300003760924564,-1.0559201538161462,0.1279205847868583,-0.6395434942561349,-1.4317973232068568,3.3914879650703638,1.8199533040330278,1.4573053043604682,1,Tier2
0.863356514604708,0.47461336199326265,0.24853486842712091,-1.42042779005514,1.9388819490597053,-2.488380057339826,-2.3894913823037456,-2.545649579638974,1,Tier3
-0.4062243293734895,0.3211069324148028,-1.0112740821653199,-1.2287267496411407,2.2869711057359536,-1.980405251761345,-0.7873905511339179,-1.5080918495872477,1,Tier2
0.09000028297732356,-1.2584817865710183,-0.8637564874241446,1.416773668412862,-1.9279201781292974,3.910067253312216,3.9937297773562155,2.969596318899369,1,Tier2
-0.514685383424769,2.581899508545807,2.21015644211808,-1.6543914605063432,-0.8616508196244194,0.532951588214875,-2.5574320156262518,0.9653448251226937,0,Tier2
0.4640646677051737,1.745506765113041,0.9765770854387106,-2.0547012460204632,-0.7176625614449279,-1.424650749077594,-3.1831138947484523,0.7554509211931857,0,Tier3
0.051553182211181825,1.2207725416999904,-0.40548431908440674,-1.5187285960079868,1.403192395951356,-0.5239471790775824,-0.5697028670565327,-0.008008672380981907,1,Tier2
-0.03836330690595214,1.7922947912560687,1.2737685188745898,1.1684222028703748,-0.4402820491264807,-3.438530217199869,-3.189665545639236,-0.4984248719845803,0,Tier2
0.24384367249350644,2.2761444870822864,1.7707701638516307,-1.418008458963677,-0.75846686036863,-0.8205657704070004,-3.065208870432006,0.6104511013469097,0,Tier3
-0.49187971578071743,2.4728062627368357,2.2453624412993958,-0.5158293089910511,-1.602180742455315,-2.6064197916761223,-4.536977408835629,0.4962754550826407,0,Tier2
0.013395129720671672,2.5688497933812684,1.8190247222677285,-2.289023807395378,1.375609574431513,-0.8033211381570275,-3.052140101169833,-1.2465586573153409,1,Tier2
-0.3371069725385019,-0.14768149976429856,-2.514209876547809,1.6629466811811675,1.6080742612571792,-1.0872907005049814,2.4922730637481716,0.6073685349706345,1,Tier2
-0.09912479138785595,2.3291689045108814,2.0519044000776194,-1.790661349871418,-2.211365103166873,-1.8964738059447104,-4.65277190324717,1.42062515113016,0,Tier2
-1.524631319721042,1.5351269415462605,0.9724680897585458,-2.1512093971964807,-0.21966453941875463,1.3599155070993283,-0.996761097620257,1.0141456881251087,0,Tier2
0.9387431750565721,0.9829359962195359,-0.8578492218028275,-2.1725680934490503,0.45216867237477576,1.5620069939135635,0.8167660937035974,1.8928996598152719,0,Tier3
-0.7447828501171511,2.731318594169011,0.1577841038100174,-0.5386146909388032,1.2165227812293062,0.34904156230581584,0.056221126297637536,1.1909149511693158,0,Tier2
-0.2123489140343474,2.265828049441149,1.7319146057122587,-2.5652848785700986,-0.8967035646213106,0.5078995494674583,-2.6639024332153514,1.232653073120087,0,Tier2
0.7737454171487219,1.6607909745207348,-1.1440068159277983,-2.505761010525087,2.319208948557719,-0.4490758971554133,-0.22546192488092087,0.3150545010476984,1,Tier3
-0.01865679377762594,-0.5231564784062546,-0.9098897769238597,0.3697776365539662,-0.1851860403124288,-0.9724818809819911,0.17355585573606666,0.36142176664087977,0,Tier2
0.3034422502910077,-0.33865637753765077,-1.8274928339313588,-3.0331582957837253,0.9097195595240375,0.10717150395730302,0.20351509054021322,0.8370758197109024,0,Tier3
0.6461860121365275,-0.1592202979170998,-0.76759922457985,-0.23224728505777037,-0.5907470842987951,-0.5635271691779933,-0.05755924481813601,1.0707486713221157,0,Tier3
-0.3948939793937619,1.0297017358043261,-1.2980533638441674,-3.3240917548309667,3.1273891965784903,-2.13874543420283,-1.598581020151872,-1.420355221463975,1,Tier2
0.6513867121868381,1.081675828080314,1.9872861487798383,1.0786538036645479,-1.332024401093253,0.8909389172605546,-0.7305394359435897,0.41794986288478775,1,Tier3
1.3938584729693488,2.9570877373831754,0.06184980033505555,0.7276564837080786,-0.21186549444228508,3.6420166106161926,2.948857349091496,3.966316478270369,0,Tier3
0.5519363398830722,-1.6457156591903779,-4.777227090195601,3.5080902876909708,1.328217280637472,0.2394231166665669,6.296895367487398,2.389295024548258,1,Tier3
0.8874775606097598,2.674064474210735,2.2251690764687457,-0.03801814692886585,0.011174155037896538,-0.46397680206012926,-2.269176716354927,-0.17042803175518673,0,Tier3
-2.4047437965298086,-2.283643467833799,-4.212390647998996,3.721601302115623,2.2536497979626042,2.309730273166522,7.755650687545922,1.0025899617136762,1,Tier1
0.32637832261954636,1.1725309408304292,0.7438592990472448,-1.8696094478938987,-1.8305107692491438,-1.54235148927674,-3.231383808089996,1.5397320344369945,0,Tier3
1.693750624214755,2.7530561005739145,2.0028332762799987,-0.3672034920128917,-0.3150905086323337,-3.482945192238797,-4.6273508696357535,-0.5440299626330152,0,Tier3
-0.18568449612864546,1.7899924954893667,0.9671979996430488,-1.8680180707214746,-0.29721491490292884,-1.6283376796654614,-3.1329055525537695,0.32504294006561874,0,Tier2
0.09825901506819355,-1.1458050339157921,-1.5634151154356057,0.15333962568954407,-2.0439121468018104,-3.1229497875950436,-1.4576681998188499,1.6079127254050092,0,Tier2
-2.0102742675983114,1.281135886786581,0.8145084848725519,0.75552499021288,-0.6785221002404003,-2.8188588627754605,-2.6033774677794965,-0.01793865015536955,0,Tier1
0.7668608673967203,1.9790542702151863,1.1614941113249317,-2.5031241240658577,0.3656172015758914,0.8592767536723596,-1.590304550016778,0.4729832788537528,0,Tier3
0.6162438096985431,0.20389701000032145,-0.4472231697440252,0.4765491466335201,0.43323211209978973,0.39770324362194365,1.0140064207155652,0.3630699188485119,1,Tier3
0.5999416089408499,-1.2743093302935335,-1.8848008464372838,-1.3827670570964394,-1.3348104344461884,-1.0229358451448551,-0.24096278208638133,1.8619374634089156,0,Tier3
-0.47370913813461124,1.9237137420796349,1.3786618140602207,-1.5060659377278423,0.7539086791972618,-0.5657489866248657,-2.2280180152457065,-0.6722578540098865,1,Tier2
0.4645627276650941,-0.07944324465052555,-0.24783972429188222,0.22990244964680318,0.5719881241258478,-0.9215705668991667,-0.2361199117656929,-0.6723626696266032,1,Tier3
-0.886353477310738,0.1057111780329626,-0.566879941871369,-1.7731646476158947,-1.237267110264402,-1.5639103138185502,-1.95229986180459,1.4073739559211194,0,Tier2
-0.19464136458099254,1.1372307665306953,-0.3609723882282301,-3.0312261250967216,1.2927613153330293,1.6832355068279967,0.24561598584444644,0.7293342164204003,0,Tier2
0.9600376056717446,-0.4903033914065824,-1.0856418420613017,-1.7626642314744394,-1.4942638876321244,-1.3533766057765377,-1.4061860876553336,1.7535016845764768,0,Tier3
-0.9953495843461563,1.7928260785351458,-2.6574863036640255,-2.270267673705299,3.6022003026170486,1.5731810795642054,2.9670470119348953,1.4682072504236636,0,Tier2
-0.802819172916993,-1.0843436484781352,-2.061523423113108,-0.9469178353794094,-0.27756653394798236,-2.0933836291695513,-0.432546659949248,0.8274930404091028,0,Tier2
-1.085695731996642,-1.7896537198020352,-3.512067116995409,1.9815509231872692,1.3596311842938578,1.8369934959658476,5.681712889449354,1.427492847743446,1,Tier2
-0.8891107160670026,-0.5157660139905955,-1.0878685692719974,0.11223594289739447,0.6525889963355556,-0.684176490820384,0.600521459887356,-0.15991284065624245,1,Tier2
-0.2532459471742025,-2.9975097248805183,-7.745323199862794,3.5535724293136317,3.4971251562777126,0.34005638674962757,9.378613053711188,2.2803060777532753,1,Tier2
0.503237403877222,-1.3172824933000147,-4.820569011660514,1.2647585342002352,3.153905920460727,-1.1044629852690435,4.556984004291671,0.5263731095253704,1,Tier3
1.0825103927622437,1.0117051543565871,-0.48018522704348976,-0.9736751496838953,1.1771582419133655,-2.3064753027961182,-1.6189751423820364,-0.492095875294575,1,Tier3
-0.6638895056131665,1.2805486504794836,1.1668438496857574,-0.3034452111971342,-0.5874086236815019,-0.14088403188538612,-1.3988152570378887,0.41857159336975247,0,Tier2
-0.23801962011695701,-0.26913010494705714,-2.5447394860675736,-1.0049670635156835,0.5314666804328687,-0.6811885722261524,1.1680662524105907,1.7484600644574824,1,Tier2
-2.1753814320391736,1.7580051201195248,0.3215667440078174,-0.7290196019728328,1.839513722909923,-0.017674068897051365,-0.27730641002647305,-0.5749808636766645,0,Tier1
0.4497284755061113,-0.4770514034623914,-0.5825476769144271,-0.5061851760097165,-0.9455296338123076,1.891313387116076,1.4318506097988526,1.756017764366427,0,Tier3
-0.7975065804790082,1.8398471036167874,2.5638179407585904,-1.1313451336149822,0.11805728671833682,-1.4598337289041612,-3.824363580177903,-1.6950084493060777,1,Tier2
-1.662199495723507,2.2231099210974605,2.458126869520405,-0.9460380994872084,0.6092827846027258,-0.325271822217138,-2.6763586376065804,-1.3460819770215338,0,Tier2
0.3875279582421452,1.4087181952398855,1.178014751062006,-2.4886329519097723,-2.7202995045320444,-1.5866314458174031,-4.164197887480022,2.1454962102397372,0,Tier3
0.5427958505501123,1.4371389219906225,1.125285633055607,-0.39670636411941906,-1.3301529231955473,-1.6593739937532868,-2.7453807025895225,0.8226625248330314,0,Tier3
1.525591152789017,-0.774520252460063,-0.6382044443922628,-0.655327451836522,2.293011773809153,-2.9358998298885672,-1.4784396114326848,-3.2092552266345713,1,Tier3
0.0006268318364188177,1.1814602484174554,2.0713282370887054,0.582443997308175,-0.7810786771159981,-0.07334793429782782,-1.6629413782171159,-0.43527913259246853,1,Tier2
-0.08556184173385854,-0.24264961812370278,-2.8480608023840426,-2.369240163712571,3.4399011170543323,-2.1296762628070187,0.2907485505679177,-1.205470579480219,1,Tier2
-0.836851563487394,3.0962379518868417,-0.5751985521295226,1.3637530294633584,2.741572773901866,0.557669762838549,2.165560431249078,0.8579945461557883,0,Tier2
1.2299774604644524,0.2585007503136507,-1.0020051018374834,-0.8473199465057297,0.6983994529377537,-1.413560579536035,-0.5403681918489203,0.1595173327171333,1,Tier3
0.3780156477602202,3.3575843278043638,1.7406970683161744,-2.6536286404909752,0.6453543122298258,0.23852434441675996,-2.5890601912079543,0.5997238019881852,1,Tier3
0.4188669269168215,0.47947051849569833,-0.048818702327476204,-0.9178377810576059,-1.1933271934635656,-1.747136225547116,-2.065030161280731,1.0714524250071027,0,Tier3
-0.1553415541160091,2.47945645334305,1.253084059109503,-3.3118594347132104,2.6823403953507947,-0.6139402763452495,-2.671715892375019,-1.920273771389117,0,Tier2
1.1090074365548068,-0.2790544198018081,-0.8809635838072876,-1.158841273160685,-1.2037217634529103,-1.1116466684821666,-1.0098845418734967,1.5120752944325502,0,Tier3
1.369936719868268,2.0457153978828524,1.4180852050884813,-0.4683294093168997,0.4315631154187449,-0.1798500372587365,-1.5019600274638725,-0.17573418419748976,0,Tier3
-0.6275716804230591,0.058593572394432636,-0.47506631591804394,-2.328188342786105,-1.4290634686803112,-0.07322889568183788,-1.2346250980206503,1.9564301789253866,0,Tier2
0.028666540368652703,-2.092432227925169,-3.5945069625480306,2.7870645800595133,2.2356811202468214,1.6713774162841935,6.265277173911692,0.32812736881757143,1,Tier2
1.3768376228188624,0.5640931761786697,0.01796148934049291,-2.2598351090134767,-1.0662508473683798,0.2813090384414112,-1.2622829669225222,1.6411854860417332,0,Tier3
0.24991899402434054,-2.4492991126413104,-2.6486405878526784,1.2615428562094828,2.5517020870970217,3.344058414793117,6.042539584048573,-0.7339044045854206,1,Tier3
0.5431751897660483,2.0944588883418755,0.7867791773783703,-1.3751569772103591,0.9706925069414244,0.19473159448037802,-1.0534849563493291,0.15173896969551492,1,Tier3
0.873738818091332,-1.2594556832197163,-1.7314679171976297,0.673302105231462,0.005190160285749257,2.3921899034633465,3.6207842411947926,1.5153597723549748,1,Tier3
1.0250593926252292,-1.5245106873907786,-4.923523202236977,2.6879257365657416,2.456314476125643,-0.007777335626143245,6.061639956845848,1.4805968436353074,1,Tier3
0.9123865736422752,3.0694517031814454,0.7974108856681665,2.215658766582632,1.623324479336028,-0.18131677664572043,0.6684175770895842,0.20188691550077165,0,Tier3
-0.560191180674306,1.0949158458306003,2.3025872033829087,0.757128887829444,-1.2556236380613846,0.1574751297876762,-1.6951104997205337,-0.221837034431403,1,Tier2
-1.617554530930328,2.630373708459974,1.1255328444012465,-2.4498304421680865,0.317553841184547,-0.5383477381353583,-2.623022089890504,0.6710830740577047,1,Tier2
1.1210763684490113,0.33036493220984287,0.06161706817882595,0.6694116966957204,-0.8557174604852227,0.74901954990268,0.6558209387096451,1.3028403570457299,0,Tier3
-0.6936967170887008,2.5713157921141825,1.8245972336274254,-2.1381015913081827,0.5313347119684452,-0.9133266793550375,-3.261236538270392,-0.4653369507152767,1,Tier2
-1.0099957354457663,1.8146500521060767,1.1666307003772352,-0.5751705530124462,-0.0869488235845346,-1.3041363804313915,-2.3203715420537505,0.021252508440576023,0,Tier2
1.0213997688818381,3.4519001820651614,-0.09851886968695545,1.2581224316702802,1.3318421048021953,0.2395053582672505,1.1336298369487654,1.9342945882194487,0,Tier3
-1.57640980780968,-0.7448298922878198,-1.5011434632678378,-3.389268429109515,0.7657382117995479,1.6277027884113928,0.8794666766969566,0.7777855073184167,0,Tier2
0.35203911000761784,2.8067603115678983,1.0862274799375382,-1.588461305809195,2.774348711673459,-0.8608400373433223,-1.8033489463376058,-1.643531505561421,0,Tier3
0.05113416662288371,0.05086272714524409,-0.7968094023855284,-0.9298841793413417,1.1051821064342318,-1.5719247596623078,-0.7682747064520232,-0.692417279163297,1,Tier2
-0.3636101362420109,-0.504719657713115,-1.128717289898834,-2.0516944418809606,-1.3085326704169336,-0.8007971259350447,-1.0600906896786675,1.7926851315042656,0,Tier2
-1.542445083515727,1.046694717247851,1.059781404203719,-0.1128316139199309,-0.17800457480095377,0.19200797041716045,-0.8543520789818401,0.03466354247941217,1,Tier2
-0.6535504696058138,2.3503716111131543,1.8597356770791325,0.40176653076174906,0.16720016184752895,-1.932506627041418,-2.804258887017561,-0.7124358179121533,0,Tier2
-1.9935783824291238,-0.25740169590591133,-1.1747592063559213,-4.299762772293517,-1.3738720055954046,-0.3673359066080907,-1.90100451923501,2.2955580230412,0,Tier1
1.223610737986763,-1.0664988956808765,-1.0753346424936634,-0.2931552398747961,-0.44198935069754364,3.1847799018705683,3.0640751274847022,1.696087538556406,1,Tier3
-0.5148659103564028,-1.2778992773870224,-3.5580406466608636,0.29078739468324255,2.461143182303716,0.09219754480736897,3.7534767126890856,0.296515638420799,1,Tier2
0.1697713998342717,0.7755719495261671,0.5958029631287605,-0.5461231904880266,-1.8014035301635736,-0.24820304038874386,-1.4142566184634002,1.7319471709581786,0,Tier3
-0.16363299564993505,-3.0191976574658486,-5.067541613407215,3.570623114362437,2.9047989146895627,1.2508861028183764,7.750228680058019,0.2788677127347303,1,Tier2
1.0659097871516237,1.716160984229444,1.0626746967312,-2.2475338736136012,-1.047731114969234,-1.1772473739293388,-3.245105652512583,1.0437521153860574,0,Tier3
0.3019073715335394,-2.596353018882929,-5.339478918481563,2.162333939589846,1.978920956304909,1.6481798417781675,7.298646312447056,1.9962506703565635,1,Tier3
0.15219377980108464,0.659677501489164,0.016419672372645966,-2.482585434681881,1.4225604029609462,-0.23148111647656133,-1.1782552637330237,-0.8672217539628968,0,Tier3
-0.600381390512336,1.2079203520459725,-1.822213220594425,-1.8376605987280277,3.375655753822859,1.6188528310240233,2.511499421220157,0.2873786923165187,0,Tier2
-1.7315569899670584,0.7799737903433286,0.47848598460720015,0.16650546266345256,0.05218726397737583,-0.026161435565258073,-0.3347598683970306,0.11908177104790707,1,Tier1
-0.6803345111790656,3.5747242757139803,0.915582967058451,-1.2922870740703778,1.507559045418064,0.7622749679996308,-0.603575799921934,0.9916477308227469,0,Tier2
-0.5649990232431683,-1.5799186638166396,-2.4004297966344095,0.6205658545992727,0.6456637871498789,1.9231012690414218,3.94626121298765,1.1662054757931695,1,Tier2
-0.7389766845937729,0.3397151049806355,-0.10580680524858344,-0.982418434993961,-1.9174906566049439,-2.4645193901908033,-2.7635482122712034,1.4768821263916356,0,Tier2
1.0336471776787366,0.34897250983354544,-0.04457325573826876,-0.7019909350123261,-1.5703248775884986,-0.5486286388919249,-1.1326721216248496,1.7145650915001616,0,Tier3
1.2335506973690682,0.7844301865668647,0.19396639654397263,-0.9114873545084003,1.4261600280980473,-1.27030809591709,-1.2858766670306119,-1.3135517907440386,1,Tier3
0.8687260250438161,1.9137732837599926,1.3355783323368995,0.733691383006154,-0.0757459662745219,-3.1949777278727685,-3.2017256893454697,-0.7261374952800486,0,Tier3
-0.4569525571435672,2.969701182158326,2.4005143383748253,0.07325188179047792,0.06606709943838673,-1.403319328865643,-3.061368561826397,-0.4625732912668883,0,Tier2
0.313883772123974,3.5203518240965037,-2.9078814372699937,-5.419140225796049,4.185013067921966,0.15682341074343897,0.5258549484071748,2.2666542563707344,1,Tier3
0.1324149765536345,-0.5060208906159778,-0.2413804230295602,0.3120570792968693,0.9626840110674579,-1.3657916275437714,-0.42850938939811833,-1.5873903901250896,1,Tier3
-1.6400976219083032,1.8851606649517376,3.286016675298365,-0.20348065461223852,-1.1682415624495137,0.11813297068456285,-3.037657297816586,-0.6588436485660465,1,Tier2
0.7847740305269084,3.134384879929608,-0.06362769456159056,-3.0515881381859553,1.9024522986271681,0.46210193777979947,-0.8499093766877608,1.183441608419138,1,Tier3
0.11976998154074835,0.25317781832822317,-2.241058021350954,-1.0800784228203515,0.35055139356720355,-0.9219885125414511,0.6389139958275919,1.9845813556959275,1,Tier3
1.138935820977949,-1.8688459921978664,-2.571406029026795,1.0213528031909649,0.15027911042027364,3.3300720785076874,5.253774380399319,2.0385995507547108,1,Tier3
-1.9617708151754156,-1.2799926725666904,-2.064273826640779,1.7120260128738316,1.2936535903360535,0.8953231545755901,3.6126142706281437,0.08667866525930978,1,Tier1
0.49738208669202055,-0.7370130975005993,-0.9162296638178802,1.268837342852306,-1.512697565435011,-0.6741638328028217,0.5692230628379897,1.5615926139287193,0,Tier3
0.5916247232846588,0.2583370277731789,-0.022723893445617704,0.4220867008301221,-0.20238711999702308,1.313316619929055,1.179350187356613,0.8824210574383734,0,Tier3
-0.5358206557192421,2.7752421384450914,2.504302616926892,-0.8762878043854169,-1.4275653112194973,-1.4367523473710195,-4.020273634296751,0.7105545546844276,0,Tier2
-1.6721490355238497,-0.060270077547413425,-2.256582794672794,0.7384521513840957,1.28835114569848,-0.7844328807760803,1.9457960215886725,0.8328607966908133,1,Tier2
-0.13685192852986058,0.2253308760303605,-1.4809224676881807,-1.3002243584702902,2.0119293799307068,-1.0851487526635017,0.17421680303949372,-0.5244506662825661,1,Tier2
